syntax_score,grammar_accuracy_score,sentence_completion_score,judge_rubric_mos,reasoning,filename
2.581,3.683,5.0,3.505,"Judge evaluation: Evaluated 101 words across 9 sentences. Syntax depth ratio=0.24 (Syntax: 2.58), Lexical sophistication index=6.77 with error density=0.035 (Grammar: 3.68), Sentence completion=5.00. Overall continuous rubric MOS verdict: 3.51.",audio_192.wav
3.177,2.711,5.0,3.355,"Judge evaluation: Evaluated 119 words across 5 sentences. Syntax depth ratio=0.48 (Syntax: 3.18), Lexical sophistication index=5.13 with error density=0.034 (Grammar: 2.71), Sentence completion=5.00. Overall continuous rubric MOS verdict: 3.36.",audio_436.wav
2.568,3.574,5.0,3.457,"Judge evaluation: Evaluated 147 words across 12 sentences. Syntax depth ratio=0.20 (Syntax: 2.57), Lexical sophistication index=6.35 with error density=0.017 (Grammar: 3.57), Sentence completion=5.00. Overall continuous rubric MOS verdict: 3.46.",audio_447.wav
3.201,2.885,5.0,3.434,"Judge evaluation: Evaluated 101 words across 6 sentences. Syntax depth ratio=0.80 (Syntax: 3.20), Lexical sophistication index=4.98 with error density=0.000 (Grammar: 2.89), Sentence completion=5.00. Overall continuous rubric MOS verdict: 3.43.",audio_126.wav
3.553,2.646,5.0,3.48,"Judge evaluation: Evaluated 73 words across 3 sentences. Syntax depth ratio=0.90 (Syntax: 3.55), Lexical sophistication index=5.03 with error density=0.034 (Grammar: 2.65), Sentence completion=5.00. Overall continuous rubric MOS verdict: 3.48.",audio_61.wav
2.893,3.737,5.0,3.652,"Judge evaluation: Evaluated 91 words across 7 sentences. Syntax depth ratio=0.56 (Syntax: 2.89), Lexical sophistication index=6.39 with error density=0.000 (Grammar: 3.74), Sentence completion=5.00. Overall continuous rubric MOS verdict: 3.65.",audio_639.wav
2.545,3.935,4.364,3.465,"Judge evaluation: Evaluated 85 words across 11 sentences. Syntax depth ratio=0.34 (Syntax: 2.54), Lexical sophistication index=6.72 with error density=0.000 (Grammar: 3.93), Sentence completion=4.36. Overall continuous rubric MOS verdict: 3.46.",audio_703.wav
2.564,4.138,5.0,3.681,"Judge evaluation: Evaluated 131 words across 12 sentences. Syntax depth ratio=0.25 (Syntax: 2.56), Lexical sophistication index=7.16 with error density=0.008 (Grammar: 4.14), Sentence completion=5.00. Overall continuous rubric MOS verdict: 3.68.",audio_509.wav
2.89,3.75,5.0,3.656,"Judge evaluation: Evaluated 119 words across 8 sentences. Syntax depth ratio=0.49 (Syntax: 2.89), Lexical sophistication index=6.42 with error density=0.000 (Grammar: 3.75), Sentence completion=5.00. Overall continuous rubric MOS verdict: 3.66.",audio_672.wav
3.121,3.755,5.0,3.75,"Judge evaluation: Evaluated 112 words across 7 sentences. Syntax depth ratio=0.73 (Syntax: 3.12), Lexical sophistication index=6.43 with error density=0.000 (Grammar: 3.76), Sentence completion=5.00. Overall continuous rubric MOS verdict: 3.75.",audio_344.wav
3.573,4.426,5.0,4.2,"Judge evaluation: Evaluated 124 words across 4 sentences. Syntax depth ratio=0.68 (Syntax: 3.57), Lexical sophistication index=7.54 with error density=0.000 (Grammar: 4.43), Sentence completion=5.00. Overall continuous rubric MOS verdict: 4.20.",audio_592.wav
2.639,3.499,5.0,3.455,"Judge evaluation: Evaluated 112 words across 6 sentences. Syntax depth ratio=0.00 (Syntax: 2.64), Lexical sophistication index=6.24 with error density=0.018 (Grammar: 3.50), Sentence completion=5.00. Overall continuous rubric MOS verdict: 3.46.",audio_705.wav
2.897,3.641,5.0,3.615,"Judge evaluation: Evaluated 75 words across 5 sentences. Syntax depth ratio=0.48 (Syntax: 2.90), Lexical sophistication index=6.24 with error density=0.000 (Grammar: 3.64), Sentence completion=5.00. Overall continuous rubric MOS verdict: 3.62.",audio_497.wav
3.043,3.415,5.0,3.583,"Judge evaluation: Evaluated 98 words across 6 sentences. Syntax depth ratio=0.62 (Syntax: 3.04), Lexical sophistication index=5.86 with error density=0.000 (Grammar: 3.42), Sentence completion=5.00. Overall continuous rubric MOS verdict: 3.58.",audio_702.wav
3.698,4.134,5.0,4.133,"Judge evaluation: Evaluated 135 words across 4 sentences. Syntax depth ratio=0.68 (Syntax: 3.70), Lexical sophistication index=7.06 with error density=0.000 (Grammar: 4.13), Sentence completion=5.00. Overall continuous rubric MOS verdict: 4.13.",audio_598.wav
3.603,3.208,5.0,3.724,"Judge evaluation: Evaluated 79 words across 4 sentences. Syntax depth ratio=1.15 (Syntax: 3.60), Lexical sophistication index=5.51 with error density=0.000 (Grammar: 3.21), Sentence completion=5.00. Overall continuous rubric MOS verdict: 3.72.",audio_99.wav
2.883,2.702,5.0,3.234,"Judge evaluation: Evaluated 53 words across 2 sentences. Syntax depth ratio=0.00 (Syntax: 2.88), Lexical sophistication index=4.67 with error density=0.000 (Grammar: 2.70), Sentence completion=5.00. Overall continuous rubric MOS verdict: 3.23.",audio_194.wav
1.0,1.0,1.0,1.0,Fragmentary utterance with insufficient grammatical structure.,audio_5055.wav
2.217,3.244,5.0,3.184,"Judge evaluation: Evaluated 101 words across 16 sentences. Syntax depth ratio=0.00 (Syntax: 2.22), Lexical sophistication index=5.77 with error density=0.015 (Grammar: 3.24), Sentence completion=5.00. Overall continuous rubric MOS verdict: 3.18.",audio_178.wav
4.83,3.86,5.0,4.476,"Judge evaluation: Evaluated 101 words across 2 sentences. Syntax depth ratio=1.35 (Syntax: 4.83), Lexical sophistication index=6.67 with error density=0.005 (Grammar: 3.86), Sentence completion=5.00. Overall continuous rubric MOS verdict: 4.48.",audio_609.wav
4.485,3.319,5.0,4.122,"Judge evaluation: Evaluated 94 words across 4 sentences. Syntax depth ratio=2.08 (Syntax: 4.49), Lexical sophistication index=5.98 with error density=0.021 (Grammar: 3.32), Sentence completion=5.00. Overall continuous rubric MOS verdict: 4.12.",audio_77.wav
4.118,3.602,5.0,4.088,"Judge evaluation: Evaluated 101 words across 4 sentences. Syntax depth ratio=1.57 (Syntax: 4.12), Lexical sophistication index=6.17 with error density=0.000 (Grammar: 3.60), Sentence completion=5.00. Overall continuous rubric MOS verdict: 4.09.",audio_18.wav
2.655,3.005,5.0,3.264,"Judge evaluation: Evaluated 79 words across 7 sentences. Syntax depth ratio=0.34 (Syntax: 2.66), Lexical sophistication index=5.18 with error density=0.000 (Grammar: 3.01), Sentence completion=5.00. Overall continuous rubric MOS verdict: 3.26.",audio_9.wav
2.887,3.15,5.0,3.415,"Judge evaluation: Evaluated 63 words across 6 sentences. Syntax depth ratio=0.65 (Syntax: 2.89), Lexical sophistication index=5.42 with error density=0.000 (Grammar: 3.15), Sentence completion=5.00. Overall continuous rubric MOS verdict: 3.41.",audio_138.wav
2.362,3.073,5.0,3.174,"Judge evaluation: Evaluated 112 words across 14 sentences. Syntax depth ratio=0.11 (Syntax: 2.36), Lexical sophistication index=5.76 with error density=0.036 (Grammar: 3.07), Sentence completion=5.00. Overall continuous rubric MOS verdict: 3.17.",audio_269.wav
3.589,3.719,5.0,3.923,"Judge evaluation: Evaluated 99 words across 5 sentences. Syntax depth ratio=1.12 (Syntax: 3.59), Lexical sophistication index=6.43 with error density=0.005 (Grammar: 3.72), Sentence completion=5.00. Overall continuous rubric MOS verdict: 3.92.",audio_717.wav
3.234,4.239,5.0,3.989,"Judge evaluation: Evaluated 128 words across 10 sentences. Syntax depth ratio=0.98 (Syntax: 3.23), Lexical sophistication index=7.34 with error density=0.008 (Grammar: 4.24), Sentence completion=5.00. Overall continuous rubric MOS verdict: 3.99.",audio_529.wav
2.506,4.113,5.0,3.648,"Judge evaluation: Evaluated 164 words across 11 sentences. Syntax depth ratio=0.00 (Syntax: 2.51), Lexical sophistication index=7.18 with error density=0.012 (Grammar: 4.11), Sentence completion=5.00. Overall continuous rubric MOS verdict: 3.65.",audio_578.wav
2.386,3.334,5.0,3.288,"Judge evaluation: Evaluated 90 words across 13 sentences. Syntax depth ratio=0.18 (Syntax: 2.39), Lexical sophistication index=5.80 with error density=0.006 (Grammar: 3.33), Sentence completion=5.00. Overall continuous rubric MOS verdict: 3.29.",audio_171.wav
3.289,4.409,5.0,4.079,"Judge evaluation: Evaluated 122 words across 6 sentences. Syntax depth ratio=0.75 (Syntax: 3.29), Lexical sophistication index=7.51 with error density=0.000 (Grammar: 4.41), Sentence completion=5.00. Overall continuous rubric MOS verdict: 4.08.",audio_596.wav
4.258,1.153,5.0,3.165,"Judge evaluation: Evaluated 265 words across 4 sentences. Syntax depth ratio=0.00 (Syntax: 4.26), Lexical sophistication index=2.09 with error density=0.000 (Grammar: 1.15), Sentence completion=5.00. Overall continuous rubric MOS verdict: 3.16.",audio_5066.wav
4.725,2.711,5.0,3.974,"Judge evaluation: Evaluated 135 words across 4 sentences. Syntax depth ratio=2.00 (Syntax: 4.72), Lexical sophistication index=4.73 with error density=0.004 (Grammar: 2.71), Sentence completion=5.00. Overall continuous rubric MOS verdict: 3.97.",audio_501.wav
4.613,2.922,5.0,4.014,"Judge evaluation: Evaluated 92 words across 2 sentences. Syntax depth ratio=1.35 (Syntax: 4.61), Lexical sophistication index=5.11 with error density=0.005 (Grammar: 2.92), Sentence completion=5.00. Overall continuous rubric MOS verdict: 4.01.",audio_8.wav
2.57,3.334,5.0,3.362,"Judge evaluation: Evaluated 90 words across 7 sentences. Syntax depth ratio=0.17 (Syntax: 2.57), Lexical sophistication index=5.80 with error density=0.006 (Grammar: 3.33), Sentence completion=5.00. Overall continuous rubric MOS verdict: 3.36.",audio_84.wav
2.592,2.645,5.0,3.095,"Judge evaluation: Evaluated 69 words across 4 sentences. Syntax depth ratio=0.00 (Syntax: 2.59), Lexical sophistication index=4.57 with error density=0.000 (Grammar: 2.64), Sentence completion=5.00. Overall continuous rubric MOS verdict: 3.09.",audio_11.wav
2.411,2.258,5.0,2.868,"Judge evaluation: Evaluated 37 words across 3 sentences. Syntax depth ratio=0.00 (Syntax: 2.41), Lexical sophistication index=4.11 with error density=0.014 (Grammar: 2.26), Sentence completion=5.00. Overall continuous rubric MOS verdict: 2.87.",audio_142.wav
2.543,3.826,5.0,3.548,"Judge evaluation: Evaluated 108 words across 7 sentences. Syntax depth ratio=0.00 (Syntax: 2.54), Lexical sophistication index=6.54 with error density=0.000 (Grammar: 3.83), Sentence completion=5.00. Overall continuous rubric MOS verdict: 3.55.",audio_610.wav
3.02,3.587,5.0,3.643,"Judge evaluation: Evaluated 103 words across 5 sentences. Syntax depth ratio=0.40 (Syntax: 3.02), Lexical sophistication index=6.40 with error density=0.019 (Grammar: 3.59), Sentence completion=5.00. Overall continuous rubric MOS verdict: 3.64.",audio_654.wav
4.281,3.887,5.0,4.267,"Judge evaluation: Evaluated 154 words across 8 sentences. Syntax depth ratio=2.01 (Syntax: 4.28), Lexical sophistication index=6.69 with error density=0.003 (Grammar: 3.89), Sentence completion=5.00. Overall continuous rubric MOS verdict: 4.27.",audio_170.wav
2.547,3.76,5.0,3.523,"Judge evaluation: Evaluated 82 words across 5 sentences. Syntax depth ratio=0.00 (Syntax: 2.55), Lexical sophistication index=6.52 with error density=0.006 (Grammar: 3.76), Sentence completion=5.00. Overall continuous rubric MOS verdict: 3.52.",audio_255.wav
3.284,3.06,5.0,3.537,"Judge evaluation: Evaluated 96 words across 5 sentences. Syntax depth ratio=0.78 (Syntax: 3.28), Lexical sophistication index=5.61 with error density=0.026 (Grammar: 3.06), Sentence completion=5.00. Overall continuous rubric MOS verdict: 3.54.",audio_162.wav
3.133,1.0,5.0,2.653,"Judge evaluation: Evaluated 217 words across 7 sentences. Syntax depth ratio=0.00 (Syntax: 3.13), Lexical sophistication index=0.95 with error density=0.000 (Grammar: 1.00), Sentence completion=5.00. Overall continuous rubric MOS verdict: 2.65.",audio_5069.wav
2.708,3.152,5.0,3.344,"Judge evaluation: Evaluated 103 words across 8 sentences. Syntax depth ratio=0.34 (Syntax: 2.71), Lexical sophistication index=5.42 with error density=0.000 (Grammar: 3.15), Sentence completion=5.00. Overall continuous rubric MOS verdict: 3.34.",audio_769.wav
3.065,3.946,5.0,3.804,"Judge evaluation: Evaluated 127 words across 7 sentences. Syntax depth ratio=0.56 (Syntax: 3.06), Lexical sophistication index=6.74 with error density=0.000 (Grammar: 3.95), Sentence completion=5.00. Overall continuous rubric MOS verdict: 3.80.",audio_720.wav
5.0,3.185,5.0,4.274,"Judge evaluation: Evaluated 101 words across 5 sentences. Syntax depth ratio=3.28 (Syntax: 5.00), Lexical sophistication index=5.87 with error density=0.030 (Grammar: 3.18), Sentence completion=5.00. Overall continuous rubric MOS verdict: 4.27.",audio_623.wav
2.537,3.56,5.0,3.439,"Judge evaluation: Evaluated 100 words across 9 sentences. Syntax depth ratio=0.17 (Syntax: 2.54), Lexical sophistication index=6.10 with error density=0.000 (Grammar: 3.56), Sentence completion=5.00. Overall continuous rubric MOS verdict: 3.44.",audio_718.wav
2.378,3.606,5.0,3.394,"Judge evaluation: Evaluated 66 words across 6 sentences. Syntax depth ratio=0.00 (Syntax: 2.38), Lexical sophistication index=6.28 with error density=0.008 (Grammar: 3.61), Sentence completion=5.00. Overall continuous rubric MOS verdict: 3.39.",audio_136.wav
3.105,3.364,5.0,3.588,"Judge evaluation: Evaluated 75 words across 4 sentences. Syntax depth ratio=0.60 (Syntax: 3.10), Lexical sophistication index=5.77 with error density=0.000 (Grammar: 3.36), Sentence completion=5.00. Overall continuous rubric MOS verdict: 3.59.",audio_119.wav
4.747,3.007,5.0,4.102,"Judge evaluation: Evaluated 112 words across 2 sentences. Syntax depth ratio=1.10 (Syntax: 4.75), Lexical sophistication index=5.95 with error density=0.058 (Grammar: 3.01), Sentence completion=5.00. Overall continuous rubric MOS verdict: 4.10.",audio_542.wav
2.605,2.532,5.0,3.055,"Judge evaluation: Evaluated 159 words across 19 sentences. Syntax depth ratio=0.39 (Syntax: 2.61), Lexical sophistication index=5.39 with error density=0.075 (Grammar: 2.53), Sentence completion=5.00. Overall continuous rubric MOS verdict: 3.05.",audio_5073.wav
4.402,3.542,5.0,4.178,"Judge evaluation: Evaluated 101 words across 3 sentences. Syntax depth ratio=1.60 (Syntax: 4.40), Lexical sophistication index=6.07 with error density=0.000 (Grammar: 3.54), Sentence completion=5.00. Overall continuous rubric MOS verdict: 4.18.",audio_322.wav
2.467,2.52,5.0,2.995,"Judge evaluation: Evaluated 38 words across 3 sentences. Syntax depth ratio=0.00 (Syntax: 2.47), Lexical sophistication index=4.54 with error density=0.013 (Grammar: 2.52), Sentence completion=5.00. Overall continuous rubric MOS verdict: 2.99.",audio_5039.wav
3.988,3.715,5.0,4.081,"Judge evaluation: Evaluated 107 words across 4 sentences. Syntax depth ratio=1.35 (Syntax: 3.99), Lexical sophistication index=6.67 with error density=0.023 (Grammar: 3.72), Sentence completion=5.00. Overall continuous rubric MOS verdict: 4.08.",audio_707.wav
4.17,3.825,5.0,4.198,"Judge evaluation: Evaluated 135 words across 4 sentences. Syntax depth ratio=1.27 (Syntax: 4.17), Lexical sophistication index=6.54 with error density=0.000 (Grammar: 3.82), Sentence completion=5.00. Overall continuous rubric MOS verdict: 4.20.",audio_148.wav
4.327,3.245,5.0,4.029,"Judge evaluation: Evaluated 87 words across 3 sentences. Syntax depth ratio=1.70 (Syntax: 4.33), Lexical sophistication index=5.57 with error density=0.000 (Grammar: 3.24), Sentence completion=5.00. Overall continuous rubric MOS verdict: 4.03.",audio_316.wav
3.497,3.757,5.0,3.901,"Judge evaluation: Evaluated 122 words across 4 sentences. Syntax depth ratio=0.60 (Syntax: 3.50), Lexical sophistication index=6.43 with error density=0.000 (Grammar: 3.76), Sentence completion=5.00. Overall continuous rubric MOS verdict: 3.90.",audio_647.wav
3.024,3.871,5.0,3.758,"Judge evaluation: Evaluated 123 words across 9 sentences. Syntax depth ratio=0.68 (Syntax: 3.02), Lexical sophistication index=6.67 with error density=0.004 (Grammar: 3.87), Sentence completion=5.00. Overall continuous rubric MOS verdict: 3.76.",audio_286.wav
4.07,2.999,5.0,3.828,"Judge evaluation: Evaluated 90 words across 4 sentences. Syntax depth ratio=1.65 (Syntax: 4.07), Lexical sophistication index=5.17 with error density=0.000 (Grammar: 3.00), Sentence completion=5.00. Overall continuous rubric MOS verdict: 3.83.",audio_92.wav
2.86,3.674,5.0,3.613,"Judge evaluation: Evaluated 88 words across 6 sentences. Syntax depth ratio=0.45 (Syntax: 2.86), Lexical sophistication index=6.29 with error density=0.000 (Grammar: 3.67), Sentence completion=5.00. Overall continuous rubric MOS verdict: 3.61.",audio_462.wav
3.214,4.497,5.0,4.085,"Judge evaluation: Evaluated 101 words across 6 sentences. Syntax depth ratio=0.82 (Syntax: 3.21), Lexical sophistication index=7.66 with error density=0.000 (Grammar: 4.50), Sentence completion=5.00. Overall continuous rubric MOS verdict: 4.08.",audio_376.wav
2.693,3.472,5.0,3.466,"Judge evaluation: Evaluated 80 words across 5 sentences. Syntax depth ratio=0.20 (Syntax: 2.69), Lexical sophistication index=6.04 with error density=0.006 (Grammar: 3.47), Sentence completion=5.00. Overall continuous rubric MOS verdict: 3.47.",audio_76.wav
4.447,2.284,5.0,3.692,"Judge evaluation: Evaluated 68 words across 3 sentences. Syntax depth ratio=2.10 (Syntax: 4.45), Lexical sophistication index=4.37 with error density=0.029 (Grammar: 2.28), Sentence completion=5.00. Overall continuous rubric MOS verdict: 3.69.",audio_105.wav
2.777,3.453,5.0,3.492,"Judge evaluation: Evaluated 63 words across 6 sentences. Syntax depth ratio=0.53 (Syntax: 2.78), Lexical sophistication index=5.92 with error density=0.000 (Grammar: 3.45), Sentence completion=5.00. Overall continuous rubric MOS verdict: 3.49.",audio_355.wav
3.267,3.545,5.0,3.725,"Judge evaluation: Evaluated 79 words across 4 sentences. Syntax depth ratio=0.75 (Syntax: 3.27), Lexical sophistication index=6.08 with error density=0.000 (Grammar: 3.55), Sentence completion=5.00. Overall continuous rubric MOS verdict: 3.72.",audio_663.wav
5.0,3.41,5.0,4.364,"Judge evaluation: Evaluated 116 words across 3 sentences. Syntax depth ratio=4.60 (Syntax: 5.00), Lexical sophistication index=5.85 with error density=0.000 (Grammar: 3.41), Sentence completion=5.00. Overall continuous rubric MOS verdict: 4.36.",audio_767.wav
3.392,3.758,5.0,3.86,"Judge evaluation: Evaluated 96 words across 6 sentences. Syntax depth ratio=1.07 (Syntax: 3.39), Lexical sophistication index=6.43 with error density=0.000 (Grammar: 3.76), Sentence completion=5.00. Overall continuous rubric MOS verdict: 3.86.",audio_655.wav
2.981,3.754,5.0,3.694,"Judge evaluation: Evaluated 118 words across 6 sentences. Syntax depth ratio=0.40 (Syntax: 2.98), Lexical sophistication index=6.54 with error density=0.008 (Grammar: 3.75), Sentence completion=5.00. Overall continuous rubric MOS verdict: 3.69.",audio_372.wav
2.956,4.319,5.0,3.91,"Judge evaluation: Evaluated 129 words across 7 sentences. Syntax depth ratio=0.39 (Syntax: 2.96), Lexical sophistication index=7.57 with error density=0.016 (Grammar: 4.32), Sentence completion=5.00. Overall continuous rubric MOS verdict: 3.91.",audio_667.wav
3.847,2.53,5.0,3.551,"Judge evaluation: Evaluated 91 words across 4 sentences. Syntax depth ratio=1.35 (Syntax: 3.85), Lexical sophistication index=5.56 with error density=0.088 (Grammar: 2.53), Sentence completion=5.00. Overall continuous rubric MOS verdict: 3.55.",audio_517.wav
3.435,4.203,5.0,4.055,"Judge evaluation: Evaluated 98 words across 5 sentences. Syntax depth ratio=0.96 (Syntax: 3.43), Lexical sophistication index=7.17 with error density=0.000 (Grammar: 4.20), Sentence completion=5.00. Overall continuous rubric MOS verdict: 4.06.",audio_765.wav
4.923,2.654,5.0,4.031,"Judge evaluation: Evaluated 85 words across 2 sentences. Syntax depth ratio=1.80 (Syntax: 4.92), Lexical sophistication index=5.53 with error density=0.071 (Grammar: 2.65), Sentence completion=5.00. Overall continuous rubric MOS verdict: 4.03.",audio_38.wav
2.924,3.99,5.0,3.766,"Judge evaluation: Evaluated 125 words across 10 sentences. Syntax depth ratio=0.63 (Syntax: 2.92), Lexical sophistication index=6.98 with error density=0.012 (Grammar: 3.99), Sentence completion=5.00. Overall continuous rubric MOS verdict: 3.77.",audio_371.wav
4.0,2.92,5.0,3.768,"Judge evaluation: Evaluated 96 words across 4 sentences. Syntax depth ratio=1.50 (Syntax: 4.00), Lexical sophistication index=5.10 with error density=0.005 (Grammar: 2.92), Sentence completion=5.00. Overall continuous rubric MOS verdict: 3.77.",audio_507.wav
2.406,1.0,5.0,2.362,"Judge evaluation: Evaluated 84 words across 10 sentences. Syntax depth ratio=0.12 (Syntax: 2.41), Lexical sophistication index=1.64 with error density=0.476 (Grammar: 1.00), Sentence completion=5.00. Overall continuous rubric MOS verdict: 2.36.",audio_5056.wav
3.17,3.797,5.0,3.787,"Judge evaluation: Evaluated 112 words across 6 sentences. Syntax depth ratio=0.65 (Syntax: 3.17), Lexical sophistication index=6.61 with error density=0.009 (Grammar: 3.80), Sentence completion=5.00. Overall continuous rubric MOS verdict: 3.79.",audio_282.wav
2.782,4.159,5.0,3.776,"Judge evaluation: Evaluated 122 words across 8 sentences. Syntax depth ratio=0.34 (Syntax: 2.78), Lexical sophistication index=7.15 with error density=0.004 (Grammar: 4.16), Sentence completion=5.00. Overall continuous rubric MOS verdict: 3.78.",audio_459.wav
2.533,3.639,5.0,3.468,"Judge evaluation: Evaluated 99 words across 8 sentences. Syntax depth ratio=0.15 (Syntax: 2.53), Lexical sophistication index=6.23 with error density=0.000 (Grammar: 3.64), Sentence completion=5.00. Overall continuous rubric MOS verdict: 3.47.",audio_303.wav
3.213,3.966,5.0,3.872,"Judge evaluation: Evaluated 92 words across 6 sentences. Syntax depth ratio=0.85 (Syntax: 3.21), Lexical sophistication index=6.78 with error density=0.000 (Grammar: 3.97), Sentence completion=5.00. Overall continuous rubric MOS verdict: 3.87.",audio_297.wav
3.078,3.07,5.0,3.459,"Judge evaluation: Evaluated 102 words across 7 sentences. Syntax depth ratio=0.73 (Syntax: 3.08), Lexical sophistication index=5.54 with error density=0.020 (Grammar: 3.07), Sentence completion=5.00. Overall continuous rubric MOS verdict: 3.46.",audio_432.wav
2.851,3.0,5.0,3.341,"Judge evaluation: Evaluated 150 words across 7 sentences. Syntax depth ratio=0.17 (Syntax: 2.85), Lexical sophistication index=5.39 with error density=0.017 (Grammar: 3.00), Sentence completion=5.00. Overall continuous rubric MOS verdict: 3.34.",audio_454.wav
3.717,3.121,5.0,3.735,"Judge evaluation: Evaluated 132 words across 4 sentences. Syntax depth ratio=0.75 (Syntax: 3.72), Lexical sophistication index=5.57 with error density=0.015 (Grammar: 3.12), Sentence completion=5.00. Overall continuous rubric MOS verdict: 3.74.",audio_482.wav
2.827,3.5,5.0,3.531,"Judge evaluation: Evaluated 88 words across 5 sentences. Syntax depth ratio=0.30 (Syntax: 2.83), Lexical sophistication index=6.08 with error density=0.006 (Grammar: 3.50), Sentence completion=5.00. Overall continuous rubric MOS verdict: 3.53.",audio_484.wav
3.03,3.152,5.0,3.473,"Judge evaluation: Evaluated 98 words across 7 sentences. Syntax depth ratio=0.69 (Syntax: 3.03), Lexical sophistication index=5.56 with error density=0.010 (Grammar: 3.15), Sentence completion=5.00. Overall continuous rubric MOS verdict: 3.47.",audio_757.wav
2.544,3.433,5.0,3.391,"Judge evaluation: Evaluated 78 words across 9 sentences. Syntax depth ratio=0.30 (Syntax: 2.54), Lexical sophistication index=5.89 with error density=0.000 (Grammar: 3.43), Sentence completion=5.00. Overall continuous rubric MOS verdict: 3.39.",audio_773.wav
2.507,4.0,5.0,3.603,"Judge evaluation: Evaluated 125 words across 9 sentences. Syntax depth ratio=0.00 (Syntax: 2.51), Lexical sophistication index=6.89 with error density=0.004 (Grammar: 4.00), Sentence completion=5.00. Overall continuous rubric MOS verdict: 3.60.",audio_668.wav
3.876,3.958,4.3,3.993,"Judge evaluation: Evaluated 123 words across 5 sentences. Syntax depth ratio=1.32 (Syntax: 3.88), Lexical sophistication index=6.76 with error density=0.000 (Grammar: 3.96), Sentence completion=4.30. Overall continuous rubric MOS verdict: 3.99.",audio_240.wav
4.567,1.584,5.0,3.46,"Judge evaluation: Evaluated 86 words across 3 sentences. Syntax depth ratio=2.00 (Syntax: 4.57), Lexical sophistication index=4.74 with error density=0.145 (Grammar: 1.58), Sentence completion=5.00. Overall continuous rubric MOS verdict: 3.46.",audio_163.wav
3.959,3.75,5.0,4.083,"Judge evaluation: Evaluated 133 words across 5 sentences. Syntax depth ratio=1.34 (Syntax: 3.96), Lexical sophistication index=6.42 with error density=0.000 (Grammar: 3.75), Sentence completion=5.00. Overall continuous rubric MOS verdict: 4.08.",audio_659.wav
4.128,3.37,5.0,3.999,"Judge evaluation: Evaluated 140 words across 6 sentences. Syntax depth ratio=1.67 (Syntax: 4.13), Lexical sophistication index=5.83 with error density=0.004 (Grammar: 3.37), Sentence completion=5.00. Overall continuous rubric MOS verdict: 4.00.",audio_532.wav
3.204,3.208,5.0,3.565,"Judge evaluation: Evaluated 79 words across 7 sentences. Syntax depth ratio=1.03 (Syntax: 3.20), Lexical sophistication index=5.85 with error density=0.025 (Grammar: 3.21), Sentence completion=5.00. Overall continuous rubric MOS verdict: 3.56.",audio_464.wav
3.868,3.517,5.0,3.954,"Judge evaluation: Evaluated 107 words across 4 sentences. Syntax depth ratio=1.20 (Syntax: 3.87), Lexical sophistication index=6.09 with error density=0.005 (Grammar: 3.52), Sentence completion=5.00. Overall continuous rubric MOS verdict: 3.95.",audio_5.wav
4.645,3.293,5.0,4.175,"Judge evaluation: Evaluated 138 words across 5 sentences. Syntax depth ratio=2.14 (Syntax: 4.65), Lexical sophistication index=5.70 with error density=0.004 (Grammar: 3.29), Sentence completion=5.00. Overall continuous rubric MOS verdict: 4.18.",audio_231.wav
3.165,4.81,5.0,4.19,"Judge evaluation: Evaluated 122 words across 8 sentences. Syntax depth ratio=0.80 (Syntax: 3.17), Lexical sophistication index=8.24 with error density=0.004 (Grammar: 4.81), Sentence completion=5.00. Overall continuous rubric MOS verdict: 4.19.",audio_384.wav
5.0,3.251,5.0,4.3,"Judge evaluation: Evaluated 97 words across 1 sentences. Syntax depth ratio=2.40 (Syntax: 5.00), Lexical sophistication index=5.58 with error density=0.000 (Grammar: 3.25), Sentence completion=5.00. Overall continuous rubric MOS verdict: 4.30.",audio_54.wav
3.644,2.841,4.417,3.477,"Judge evaluation: Evaluated 103 words across 6 sentences. Syntax depth ratio=1.33 (Syntax: 3.64), Lexical sophistication index=5.42 with error density=0.039 (Grammar: 2.84), Sentence completion=4.42. Overall continuous rubric MOS verdict: 3.48.",audio_656.wav
2.529,2.793,5.0,3.129,"Judge evaluation: Evaluated 91 words across 8 sentences. Syntax depth ratio=0.19 (Syntax: 2.53), Lexical sophistication index=4.82 with error density=0.000 (Grammar: 2.79), Sentence completion=5.00. Overall continuous rubric MOS verdict: 3.13.",audio_444.wav
2.685,1.151,5.0,2.534,"Judge evaluation: Evaluated 315 words across 16 sentences. Syntax depth ratio=0.00 (Syntax: 2.69), Lexical sophistication index=2.08 with error density=0.000 (Grammar: 1.15), Sentence completion=5.00. Overall continuous rubric MOS verdict: 2.53.",audio_5062.wav
4.184,3.545,5.0,4.092,"Judge evaluation: Evaluated 102 words across 3 sentences. Syntax depth ratio=1.30 (Syntax: 4.18), Lexical sophistication index=6.34 with error density=0.020 (Grammar: 3.55), Sentence completion=5.00. Overall continuous rubric MOS verdict: 4.09.",audio_312.wav
3.015,2.485,5.0,3.2,"Judge evaluation: Evaluated 69 words across 4 sentences. Syntax depth ratio=0.55 (Syntax: 3.01), Lexical sophistication index=4.70 with error density=0.029 (Grammar: 2.49), Sentence completion=5.00. Overall continuous rubric MOS verdict: 3.20.",audio_120.wav
3.011,3.685,5.0,3.678,"Judge evaluation: Evaluated 111 words across 8 sentences. Syntax depth ratio=0.68 (Syntax: 3.01), Lexical sophistication index=6.55 with error density=0.018 (Grammar: 3.69), Sentence completion=5.00. Overall continuous rubric MOS verdict: 3.68.",audio_446.wav
5.0,3.982,5.0,4.593,"Judge evaluation: Evaluated 95 words across 4 sentences. Syntax depth ratio=2.77 (Syntax: 5.00), Lexical sophistication index=6.87 with error density=0.005 (Grammar: 3.98), Sentence completion=5.00. Overall continuous rubric MOS verdict: 4.59.",audio_546.wav
3.122,3.984,5.0,3.842,"Judge evaluation: Evaluated 126 words across 8 sentences. Syntax depth ratio=0.72 (Syntax: 3.12), Lexical sophistication index=6.86 with error density=0.004 (Grammar: 3.98), Sentence completion=5.00. Overall continuous rubric MOS verdict: 3.84.",audio_430.wav
2.369,3.004,5.0,3.149,"Judge evaluation: Evaluated 82 words across 10 sentences. Syntax depth ratio=0.12 (Syntax: 2.37), Lexical sophistication index=5.74 with error density=0.043 (Grammar: 3.00), Sentence completion=5.00. Overall continuous rubric MOS verdict: 3.15.",audio_179.wav
2.988,3.718,5.0,3.682,"Judge evaluation: Evaluated 128 words across 8 sentences. Syntax depth ratio=0.56 (Syntax: 2.99), Lexical sophistication index=6.36 with error density=0.000 (Grammar: 3.72), Sentence completion=5.00. Overall continuous rubric MOS verdict: 3.68.",audio_674.wav
2.864,3.467,4.5,3.432,"Judge evaluation: Evaluated 95 words across 7 sentences. Syntax depth ratio=0.51 (Syntax: 2.86), Lexical sophistication index=6.16 with error density=0.016 (Grammar: 3.47), Sentence completion=4.50. Overall continuous rubric MOS verdict: 3.43.",audio_737.wav
2.633,3.257,5.0,3.356,"Judge evaluation: Evaluated 126 words across 9 sentences. Syntax depth ratio=0.17 (Syntax: 2.63), Lexical sophistication index=5.70 with error density=0.008 (Grammar: 3.26), Sentence completion=5.00. Overall continuous rubric MOS verdict: 3.36.",audio_669.wav
3.543,4.922,5.0,4.386,"Judge evaluation: Evaluated 145 words across 5 sentences. Syntax depth ratio=0.72 (Syntax: 3.54), Lexical sophistication index=8.55 with error density=0.014 (Grammar: 4.92), Sentence completion=5.00. Overall continuous rubric MOS verdict: 4.39.",audio_540.wav
3.196,3.836,5.0,3.813,"Judge evaluation: Evaluated 145 words across 9 sentences. Syntax depth ratio=0.80 (Syntax: 3.20), Lexical sophistication index=6.56 with error density=0.000 (Grammar: 3.84), Sentence completion=5.00. Overall continuous rubric MOS verdict: 3.81.",audio_692.wav
3.289,3.625,5.0,3.766,"Judge evaluation: Evaluated 113 words across 3 sentences. Syntax depth ratio=0.00 (Syntax: 3.29), Lexical sophistication index=6.21 with error density=0.000 (Grammar: 3.63), Sentence completion=5.00. Overall continuous rubric MOS verdict: 3.77.",audio_572.wav
3.105,4.02,5.0,3.85,"Judge evaluation: Evaluated 99 words across 5 sentences. Syntax depth ratio=0.54 (Syntax: 3.11), Lexical sophistication index=6.93 with error density=0.005 (Grammar: 4.02), Sentence completion=5.00. Overall continuous rubric MOS verdict: 3.85.",audio_479.wav
3.298,2.62,5.0,3.367,"Judge evaluation: Evaluated 87 words across 3 sentences. Syntax depth ratio=0.40 (Syntax: 3.30), Lexical sophistication index=5.15 with error density=0.046 (Grammar: 2.62), Sentence completion=5.00. Overall continuous rubric MOS verdict: 3.37.",audio_419.wav
2.202,1.0,5.0,2.281,"Judge evaluation: Evaluated 71 words across 14 sentences. Syntax depth ratio=0.00 (Syntax: 2.20), Lexical sophistication index=0.59 with error density=0.028 (Grammar: 1.00), Sentence completion=5.00. Overall continuous rubric MOS verdict: 2.28.",audio_5037.wav
4.225,3.007,5.0,3.893,"Judge evaluation: Evaluated 121 words across 4 sentences. Syntax depth ratio=1.50 (Syntax: 4.22), Lexical sophistication index=5.45 with error density=0.021 (Grammar: 3.01), Sentence completion=5.00. Overall continuous rubric MOS verdict: 3.89.",audio_433.wav
3.176,3.265,5.0,3.576,"Judge evaluation: Evaluated 133 words across 9 sentences. Syntax depth ratio=0.84 (Syntax: 3.18), Lexical sophistication index=5.81 with error density=0.015 (Grammar: 3.27), Sentence completion=5.00. Overall continuous rubric MOS verdict: 3.58.",audio_405.wav
2.583,3.572,5.0,3.462,"Judge evaluation: Evaluated 70 words across 4 sentences. Syntax depth ratio=0.00 (Syntax: 2.58), Lexical sophistication index=6.22 with error density=0.007 (Grammar: 3.57), Sentence completion=5.00. Overall continuous rubric MOS verdict: 3.46.",audio_267.wav
3.234,4.115,5.0,3.939,"Judge evaluation: Evaluated 143 words across 11 sentences. Syntax depth ratio=0.98 (Syntax: 3.23), Lexical sophistication index=7.02 with error density=0.000 (Grammar: 4.11), Sentence completion=5.00. Overall continuous rubric MOS verdict: 3.94.",audio_358.wav
3.048,4.408,5.0,3.982,"Judge evaluation: Evaluated 128 words across 6 sentences. Syntax depth ratio=0.40 (Syntax: 3.05), Lexical sophistication index=7.51 with error density=0.000 (Grammar: 4.41), Sentence completion=5.00. Overall continuous rubric MOS verdict: 3.98.",audio_331.wav
5.0,2.354,1.5,3.242,"Judge evaluation: Evaluated 81 words across 1 sentences. Syntax depth ratio=2.70 (Syntax: 5.00), Lexical sophistication index=4.67 with error density=0.043 (Grammar: 2.35), Sentence completion=1.50. Overall continuous rubric MOS verdict: 3.24.",audio_487.wav
3.384,3.025,5.0,3.564,"Judge evaluation: Evaluated 124 words across 5 sentences. Syntax depth ratio=0.68 (Syntax: 3.38), Lexical sophistication index=5.21 with error density=0.000 (Grammar: 3.03), Sentence completion=5.00. Overall continuous rubric MOS verdict: 3.56.",audio_494.wav
2.749,4.174,5.0,3.769,"Judge evaluation: Evaluated 105 words across 6 sentences. Syntax depth ratio=0.20 (Syntax: 2.75), Lexical sophistication index=7.12 with error density=0.000 (Grammar: 4.17), Sentence completion=5.00. Overall continuous rubric MOS verdict: 3.77.",audio_536.wav
3.042,3.398,5.0,3.576,"Judge evaluation: Evaluated 89 words across 6 sentences. Syntax depth ratio=0.65 (Syntax: 3.04), Lexical sophistication index=5.83 with error density=0.000 (Grammar: 3.40), Sentence completion=5.00. Overall continuous rubric MOS verdict: 3.58.",audio_634.wav
4.582,3.986,5.0,4.427,"Judge evaluation: Evaluated 135 words across 4 sentences. Syntax depth ratio=1.80 (Syntax: 4.58), Lexical sophistication index=7.06 with error density=0.019 (Grammar: 3.99), Sentence completion=5.00. Overall continuous rubric MOS verdict: 4.43.",audio_317.wav
4.067,2.551,5.0,3.647,"Judge evaluation: Evaluated 120 words across 2 sentences. Syntax depth ratio=0.00 (Syntax: 4.07), Lexical sophistication index=4.47 with error density=0.004 (Grammar: 2.55), Sentence completion=5.00. Overall continuous rubric MOS verdict: 3.65.",audio_5054.wav
4.038,3.9,4.417,4.058,"Judge evaluation: Evaluated 142 words across 6 sentences. Syntax depth ratio=1.53 (Syntax: 4.04), Lexical sophistication index=6.71 with error density=0.004 (Grammar: 3.90), Sentence completion=4.42. Overall continuous rubric MOS verdict: 4.06.",audio_723.wav
2.52,4.29,5.0,3.724,"Judge evaluation: Evaluated 130 words across 10 sentences. Syntax depth ratio=0.10 (Syntax: 2.52), Lexical sophistication index=7.37 with error density=0.004 (Grammar: 4.29), Sentence completion=5.00. Overall continuous rubric MOS verdict: 3.72.",audio_155.wav
5.0,3.113,5.0,4.245,"Judge evaluation: Evaluated 103 words across 2 sentences. Syntax depth ratio=3.15 (Syntax: 5.00), Lexical sophistication index=5.42 with error density=0.005 (Grammar: 3.11), Sentence completion=5.00. Overall continuous rubric MOS verdict: 4.25.",audio_410.wav
3.96,2.748,5.0,3.683,"Judge evaluation: Evaluated 30 words across 1 sentences. Syntax depth ratio=1.20 (Syntax: 3.96), Lexical sophistication index=4.75 with error density=0.000 (Grammar: 2.75), Sentence completion=5.00. Overall continuous rubric MOS verdict: 3.68.",audio_251.wav
3.322,3.633,5.0,3.782,"Judge evaluation: Evaluated 141 words across 7 sentences. Syntax depth ratio=0.77 (Syntax: 3.32), Lexical sophistication index=6.32 with error density=0.007 (Grammar: 3.63), Sentence completion=5.00. Overall continuous rubric MOS verdict: 3.78.",audio_779.wav
4.838,4.235,5.0,4.629,"Judge evaluation: Evaluated 132 words across 3 sentences. Syntax depth ratio=1.70 (Syntax: 4.84), Lexical sophistication index=7.22 with error density=0.000 (Grammar: 4.23), Sentence completion=5.00. Overall continuous rubric MOS verdict: 4.63.",audio_382.wav
3.167,3.367,5.0,3.614,"Judge evaluation: Evaluated 69 words across 2 sentences. Syntax depth ratio=0.00 (Syntax: 3.17), Lexical sophistication index=5.78 with error density=0.000 (Grammar: 3.37), Sentence completion=5.00. Overall continuous rubric MOS verdict: 3.61.",audio_559.wav
3.367,2.899,5.0,3.506,"Judge evaluation: Evaluated 41 words across 1 sentences. Syntax depth ratio=0.00 (Syntax: 3.37), Lexical sophistication index=5.00 with error density=0.000 (Grammar: 2.90), Sentence completion=5.00. Overall continuous rubric MOS verdict: 3.51.",audio_161.wav
2.333,4.26,5.0,3.637,"Judge evaluation: Evaluated 180 words across 32 sentences. Syntax depth ratio=0.17 (Syntax: 2.33), Lexical sophistication index=7.30 with error density=0.003 (Grammar: 4.26), Sentence completion=5.00. Overall continuous rubric MOS verdict: 3.64.",audio_535.wav
2.496,4.003,5.0,3.599,"Judge evaluation: Evaluated 77 words across 9 sentences. Syntax depth ratio=0.24 (Syntax: 2.50), Lexical sophistication index=6.84 with error density=0.000 (Grammar: 4.00), Sentence completion=5.00. Overall continuous rubric MOS verdict: 3.60.",audio_363.wav
2.322,2.78,5.0,3.041,"Judge evaluation: Evaluated 57 words across 6 sentences. Syntax depth ratio=0.00 (Syntax: 2.32), Lexical sophistication index=5.03 with error density=0.018 (Grammar: 2.78), Sentence completion=5.00. Overall continuous rubric MOS verdict: 3.04.",audio_5057.wav
2.388,4.282,5.0,3.668,"Judge evaluation: Evaluated 123 words across 11 sentences. Syntax depth ratio=0.00 (Syntax: 2.39), Lexical sophistication index=7.30 with error density=0.000 (Grammar: 4.28), Sentence completion=5.00. Overall continuous rubric MOS verdict: 3.67.",audio_660.wav
3.729,3.847,5.0,4.03,"Judge evaluation: Evaluated 135 words across 6 sentences. Syntax depth ratio=1.22 (Syntax: 3.73), Lexical sophistication index=6.63 with error density=0.004 (Grammar: 3.85), Sentence completion=5.00. Overall continuous rubric MOS verdict: 4.03.",audio_293.wav
5.0,2.948,5.0,4.179,"Judge evaluation: Evaluated 90 words across 2 sentences. Syntax depth ratio=1.95 (Syntax: 5.00), Lexical sophistication index=5.38 with error density=0.022 (Grammar: 2.95), Sentence completion=5.00. Overall continuous rubric MOS verdict: 4.18.",audio_74.wav
3.612,4.621,5.0,4.293,"Judge evaluation: Evaluated 141 words across 5 sentences. Syntax depth ratio=0.84 (Syntax: 3.61), Lexical sophistication index=7.92 with error density=0.004 (Grammar: 4.62), Sentence completion=5.00. Overall continuous rubric MOS verdict: 4.29.",audio_215.wav
3.217,2.542,5.0,3.303,"Judge evaluation: Evaluated 72 words across 2 sentences. Syntax depth ratio=0.00 (Syntax: 3.22), Lexical sophistication index=5.42 with error density=0.076 (Grammar: 2.54), Sentence completion=5.00. Overall continuous rubric MOS verdict: 3.30.",audio_228.wav
5.0,3.295,5.0,4.318,"Judge evaluation: Evaluated 124 words across 1 sentences. Syntax depth ratio=1.20 (Syntax: 5.00), Lexical sophistication index=5.93 with error density=0.020 (Grammar: 3.29), Sentence completion=5.00. Overall continuous rubric MOS verdict: 4.32.",audio_602.wav
2.78,3.15,5.0,3.372,"Judge evaluation: Evaluated 131 words across 7 sentences. Syntax depth ratio=0.17 (Syntax: 2.78), Lexical sophistication index=5.42 with error density=0.000 (Grammar: 3.15), Sentence completion=5.00. Overall continuous rubric MOS verdict: 3.37.",audio_396.wav
3.492,3.121,5.0,3.645,"Judge evaluation: Evaluated 118 words across 8 sentences. Syntax depth ratio=1.25 (Syntax: 3.49), Lexical sophistication index=5.71 with error density=0.025 (Grammar: 3.12), Sentence completion=5.00. Overall continuous rubric MOS verdict: 3.65.",audio_576.wav
3.804,2.166,5.0,3.388,"Judge evaluation: Evaluated 244 words across 6 sentences. Syntax depth ratio=0.37 (Syntax: 3.80), Lexical sophistication index=3.78 with error density=0.000 (Grammar: 2.17), Sentence completion=5.00. Overall continuous rubric MOS verdict: 3.39.",audio_5040.wav
3.43,2.819,5.0,3.499,"Judge evaluation: Evaluated 78 words across 4 sentences. Syntax depth ratio=0.97 (Syntax: 3.43), Lexical sophistication index=5.55 with error density=0.051 (Grammar: 2.82), Sentence completion=5.00. Overall continuous rubric MOS verdict: 3.50.",audio_198.wav
2.592,2.886,5.0,3.191,"Judge evaluation: Evaluated 130 words across 9 sentences. Syntax depth ratio=0.13 (Syntax: 2.59), Lexical sophistication index=5.44 with error density=0.035 (Grammar: 2.89), Sentence completion=5.00. Overall continuous rubric MOS verdict: 3.19.",audio_600.wav
2.683,3.088,5.0,3.308,"Judge evaluation: Evaluated 82 words across 4 sentences. Syntax depth ratio=0.00 (Syntax: 2.68), Lexical sophistication index=5.96 with error density=0.049 (Grammar: 3.09), Sentence completion=5.00. Overall continuous rubric MOS verdict: 3.31.",audio_710.wav
3.782,3.039,5.0,3.728,"Judge evaluation: Evaluated 74 words across 3 sentences. Syntax depth ratio=1.20 (Syntax: 3.78), Lexical sophistication index=5.23 with error density=0.000 (Grammar: 3.04), Sentence completion=5.00. Overall continuous rubric MOS verdict: 3.73.",audio_246.wav
3.165,3.452,5.0,3.647,"Judge evaluation: Evaluated 111 words across 9 sentences. Syntax depth ratio=0.93 (Syntax: 3.17), Lexical sophistication index=5.98 with error density=0.005 (Grammar: 3.45), Sentence completion=5.00. Overall continuous rubric MOS verdict: 3.65.",audio_490.wav
2.967,3.526,5.0,3.597,"Judge evaluation: Evaluated 95 words across 6 sentences. Syntax depth ratio=0.50 (Syntax: 2.97), Lexical sophistication index=6.46 with error density=0.032 (Grammar: 3.53), Sentence completion=5.00. Overall continuous rubric MOS verdict: 3.60.",audio_657.wav
3.087,2.97,5.0,3.423,"Judge evaluation: Evaluated 68 words across 3 sentences. Syntax depth ratio=0.40 (Syntax: 3.09), Lexical sophistication index=5.21 with error density=0.007 (Grammar: 2.97), Sentence completion=5.00. Overall continuous rubric MOS verdict: 3.42.",audio_688.wav
2.611,3.224,4.417,3.217,"Judge evaluation: Evaluated 101 words across 6 sentences. Syntax depth ratio=0.00 (Syntax: 2.61), Lexical sophistication index=5.67 with error density=0.010 (Grammar: 3.22), Sentence completion=4.42. Overall continuous rubric MOS verdict: 3.22.",audio_698.wav
4.277,3.297,3.25,3.679,"Judge evaluation: Evaluated 78 words across 2 sentences. Syntax depth ratio=1.20 (Syntax: 4.28), Lexical sophistication index=5.66 with error density=0.000 (Grammar: 3.30), Sentence completion=3.25. Overall continuous rubric MOS verdict: 3.68.",audio_499.wav
2.419,4.403,5.0,3.729,"Judge evaluation: Evaluated 87 words across 7 sentences. Syntax depth ratio=0.00 (Syntax: 2.42), Lexical sophistication index=7.50 with error density=0.000 (Grammar: 4.40), Sentence completion=5.00. Overall continuous rubric MOS verdict: 3.73.",audio_463.wav
4.862,3.765,5.0,4.451,"Judge evaluation: Evaluated 116 words across 3 sentences. Syntax depth ratio=1.97 (Syntax: 4.86), Lexical sophistication index=6.50 with error density=0.004 (Grammar: 3.77), Sentence completion=5.00. Overall continuous rubric MOS verdict: 4.45.",audio_604.wav
3.269,3.663,5.0,3.773,"Judge evaluation: Evaluated 102 words across 9 sentences. Syntax depth ratio=1.10 (Syntax: 3.27), Lexical sophistication index=6.34 with error density=0.005 (Grammar: 3.66), Sentence completion=5.00. Overall continuous rubric MOS verdict: 3.77.",audio_97.wav
3.547,3.35,5.0,3.759,"Judge evaluation: Evaluated 63 words across 2 sentences. Syntax depth ratio=0.60 (Syntax: 3.55), Lexical sophistication index=6.17 with error density=0.032 (Grammar: 3.35), Sentence completion=5.00. Overall continuous rubric MOS verdict: 3.76.",audio_234.wav
3.809,3.641,4.3,3.84,"Judge evaluation: Evaluated 108 words across 5 sentences. Syntax depth ratio=1.32 (Syntax: 3.81), Lexical sophistication index=6.54 with error density=0.023 (Grammar: 3.64), Sentence completion=4.30. Overall continuous rubric MOS verdict: 3.84.",audio_782.wav
3.172,3.41,5.0,3.633,"Judge evaluation: Evaluated 76 words across 4 sentences. Syntax depth ratio=0.60 (Syntax: 3.17), Lexical sophistication index=5.85 with error density=0.000 (Grammar: 3.41), Sentence completion=5.00. Overall continuous rubric MOS verdict: 3.63.",audio_758.wav
4.53,3.308,5.0,4.135,"Judge evaluation: Evaluated 135 words across 4 sentences. Syntax depth ratio=1.73 (Syntax: 4.53), Lexical sophistication index=5.68 with error density=0.000 (Grammar: 3.31), Sentence completion=5.00. Overall continuous rubric MOS verdict: 4.14.",audio_727.wav
3.0,2.639,1.5,2.555,"Judge evaluation: Evaluated 30 words across 1 sentences. Syntax depth ratio=0.00 (Syntax: 3.00), Lexical sophistication index=4.56 with error density=0.000 (Grammar: 2.64), Sentence completion=1.50. Overall continuous rubric MOS verdict: 2.56.",audio_643.wav
2.911,3.988,5.0,3.76,"Judge evaluation: Evaluated 91 words across 6 sentences. Syntax depth ratio=0.50 (Syntax: 2.91), Lexical sophistication index=6.81 with error density=0.000 (Grammar: 3.99), Sentence completion=5.00. Overall continuous rubric MOS verdict: 3.76.",audio_261.wav
2.584,2.777,5.0,3.145,"Judge evaluation: Evaluated 122 words across 12 sentences. Syntax depth ratio=0.30 (Syntax: 2.58), Lexical sophistication index=5.34 with error density=0.041 (Grammar: 2.78), Sentence completion=5.00. Overall continuous rubric MOS verdict: 3.14.",audio_205.wav
3.137,4.288,5.0,3.97,"Judge evaluation: Evaluated 108 words across 5 sentences. Syntax depth ratio=0.48 (Syntax: 3.14), Lexical sophistication index=7.31 with error density=0.000 (Grammar: 4.29), Sentence completion=5.00. Overall continuous rubric MOS verdict: 3.97.",audio_128.wav
4.794,3.5,5.0,4.318,"Judge evaluation: Evaluated 140 words across 6 sentences. Syntax depth ratio=2.50 (Syntax: 4.79), Lexical sophistication index=6.00 with error density=0.000 (Grammar: 3.50), Sentence completion=5.00. Overall continuous rubric MOS verdict: 4.32.",audio_650.wav
3.891,3.187,5.0,3.831,"Judge evaluation: Evaluated 116 words across 5 sentences. Syntax depth ratio=1.38 (Syntax: 3.89), Lexical sophistication index=5.48 with error density=0.000 (Grammar: 3.19), Sentence completion=5.00. Overall continuous rubric MOS verdict: 3.83.",audio_35.wav
4.31,4.059,5.0,4.348,"Judge evaluation: Evaluated 80 words across 2 sentences. Syntax depth ratio=1.20 (Syntax: 4.31), Lexical sophistication index=6.93 with error density=0.000 (Grammar: 4.06), Sentence completion=5.00. Overall continuous rubric MOS verdict: 4.35.",audio_141.wav
2.826,3.847,5.0,3.669,"Judge evaluation: Evaluated 86 words across 7 sentences. Syntax depth ratio=0.51 (Syntax: 2.83), Lexical sophistication index=6.58 with error density=0.000 (Grammar: 3.85), Sentence completion=5.00. Overall continuous rubric MOS verdict: 3.67.",audio_260.wav
3.27,3.994,5.0,3.905,"Judge evaluation: Evaluated 146 words across 7 sentences. Syntax depth ratio=0.70 (Syntax: 3.27), Lexical sophistication index=6.87 with error density=0.003 (Grammar: 3.99), Sentence completion=5.00. Overall continuous rubric MOS verdict: 3.91.",audio_722.wav
3.186,1.307,5.0,2.797,"Judge evaluation: Evaluated 153 words across 7 sentences. Syntax depth ratio=0.43 (Syntax: 3.19), Lexical sophistication index=2.34 with error density=0.000 (Grammar: 1.31), Sentence completion=5.00. Overall continuous rubric MOS verdict: 2.80.",audio_5047.wav
2.997,4.097,5.0,3.838,"Judge evaluation: Evaluated 110 words across 8 sentences. Syntax depth ratio=0.64 (Syntax: 3.00), Lexical sophistication index=7.06 with error density=0.005 (Grammar: 4.10), Sentence completion=5.00. Overall continuous rubric MOS verdict: 3.84.",audio_324.wav
5.0,4.178,5.0,4.671,"Judge evaluation: Evaluated 147 words across 3 sentences. Syntax depth ratio=2.10 (Syntax: 5.00), Lexical sophistication index=7.18 with error density=0.003 (Grammar: 4.18), Sentence completion=5.00. Overall continuous rubric MOS verdict: 4.67.",audio_279.wav
3.146,3.406,5.0,3.621,"Judge evaluation: Evaluated 109 words across 7 sentences. Syntax depth ratio=0.77 (Syntax: 3.15), Lexical sophistication index=5.84 with error density=0.000 (Grammar: 3.41), Sentence completion=5.00. Overall continuous rubric MOS verdict: 3.62.",audio_450.wav
5.0,3.556,5.0,4.422,"Judge evaluation: Evaluated 112 words across 3 sentences. Syntax depth ratio=3.00 (Syntax: 5.00), Lexical sophistication index=6.33 with error density=0.018 (Grammar: 3.56), Sentence completion=5.00. Overall continuous rubric MOS verdict: 4.42.",audio_32.wav
4.033,2.897,5.0,3.772,"Judge evaluation: Evaluated 60 words across 1 sentences. Syntax depth ratio=0.00 (Syntax: 4.03), Lexical sophistication index=5.55 with error density=0.042 (Grammar: 2.90), Sentence completion=5.00. Overall continuous rubric MOS verdict: 3.77.",audio_254.wav
2.076,1.0,5.0,2.231,"Judge evaluation: Evaluated 71 words across 31 sentences. Syntax depth ratio=0.00 (Syntax: 2.08), Lexical sophistication index=1.90 with error density=0.176 (Grammar: 1.00), Sentence completion=5.00. Overall continuous rubric MOS verdict: 2.23.",audio_544.wav
3.305,4.427,4.3,3.953,"Judge evaluation: Evaluated 121 words across 5 sentences. Syntax depth ratio=0.54 (Syntax: 3.31), Lexical sophistication index=7.55 with error density=0.000 (Grammar: 4.43), Sentence completion=4.30. Overall continuous rubric MOS verdict: 3.95.",audio_176.wav
3.863,4.067,5.0,4.172,"Judge evaluation: Evaluated 83 words across 2 sentences. Syntax depth ratio=0.60 (Syntax: 3.86), Lexical sophistication index=7.02 with error density=0.006 (Grammar: 4.07), Sentence completion=5.00. Overall continuous rubric MOS verdict: 4.17.",audio_301.wav
3.252,4.069,5.0,3.928,"Judge evaluation: Evaluated 149 words across 8 sentences. Syntax depth ratio=0.76 (Syntax: 3.25), Lexical sophistication index=7.13 with error density=0.013 (Grammar: 4.07), Sentence completion=5.00. Overall continuous rubric MOS verdict: 3.93.",audio_213.wav
4.029,4.264,5.0,4.317,"Judge evaluation: Evaluated 124 words across 3 sentences. Syntax depth ratio=0.80 (Syntax: 4.03), Lexical sophistication index=7.27 with error density=0.000 (Grammar: 4.26), Sentence completion=5.00. Overall continuous rubric MOS verdict: 4.32.",audio_295.wav
2.567,3.458,5.0,3.41,"Judge evaluation: Evaluated 99 words across 8 sentences. Syntax depth ratio=0.19 (Syntax: 2.57), Lexical sophistication index=5.93 with error density=0.000 (Grammar: 3.46), Sentence completion=5.00. Overall continuous rubric MOS verdict: 3.41.",audio_40.wav
3.331,3.173,5.0,3.602,"Judge evaluation: Evaluated 89 words across 3 sentences. Syntax depth ratio=0.40 (Syntax: 3.33), Lexical sophistication index=5.83 with error density=0.028 (Grammar: 3.17), Sentence completion=5.00. Overall continuous rubric MOS verdict: 3.60.",audio_496.wav
3.528,3.635,5.0,3.865,"Judge evaluation: Evaluated 78 words across 5 sentences. Syntax depth ratio=1.26 (Syntax: 3.53), Lexical sophistication index=6.57 with error density=0.026 (Grammar: 3.64), Sentence completion=5.00. Overall continuous rubric MOS verdict: 3.87.",audio_45.wav
3.266,3.887,5.0,3.861,"Judge evaluation: Evaluated 124 words across 6 sentences. Syntax depth ratio=0.70 (Syntax: 3.27), Lexical sophistication index=6.65 with error density=0.000 (Grammar: 3.89), Sentence completion=5.00. Overall continuous rubric MOS verdict: 3.86.",audio_146.wav
5.0,3.052,5.0,4.221,"Judge evaluation: Evaluated 73 words across 1 sentences. Syntax depth ratio=1.20 (Syntax: 5.00), Lexical sophistication index=5.62 with error density=0.027 (Grammar: 3.05), Sentence completion=5.00. Overall continuous rubric MOS verdict: 4.22.",audio_415.wav
2.99,4.517,5.0,4.003,"Judge evaluation: Evaluated 90 words across 4 sentences. Syntax depth ratio=0.30 (Syntax: 2.99), Lexical sophistication index=7.69 with error density=0.000 (Grammar: 4.52), Sentence completion=5.00. Overall continuous rubric MOS verdict: 4.00.",audio_595.wav
3.234,3.958,5.0,3.877,"Judge evaluation: Evaluated 139 words across 9 sentences. Syntax depth ratio=0.87 (Syntax: 3.23), Lexical sophistication index=6.96 with error density=0.014 (Grammar: 3.96), Sentence completion=5.00. Overall continuous rubric MOS verdict: 3.88.",audio_783.wav
3.589,4.283,5.0,4.149,"Judge evaluation: Evaluated 114 words across 5 sentences. Syntax depth ratio=1.02 (Syntax: 3.59), Lexical sophistication index=7.31 with error density=0.000 (Grammar: 4.28), Sentence completion=5.00. Overall continuous rubric MOS verdict: 4.15.",audio_673.wav
3.817,3.309,3.25,3.5,"Judge evaluation: Evaluated 72 words across 2 sentences. Syntax depth ratio=0.75 (Syntax: 3.82), Lexical sophistication index=5.77 with error density=0.007 (Grammar: 3.31), Sentence completion=3.25. Overall continuous rubric MOS verdict: 3.50.",audio_48.wav
2.256,3.538,5.0,3.317,"Judge evaluation: Evaluated 68 words across 9 sentences. Syntax depth ratio=0.00 (Syntax: 2.26), Lexical sophistication index=6.06 with error density=0.000 (Grammar: 3.54), Sentence completion=5.00. Overall continuous rubric MOS verdict: 3.32.",audio_777.wav
2.474,2.953,5.0,3.171,"Judge evaluation: Evaluated 89 words across 9 sentences. Syntax depth ratio=0.17 (Syntax: 2.47), Lexical sophistication index=5.09 with error density=0.000 (Grammar: 2.95), Sentence completion=5.00. Overall continuous rubric MOS verdict: 3.17.",audio_330.wav
2.703,3.212,5.0,3.366,"Judge evaluation: Evaluated 67 words across 6 sentences. Syntax depth ratio=0.40 (Syntax: 2.70), Lexical sophistication index=5.62 with error density=0.007 (Grammar: 3.21), Sentence completion=5.00. Overall continuous rubric MOS verdict: 3.37.",audio_200.wav
2.658,3.343,5.0,3.4,"Judge evaluation: Evaluated 79 words across 4 sentences. Syntax depth ratio=0.00 (Syntax: 2.66), Lexical sophistication index=5.74 with error density=0.000 (Grammar: 3.34), Sentence completion=5.00. Overall continuous rubric MOS verdict: 3.40.",audio_259.wav
2.952,4.065,5.0,3.807,"Judge evaluation: Evaluated 85 words across 5 sentences. Syntax depth ratio=0.44 (Syntax: 2.95), Lexical sophistication index=6.94 with error density=0.000 (Grammar: 4.07), Sentence completion=5.00. Overall continuous rubric MOS verdict: 3.81.",audio_721.wav
3.28,3.733,5.0,3.805,"Judge evaluation: Evaluated 95 words across 4 sentences. Syntax depth ratio=0.60 (Syntax: 3.28), Lexical sophistication index=6.67 with error density=0.021 (Grammar: 3.73), Sentence completion=5.00. Overall continuous rubric MOS verdict: 3.81.",audio_223.wav
2.979,4.621,5.0,4.04,"Judge evaluation: Evaluated 142 words across 9 sentences. Syntax depth ratio=0.57 (Syntax: 2.98), Lexical sophistication index=8.06 with error density=0.014 (Grammar: 4.62), Sentence completion=5.00. Overall continuous rubric MOS verdict: 4.04.",audio_175.wav
3.412,3.1,5.0,3.605,"Judge evaluation: Evaluated 62 words across 5 sentences. Syntax depth ratio=1.24 (Syntax: 3.41), Lexical sophistication index=5.33 with error density=0.000 (Grammar: 3.10), Sentence completion=5.00. Overall continuous rubric MOS verdict: 3.60.",audio_400.wav
3.093,4.087,5.0,3.872,"Judge evaluation: Evaluated 112 words across 7 sentences. Syntax depth ratio=0.70 (Syntax: 3.09), Lexical sophistication index=7.28 with error density=0.022 (Grammar: 4.09), Sentence completion=5.00. Overall continuous rubric MOS verdict: 3.87.",audio_506.wav
5.0,3.263,5.0,4.305,"Judge evaluation: Evaluated 120 words across 2 sentences. Syntax depth ratio=2.55 (Syntax: 5.00), Lexical sophistication index=5.66 with error density=0.004 (Grammar: 3.26), Sentence completion=5.00. Overall continuous rubric MOS verdict: 4.31.",audio_153.wav
2.713,2.014,5.0,2.891,"Judge evaluation: Evaluated 39 words across 6 sentences. Syntax depth ratio=0.60 (Syntax: 2.71), Lexical sophistication index=3.52 with error density=0.000 (Grammar: 2.01), Sentence completion=5.00. Overall continuous rubric MOS verdict: 2.89.",audio_5050.wav
2.442,3.161,5.0,3.241,"Judge evaluation: Evaluated 110 words across 11 sentences. Syntax depth ratio=0.14 (Syntax: 2.44), Lexical sophistication index=5.43 with error density=0.000 (Grammar: 3.16), Sentence completion=5.00. Overall continuous rubric MOS verdict: 3.24.",audio_281.wav
2.766,4.025,5.0,3.716,"Judge evaluation: Evaluated 119 words across 8 sentences. Syntax depth ratio=0.34 (Syntax: 2.77), Lexical sophistication index=6.88 with error density=0.000 (Grammar: 4.03), Sentence completion=5.00. Overall continuous rubric MOS verdict: 3.72.",audio_543.wav
3.524,2.992,5.0,3.607,"Judge evaluation: Evaluated 67 words across 5 sentences. Syntax depth ratio=0.48 (Syntax: 3.52), Lexical sophistication index=5.25 with error density=0.007 (Grammar: 2.99), Sentence completion=5.00. Overall continuous rubric MOS verdict: 3.61.",audio_445.wav
2.738,3.778,5.0,3.607,"Judge evaluation: Evaluated 95 words across 7 sentences. Syntax depth ratio=0.36 (Syntax: 2.74), Lexical sophistication index=6.46 with error density=0.000 (Grammar: 3.78), Sentence completion=5.00. Overall continuous rubric MOS verdict: 3.61.",audio_124.wav
4.313,2.723,5.0,3.814,"Judge evaluation: Evaluated 38 words across 2 sentences. Syntax depth ratio=2.10 (Syntax: 4.31), Lexical sophistication index=4.70 with error density=0.000 (Grammar: 2.72), Sentence completion=5.00. Overall continuous rubric MOS verdict: 3.81.",audio_249.wav
2.779,4.185,5.0,3.786,"Judge evaluation: Evaluated 88 words across 5 sentences. Syntax depth ratio=0.24 (Syntax: 2.78), Lexical sophistication index=7.14 with error density=0.000 (Grammar: 4.19), Sentence completion=5.00. Overall continuous rubric MOS verdict: 3.79.",audio_420.wav
3.057,4.032,5.0,3.836,"Judge evaluation: Evaluated 125 words across 7 sentences. Syntax depth ratio=0.57 (Syntax: 3.06), Lexical sophistication index=6.89 with error density=0.000 (Grammar: 4.03), Sentence completion=5.00. Overall continuous rubric MOS verdict: 3.84.",audio_203.wav
2.44,3.384,5.0,3.33,"Judge evaluation: Evaluated 66 words across 5 sentences. Syntax depth ratio=0.00 (Syntax: 2.44), Lexical sophistication index=5.91 with error density=0.008 (Grammar: 3.38), Sentence completion=5.00. Overall continuous rubric MOS verdict: 3.33.",audio_278.wav
3.143,3.235,5.0,3.551,"Judge evaluation: Evaluated 122 words across 8 sentences. Syntax depth ratio=0.79 (Syntax: 3.14), Lexical sophistication index=5.61 with error density=0.004 (Grammar: 3.24), Sentence completion=5.00. Overall continuous rubric MOS verdict: 3.55.",audio_516.wav
2.493,3.021,5.0,3.206,"Judge evaluation: Evaluated 73 words across 5 sentences. Syntax depth ratio=0.00 (Syntax: 2.49), Lexical sophistication index=5.38 with error density=0.014 (Grammar: 3.02), Sentence completion=5.00. Overall continuous rubric MOS verdict: 3.21.",audio_326.wav
2.962,3.911,4.562,3.661,"Judge evaluation: Evaluated 117 words across 8 sentences. Syntax depth ratio=0.59 (Syntax: 2.96), Lexical sophistication index=7.03 with error density=0.026 (Grammar: 3.91), Sentence completion=4.56. Overall continuous rubric MOS verdict: 3.66.",audio_603.wav
3.68,3.304,5.0,3.794,"Judge evaluation: Evaluated 84 words across 4 sentences. Syntax depth ratio=1.23 (Syntax: 3.68), Lexical sophistication index=5.67 with error density=0.000 (Grammar: 3.30), Sentence completion=5.00. Overall continuous rubric MOS verdict: 3.79.",audio_199.wav
4.567,3.361,5.0,4.171,"Judge evaluation: Evaluated 53 words across 1 sentences. Syntax depth ratio=1.00 (Syntax: 4.57), Lexical sophistication index=5.77 with error density=0.000 (Grammar: 3.36), Sentence completion=5.00. Overall continuous rubric MOS verdict: 4.17.",audio_406.wav
3.387,4.241,5.0,4.051,"Judge evaluation: Evaluated 138 words across 7 sentences. Syntax depth ratio=0.90 (Syntax: 3.39), Lexical sophistication index=7.24 with error density=0.000 (Grammar: 4.24), Sentence completion=5.00. Overall continuous rubric MOS verdict: 4.05.",audio_538.wav
3.394,4.199,5.0,4.037,"Judge evaluation: Evaluated 131 words across 8 sentences. Syntax depth ratio=1.05 (Syntax: 3.39), Lexical sophistication index=7.16 with error density=0.000 (Grammar: 4.20), Sentence completion=5.00. Overall continuous rubric MOS verdict: 4.04.",audio_631.wav
2.217,1.0,5.0,2.287,"Judge evaluation: Evaluated 84 words across 36 sentences. Syntax depth ratio=0.17 (Syntax: 2.22), Lexical sophistication index=2.73 with error density=0.595 (Grammar: 1.00), Sentence completion=5.00. Overall continuous rubric MOS verdict: 2.29.",audio_5061.wav
2.578,3.076,5.0,3.261,"Judge evaluation: Evaluated 49 words across 3 sentences. Syntax depth ratio=0.00 (Syntax: 2.58), Lexical sophistication index=5.43 with error density=0.010 (Grammar: 3.08), Sentence completion=5.00. Overall continuous rubric MOS verdict: 3.26.",audio_196.wav
3.869,3.103,5.0,3.789,"Judge evaluation: Evaluated 120 words across 5 sentences. Syntax depth ratio=1.32 (Syntax: 3.87), Lexical sophistication index=6.12 with error density=0.058 (Grammar: 3.10), Sentence completion=5.00. Overall continuous rubric MOS verdict: 3.79.",audio_756.wav
4.37,4.264,5.0,4.454,"Judge evaluation: Evaluated 124 words across 4 sentences. Syntax depth ratio=1.65 (Syntax: 4.37), Lexical sophistication index=7.27 with error density=0.000 (Grammar: 4.26), Sentence completion=5.00. Overall continuous rubric MOS verdict: 4.45.",audio_649.wav
4.367,2.166,5.0,3.613,"Judge evaluation: Evaluated 69 words across 1 sentences. Syntax depth ratio=0.00 (Syntax: 4.37), Lexical sophistication index=4.94 with error density=0.087 (Grammar: 2.17), Sentence completion=5.00. Overall continuous rubric MOS verdict: 3.61.",audio_27.wav
2.539,3.274,5.0,3.325,"Judge evaluation: Evaluated 104 words across 10 sentences. Syntax depth ratio=0.22 (Syntax: 2.54), Lexical sophistication index=5.69 with error density=0.005 (Grammar: 3.27), Sentence completion=5.00. Overall continuous rubric MOS verdict: 3.33.",audio_681.wav
3.76,3.389,5.0,3.86,"Judge evaluation: Evaluated 71 words across 3 sentences. Syntax depth ratio=1.20 (Syntax: 3.76), Lexical sophistication index=5.82 with error density=0.000 (Grammar: 3.39), Sentence completion=5.00. Overall continuous rubric MOS verdict: 3.86.",audio_556.wav
3.563,2.815,5.0,3.551,"Judge evaluation: Evaluated 65 words across 2 sentences. Syntax depth ratio=0.60 (Syntax: 3.56), Lexical sophistication index=4.96 with error density=0.008 (Grammar: 2.82), Sentence completion=5.00. Overall continuous rubric MOS verdict: 3.55.",audio_185.wav
2.871,3.879,5.0,3.7,"Judge evaluation: Evaluated 126 words across 6 sentences. Syntax depth ratio=0.20 (Syntax: 2.87), Lexical sophistication index=6.95 with error density=0.024 (Grammar: 3.88), Sentence completion=5.00. Overall continuous rubric MOS verdict: 3.70.",audio_369.wav
2.8,3.95,5.0,3.7,"Judge evaluation: Evaluated 142 words across 7 sentences. Syntax depth ratio=0.14 (Syntax: 2.80), Lexical sophistication index=6.80 with error density=0.004 (Grammar: 3.95), Sentence completion=5.00. Overall continuous rubric MOS verdict: 3.70.",audio_241.wav
4.243,2.314,5.0,3.623,"Judge evaluation: Evaluated 75 words across 2 sentences. Syntax depth ratio=1.20 (Syntax: 4.24), Lexical sophistication index=4.73 with error density=0.053 (Grammar: 2.31), Sentence completion=5.00. Overall continuous rubric MOS verdict: 3.62.",audio_98.wav
2.931,4.356,4.562,3.827,"Judge evaluation: Evaluated 131 words across 8 sentences. Syntax depth ratio=0.45 (Syntax: 2.93), Lexical sophistication index=7.43 with error density=0.000 (Grammar: 4.36), Sentence completion=4.56. Overall continuous rubric MOS verdict: 3.83.",audio_389.wav
2.533,3.042,5.0,3.23,"Judge evaluation: Evaluated 78 words across 5 sentences. Syntax depth ratio=0.00 (Syntax: 2.53), Lexical sophistication index=5.32 with error density=0.006 (Grammar: 3.04), Sentence completion=5.00. Overall continuous rubric MOS verdict: 3.23.",audio_357.wav
3.284,3.294,5.0,3.631,"Judge evaluation: Evaluated 98 words across 5 sentences. Syntax depth ratio=0.78 (Syntax: 3.28), Lexical sophistication index=5.66 with error density=0.000 (Grammar: 3.29), Sentence completion=5.00. Overall continuous rubric MOS verdict: 3.63.",audio_112.wav
4.418,3.67,5.0,4.235,"Judge evaluation: Evaluated 135 words across 3 sentences. Syntax depth ratio=1.13 (Syntax: 4.42), Lexical sophistication index=6.28 with error density=0.000 (Grammar: 3.67), Sentence completion=5.00. Overall continuous rubric MOS verdict: 4.23.",audio_675.wav
5.0,2.806,5.0,4.122,"Judge evaluation: Evaluated 91 words across 1 sentences. Syntax depth ratio=9.40 (Syntax: 5.00), Lexical sophistication index=5.14 with error density=0.022 (Grammar: 2.81), Sentence completion=5.00. Overall continuous rubric MOS verdict: 4.12.",audio_113.wav
3.3,3.226,5.0,3.61,"Judge evaluation: Evaluated 132 words across 8 sentences. Syntax depth ratio=0.94 (Syntax: 3.30), Lexical sophistication index=5.74 with error density=0.015 (Grammar: 3.23), Sentence completion=5.00. Overall continuous rubric MOS verdict: 3.61.",audio_483.wav
3.888,3.707,5.0,4.038,"Judge evaluation: Evaluated 90 words across 4 sentences. Syntax depth ratio=1.35 (Syntax: 3.89), Lexical sophistication index=6.64 with error density=0.022 (Grammar: 3.71), Sentence completion=5.00. Overall continuous rubric MOS verdict: 4.04.",audio_474.wav
3.151,3.36,5.0,3.604,"Judge evaluation: Evaluated 100 words across 9 sentences. Syntax depth ratio=0.97 (Syntax: 3.15), Lexical sophistication index=5.90 with error density=0.010 (Grammar: 3.36), Sentence completion=5.00. Overall continuous rubric MOS verdict: 3.60.",audio_725.wav
2.539,3.327,5.0,3.346,"Judge evaluation: Evaluated 90 words across 6 sentences. Syntax depth ratio=0.00 (Syntax: 2.54), Lexical sophistication index=6.01 with error density=0.022 (Grammar: 3.33), Sentence completion=5.00. Overall continuous rubric MOS verdict: 3.35.",audio_774.wav
5.0,2.464,5.0,3.986,"Judge evaluation: Evaluated 98 words across 1 sentences. Syntax depth ratio=3.90 (Syntax: 5.00), Lexical sophistication index=4.55 with error density=0.020 (Grammar: 2.46), Sentence completion=5.00. Overall continuous rubric MOS verdict: 3.99.",audio_588.wav
2.835,3.562,5.0,3.559,"Judge evaluation: Evaluated 125 words across 10 sentences. Syntax depth ratio=0.51 (Syntax: 2.83), Lexical sophistication index=6.53 with error density=0.032 (Grammar: 3.56), Sentence completion=5.00. Overall continuous rubric MOS verdict: 3.56.",audio_395.wav
3.575,4.303,5.0,4.151,"Judge evaluation: Evaluated 142 words across 8 sentences. Syntax depth ratio=1.19 (Syntax: 3.58), Lexical sophistication index=7.38 with error density=0.004 (Grammar: 4.30), Sentence completion=5.00. Overall continuous rubric MOS verdict: 4.15.",audio_210.wav
2.645,3.103,5.0,3.299,"Judge evaluation: Evaluated 105 words across 10 sentences. Syntax depth ratio=0.36 (Syntax: 2.64), Lexical sophistication index=5.47 with error density=0.010 (Grammar: 3.10), Sentence completion=5.00. Overall continuous rubric MOS verdict: 3.30.",audio_309.wav
4.365,3.202,5.0,4.027,"Judge evaluation: Evaluated 122 words across 5 sentences. Syntax depth ratio=1.94 (Syntax: 4.37), Lexical sophistication index=5.61 with error density=0.008 (Grammar: 3.20), Sentence completion=5.00. Overall continuous rubric MOS verdict: 4.03.",audio_457.wav
4.17,3.003,4.417,3.753,"Judge evaluation: Evaluated 113 words across 6 sentences. Syntax depth ratio=1.90 (Syntax: 4.17), Lexical sophistication index=5.64 with error density=0.035 (Grammar: 3.00), Sentence completion=4.42. Overall continuous rubric MOS verdict: 3.75.",audio_492.wav
2.92,2.986,5.0,3.363,"Judge evaluation: Evaluated 81 words across 6 sentences. Syntax depth ratio=0.57 (Syntax: 2.92), Lexical sophistication index=5.56 with error density=0.031 (Grammar: 2.99), Sentence completion=5.00. Overall continuous rubric MOS verdict: 3.36.",audio_738.wav
2.589,4.523,5.0,3.845,"Judge evaluation: Evaluated 145 words across 10 sentences. Syntax depth ratio=0.12 (Syntax: 2.59), Lexical sophistication index=7.89 with error density=0.014 (Grammar: 4.52), Sentence completion=5.00. Overall continuous rubric MOS verdict: 3.85.",audio_305.wav
3.313,4.502,5.0,4.126,"Judge evaluation: Evaluated 99 words across 4 sentences. Syntax depth ratio=0.60 (Syntax: 3.31), Lexical sophistication index=7.94 with error density=0.020 (Grammar: 4.50), Sentence completion=5.00. Overall continuous rubric MOS verdict: 4.13.",audio_123.wav
4.193,2.267,5.0,3.584,"Judge evaluation: Evaluated 37 words across 1 sentences. Syntax depth ratio=1.20 (Syntax: 4.19), Lexical sophistication index=3.95 with error density=0.000 (Grammar: 2.27), Sentence completion=5.00. Overall continuous rubric MOS verdict: 3.58.",audio_5053.wav
5.0,2.83,5.0,4.132,"Judge evaluation: Evaluated 86 words across 3 sentences. Syntax depth ratio=3.93 (Syntax: 5.00), Lexical sophistication index=4.96 with error density=0.006 (Grammar: 2.83), Sentence completion=5.00. Overall continuous rubric MOS verdict: 4.13.",audio_89.wav
3.008,3.219,5.0,3.491,"Judge evaluation: Evaluated 81 words across 4 sentences. Syntax depth ratio=0.38 (Syntax: 3.01), Lexical sophistication index=5.78 with error density=0.019 (Grammar: 3.22), Sentence completion=5.00. Overall continuous rubric MOS verdict: 3.49.",audio_747.wav
4.7,3.236,5.0,4.174,"Judge evaluation: Evaluated 81 words across 1 sentences. Syntax depth ratio=0.00 (Syntax: 4.70), Lexical sophistication index=5.89 with error density=0.025 (Grammar: 3.24), Sentence completion=5.00. Overall continuous rubric MOS verdict: 4.17.",audio_115.wav
3.087,3.264,5.0,3.54,"Judge evaluation: Evaluated 77 words across 7 sentences. Syntax depth ratio=0.90 (Syntax: 3.09), Lexical sophistication index=6.04 with error density=0.032 (Grammar: 3.26), Sentence completion=5.00. Overall continuous rubric MOS verdict: 3.54.",audio_235.wav
2.921,3.084,5.0,3.402,"Judge evaluation: Evaluated 96 words across 6 sentences. Syntax depth ratio=0.45 (Syntax: 2.92), Lexical sophistication index=5.31 with error density=0.000 (Grammar: 3.08), Sentence completion=5.00. Overall continuous rubric MOS verdict: 3.40.",audio_414.wav
3.673,2.793,5.0,3.587,"Judge evaluation: Evaluated 91 words across 3 sentences. Syntax depth ratio=0.80 (Syntax: 3.67), Lexical sophistication index=4.82 with error density=0.000 (Grammar: 2.79), Sentence completion=5.00. Overall continuous rubric MOS verdict: 3.59.",audio_56.wav
3.25,4.338,4.125,3.86,"Judge evaluation: Evaluated 101 words across 4 sentences. Syntax depth ratio=0.50 (Syntax: 3.25), Lexical sophistication index=7.46 with error density=0.005 (Grammar: 4.34), Sentence completion=4.12. Overall continuous rubric MOS verdict: 3.86.",audio_43.wav
3.208,4.509,5.0,4.087,"Judge evaluation: Evaluated 132 words across 7 sentences. Syntax depth ratio=0.70 (Syntax: 3.21), Lexical sophistication index=7.83 with error density=0.011 (Grammar: 4.51), Sentence completion=5.00. Overall continuous rubric MOS verdict: 4.09.",audio_394.wav
2.714,3.76,5.0,3.59,"Judge evaluation: Evaluated 126 words across 7 sentences. Syntax depth ratio=0.14 (Syntax: 2.71), Lexical sophistication index=6.59 with error density=0.012 (Grammar: 3.76), Sentence completion=5.00. Overall continuous rubric MOS verdict: 3.59.",audio_423.wav
2.908,4.403,5.0,3.925,"Judge evaluation: Evaluated 109 words across 4 sentences. Syntax depth ratio=0.00 (Syntax: 2.91), Lexical sophistication index=7.57 with error density=0.005 (Grammar: 4.40), Sentence completion=5.00. Overall continuous rubric MOS verdict: 3.92.",audio_579.wav
5.0,3.619,5.0,4.447,"Judge evaluation: Evaluated 110 words across 3 sentences. Syntax depth ratio=3.40 (Syntax: 5.00), Lexical sophistication index=6.20 with error density=0.000 (Grammar: 3.62), Sentence completion=5.00. Overall continuous rubric MOS verdict: 4.45.",audio_172.wav
2.683,4.12,5.0,3.721,"Judge evaluation: Evaluated 123 words across 6 sentences. Syntax depth ratio=0.00 (Syntax: 2.68), Lexical sophistication index=7.03 with error density=0.000 (Grammar: 4.12), Sentence completion=5.00. Overall continuous rubric MOS verdict: 3.72.",audio_144.wav
2.578,2.468,5.0,3.018,"Judge evaluation: Evaluated 103 words across 6 sentences. Syntax depth ratio=0.00 (Syntax: 2.58), Lexical sophistication index=4.93 with error density=0.049 (Grammar: 2.47), Sentence completion=5.00. Overall continuous rubric MOS verdict: 3.02.",audio_151.wav
2.937,2.554,5.0,3.197,"Judge evaluation: Evaluated 82 words across 5 sentences. Syntax depth ratio=0.48 (Syntax: 2.94), Lexical sophistication index=4.75 with error density=0.024 (Grammar: 2.55), Sentence completion=5.00. Overall continuous rubric MOS verdict: 3.20.",audio_65.wav
2.608,4.486,5.0,3.838,"Judge evaluation: Evaluated 109 words across 8 sentences. Syntax depth ratio=0.19 (Syntax: 2.61), Lexical sophistication index=7.95 with error density=0.023 (Grammar: 4.49), Sentence completion=5.00. Overall continuous rubric MOS verdict: 3.84.",audio_481.wav
3.31,3.44,5.0,3.7,"Judge evaluation: Evaluated 114 words across 9 sentences. Syntax depth ratio=1.10 (Syntax: 3.31), Lexical sophistication index=5.90 with error density=0.000 (Grammar: 3.44), Sentence completion=5.00. Overall continuous rubric MOS verdict: 3.70.",audio_262.wav
2.58,4.318,5.0,3.759,"Judge evaluation: Evaluated 86 words across 5 sentences. Syntax depth ratio=0.00 (Syntax: 2.58), Lexical sophistication index=7.44 with error density=0.006 (Grammar: 4.32), Sentence completion=5.00. Overall continuous rubric MOS verdict: 3.76.",audio_229.wav
3.551,3.625,5.0,3.87,"Judge evaluation: Evaluated 103 words across 5 sentences. Syntax depth ratio=1.08 (Syntax: 3.55), Lexical sophistication index=6.21 with error density=0.000 (Grammar: 3.62), Sentence completion=5.00. Overall continuous rubric MOS verdict: 3.87.",audio_22.wav
2.645,3.354,5.0,3.4,"Judge evaluation: Evaluated 126 words across 8 sentences. Syntax depth ratio=0.15 (Syntax: 2.65), Lexical sophistication index=5.97 with error density=0.016 (Grammar: 3.35), Sentence completion=5.00. Overall continuous rubric MOS verdict: 3.40.",audio_434.wav
5.0,2.948,5.0,4.179,"Judge evaluation: Evaluated 132 words across 1 sentences. Syntax depth ratio=5.70 (Syntax: 5.00), Lexical sophistication index=5.48 with error density=0.030 (Grammar: 2.95), Sentence completion=5.00. Overall continuous rubric MOS verdict: 4.18.",audio_488.wav
2.533,3.261,5.0,3.318,"Judge evaluation: Evaluated 94 words across 6 sentences. Syntax depth ratio=0.00 (Syntax: 2.53), Lexical sophistication index=5.67 with error density=0.005 (Grammar: 3.26), Sentence completion=5.00. Overall continuous rubric MOS verdict: 3.32.",audio_439.wav
3.329,2.885,5.0,3.485,"Judge evaluation: Evaluated 97 words across 7 sentences. Syntax depth ratio=1.07 (Syntax: 3.33), Lexical sophistication index=4.98 with error density=0.000 (Grammar: 2.89), Sentence completion=5.00. Overall continuous rubric MOS verdict: 3.49.",audio_160.wav
2.912,4.23,5.0,3.857,"Judge evaluation: Evaluated 108 words across 5 sentences. Syntax depth ratio=0.24 (Syntax: 2.91), Lexical sophistication index=7.22 with error density=0.000 (Grammar: 4.23), Sentence completion=5.00. Overall continuous rubric MOS verdict: 3.86.",audio_594.wav
3.154,3.944,5.0,3.839,"Judge evaluation: Evaluated 104 words across 6 sentences. Syntax depth ratio=0.70 (Syntax: 3.15), Lexical sophistication index=7.06 with error density=0.024 (Grammar: 3.94), Sentence completion=5.00. Overall continuous rubric MOS verdict: 3.84.",audio_651.wav
3.424,2.662,5.0,3.434,"Judge evaluation: Evaluated 118 words across 7 sentences. Syntax depth ratio=1.07 (Syntax: 3.42), Lexical sophistication index=4.60 with error density=0.000 (Grammar: 2.66), Sentence completion=5.00. Overall continuous rubric MOS verdict: 3.43.",audio_569.wav
4.16,2.9,5.0,3.824,"Judge evaluation: Evaluated 36 words across 1 sentences. Syntax depth ratio=1.20 (Syntax: 4.16), Lexical sophistication index=5.00 with error density=0.000 (Grammar: 2.90), Sentence completion=5.00. Overall continuous rubric MOS verdict: 3.82.",audio_440.wav
3.178,3.782,5.0,3.784,"Judge evaluation: Evaluated 126 words across 6 sentences. Syntax depth ratio=0.58 (Syntax: 3.18), Lexical sophistication index=6.68 with error density=0.016 (Grammar: 3.78), Sentence completion=5.00. Overall continuous rubric MOS verdict: 3.78.",audio_658.wav
2.433,2.735,5.0,3.067,"Judge evaluation: Evaluated 52 words across 4 sentences. Syntax depth ratio=0.00 (Syntax: 2.43), Lexical sophistication index=4.85 with error density=0.010 (Grammar: 2.74), Sentence completion=5.00. Overall continuous rubric MOS verdict: 3.07.",audio_274.wav
1.0,1.0,1.0,1.0,Fragmentary utterance with insufficient grammatical structure.,audio_5065.wav
3.884,2.675,5.0,3.624,"Judge evaluation: Evaluated 114 words across 6 sentences. Syntax depth ratio=1.55 (Syntax: 3.88), Lexical sophistication index=4.68 with error density=0.004 (Grammar: 2.67), Sentence completion=5.00. Overall continuous rubric MOS verdict: 3.62.",audio_158.wav
2.686,4.424,5.0,3.844,"Judge evaluation: Evaluated 107 words across 7 sentences. Syntax depth ratio=0.21 (Syntax: 2.69), Lexical sophistication index=7.54 with error density=0.000 (Grammar: 4.42), Sentence completion=5.00. Overall continuous rubric MOS verdict: 3.84.",audio_493.wav
2.807,3.834,5.0,3.657,"Judge evaluation: Evaluated 139 words across 11 sentences. Syntax depth ratio=0.46 (Syntax: 2.81), Lexical sophistication index=6.70 with error density=0.011 (Grammar: 3.83), Sentence completion=5.00. Overall continuous rubric MOS verdict: 3.66.",audio_646.wav
2.575,3.352,5.0,3.371,"Judge evaluation: Evaluated 69 words across 4 sentences. Syntax depth ratio=0.00 (Syntax: 2.58), Lexical sophistication index=6.14 with error density=0.029 (Grammar: 3.35), Sentence completion=5.00. Overall continuous rubric MOS verdict: 3.37.",audio_64.wav
2.7,3.259,5.0,3.384,"Judge evaluation: Evaluated 83 words across 4 sentences. Syntax depth ratio=0.00 (Syntax: 2.70), Lexical sophistication index=5.60 with error density=0.000 (Grammar: 3.26), Sentence completion=5.00. Overall continuous rubric MOS verdict: 3.38.",audio_451.wav
2.622,3.578,5.0,3.48,"Judge evaluation: Evaluated 109 words across 6 sentences. Syntax depth ratio=0.00 (Syntax: 2.62), Lexical sophistication index=6.13 with error density=0.000 (Grammar: 3.58), Sentence completion=5.00. Overall continuous rubric MOS verdict: 3.48.",audio_277.wav
4.907,2.231,5.0,3.855,"Judge evaluation: Evaluated 93 words across 3 sentences. Syntax depth ratio=2.30 (Syntax: 4.91), Lexical sophistication index=4.46 with error density=0.043 (Grammar: 2.23), Sentence completion=5.00. Overall continuous rubric MOS verdict: 3.86.",audio_491.wav
4.372,3.321,5.0,4.077,"Judge evaluation: Evaluated 115 words across 4 sentences. Syntax depth ratio=1.73 (Syntax: 4.37), Lexical sophistication index=5.87 with error density=0.013 (Grammar: 3.32), Sentence completion=5.00. Overall continuous rubric MOS verdict: 4.08.",audio_52.wav
2.567,2.87,5.0,3.175,"Judge evaluation: Evaluated 32 words across 2 sentences. Syntax depth ratio=0.00 (Syntax: 2.57), Lexical sophistication index=4.95 with error density=0.000 (Grammar: 2.87), Sentence completion=5.00. Overall continuous rubric MOS verdict: 3.17.",audio_743.wav
4.25,2.629,5.0,3.752,"Judge evaluation: Evaluated 74 words across 2 sentences. Syntax depth ratio=1.25 (Syntax: 4.25), Lexical sophistication index=5.00 with error density=0.034 (Grammar: 2.63), Sentence completion=5.00. Overall continuous rubric MOS verdict: 3.75.",audio_243.wav
2.909,3.743,5.0,3.661,"Judge evaluation: Evaluated 82 words across 6 sentences. Syntax depth ratio=0.57 (Syntax: 2.91), Lexical sophistication index=6.41 with error density=0.000 (Grammar: 3.74), Sentence completion=5.00. Overall continuous rubric MOS verdict: 3.66.",audio_661.wav
2.639,3.047,5.0,3.274,"Judge evaluation: Evaluated 114 words across 9 sentences. Syntax depth ratio=0.27 (Syntax: 2.64), Lexical sophistication index=5.24 with error density=0.000 (Grammar: 3.05), Sentence completion=5.00. Overall continuous rubric MOS verdict: 3.27.",audio_456.wav
3.629,4.195,5.0,4.13,"Judge evaluation: Evaluated 88 words across 3 sentences. Syntax depth ratio=0.80 (Syntax: 3.63), Lexical sophistication index=7.46 with error density=0.023 (Grammar: 4.20), Sentence completion=5.00. Overall continuous rubric MOS verdict: 4.13.",audio_90.wav
2.428,2.705,5.0,3.053,"Judge evaluation: Evaluated 50 words across 8 sentences. Syntax depth ratio=0.28 (Syntax: 2.43), Lexical sophistication index=4.81 with error density=0.010 (Grammar: 2.70), Sentence completion=5.00. Overall continuous rubric MOS verdict: 3.05.",audio_735.wav
4.249,3.005,5.0,3.902,"Judge evaluation: Evaluated 79 words across 3 sentences. Syntax depth ratio=1.70 (Syntax: 4.25), Lexical sophistication index=5.51 with error density=0.025 (Grammar: 3.01), Sentence completion=5.00. Overall continuous rubric MOS verdict: 3.90.",audio_775.wav
2.972,3.356,5.0,3.531,"Judge evaluation: Evaluated 114 words across 5 sentences. Syntax depth ratio=0.24 (Syntax: 2.97), Lexical sophistication index=5.99 with error density=0.018 (Grammar: 3.36), Sentence completion=5.00. Overall continuous rubric MOS verdict: 3.53.",audio_587.wav
3.294,2.762,5.0,3.423,"Judge evaluation: Evaluated 89 words across 6 sentences. Syntax depth ratio=1.00 (Syntax: 3.29), Lexical sophistication index=4.77 with error density=0.000 (Grammar: 2.76), Sentence completion=5.00. Overall continuous rubric MOS verdict: 3.42.",audio_103.wav
4.03,3.633,5.0,4.065,"Judge evaluation: Evaluated 93 words across 2 sentences. Syntax depth ratio=0.60 (Syntax: 4.03), Lexical sophistication index=6.22 with error density=0.000 (Grammar: 3.63), Sentence completion=5.00. Overall continuous rubric MOS verdict: 4.07.",audio_111.wav
3.344,2.787,5.0,3.453,"Judge evaluation: Evaluated 98 words across 6 sentences. Syntax depth ratio=1.00 (Syntax: 3.34), Lexical sophistication index=5.15 with error density=0.026 (Grammar: 2.79), Sentence completion=5.00. Overall continuous rubric MOS verdict: 3.45.",audio_421.wav
2.496,3.572,5.0,3.427,"Judge evaluation: Evaluated 134 words across 11 sentences. Syntax depth ratio=0.11 (Syntax: 2.50), Lexical sophistication index=6.22 with error density=0.007 (Grammar: 3.57), Sentence completion=5.00. Overall continuous rubric MOS verdict: 3.43.",audio_683.wav
2.479,3.334,4.562,3.238,"Judge evaluation: Evaluated 115 words across 8 sentences. Syntax depth ratio=0.00 (Syntax: 2.48), Lexical sophistication index=5.78 with error density=0.004 (Grammar: 3.33), Sentence completion=4.56. Overall continuous rubric MOS verdict: 3.24.",audio_152.wav
2.985,2.864,5.0,3.34,"Judge evaluation: Evaluated 83 words across 5 sentences. Syntax depth ratio=0.54 (Syntax: 2.99), Lexical sophistication index=4.94 with error density=0.000 (Grammar: 2.86), Sentence completion=5.00. Overall continuous rubric MOS verdict: 3.34.",audio_134.wav
2.767,3.63,5.0,3.559,"Judge evaluation: Evaluated 91 words across 4 sentences. Syntax depth ratio=0.00 (Syntax: 2.77), Lexical sophistication index=6.29 with error density=0.005 (Grammar: 3.63), Sentence completion=5.00. Overall continuous rubric MOS verdict: 3.56.",audio_12.wav
3.355,3.012,5.0,3.547,"Judge evaluation: Evaluated 68 words across 4 sentences. Syntax depth ratio=0.97 (Syntax: 3.36), Lexical sophistication index=5.58 with error density=0.029 (Grammar: 3.01), Sentence completion=5.00. Overall continuous rubric MOS verdict: 3.55.",audio_232.wav
3.698,3.134,5.0,3.733,"Judge evaluation: Evaluated 87 words across 3 sentences. Syntax depth ratio=0.90 (Syntax: 3.70), Lexical sophistication index=6.00 with error density=0.046 (Grammar: 3.13), Sentence completion=5.00. Overall continuous rubric MOS verdict: 3.73.",audio_36.wav
2.542,3.675,5.0,3.487,"Judge evaluation: Evaluated 64 words across 4 sentences. Syntax depth ratio=0.00 (Syntax: 2.54), Lexical sophistication index=6.50 with error density=0.016 (Grammar: 3.68), Sentence completion=5.00. Overall continuous rubric MOS verdict: 3.49.",audio_268.wav
2.811,2.225,5.0,3.014,"Judge evaluation: Evaluated 64 words across 5 sentences. Syntax depth ratio=0.48 (Syntax: 2.81), Lexical sophistication index=3.88 with error density=0.000 (Grammar: 2.23), Sentence completion=5.00. Overall continuous rubric MOS verdict: 3.01.",audio_68.wav
2.47,2.627,5.0,3.039,"Judge evaluation: Evaluated 70 words across 7 sentences. Syntax depth ratio=0.17 (Syntax: 2.47), Lexical sophistication index=5.50 with error density=0.071 (Grammar: 2.63), Sentence completion=5.00. Overall continuous rubric MOS verdict: 3.04.",audio_729.wav
2.746,3.738,5.0,3.593,"Judge evaluation: Evaluated 97 words across 7 sentences. Syntax depth ratio=0.34 (Syntax: 2.75), Lexical sophistication index=6.40 with error density=0.000 (Grammar: 3.74), Sentence completion=5.00. Overall continuous rubric MOS verdict: 3.59.",audio_247.wav
2.433,2.96,5.0,3.157,"Judge evaluation: Evaluated 62 words across 5 sentences. Syntax depth ratio=0.00 (Syntax: 2.43), Lexical sophistication index=5.21 with error density=0.008 (Grammar: 2.96), Sentence completion=5.00. Overall continuous rubric MOS verdict: 3.16.",audio_224.wav
5.0,2.602,1.5,3.341,"Judge evaluation: Evaluated 121 words across 1 sentences. Syntax depth ratio=8.70 (Syntax: 5.00), Lexical sophistication index=5.00 with error density=0.037 (Grammar: 2.60), Sentence completion=1.50. Overall continuous rubric MOS verdict: 3.34.",audio_425.wav
5.0,3.28,5.0,4.312,"Judge evaluation: Evaluated 150 words across 3 sentences. Syntax depth ratio=6.30 (Syntax: 5.00), Lexical sophistication index=5.63 with error density=0.000 (Grammar: 3.28), Sentence completion=5.00. Overall continuous rubric MOS verdict: 4.31.",audio_392.wav
2.786,3.28,4.682,3.363,"Judge evaluation: Evaluated 121 words across 11 sentences. Syntax depth ratio=0.51 (Syntax: 2.79), Lexical sophistication index=5.91 with error density=0.021 (Grammar: 3.28), Sentence completion=4.68. Overall continuous rubric MOS verdict: 3.36.",audio_615.wav
3.778,3.435,5.0,3.885,"Judge evaluation: Evaluated 89 words across 4 sentences. Syntax depth ratio=1.27 (Syntax: 3.78), Lexical sophistication index=6.04 with error density=0.011 (Grammar: 3.44), Sentence completion=5.00. Overall continuous rubric MOS verdict: 3.89.",audio_245.wav
5.0,3.359,5.0,4.344,"Judge evaluation: Evaluated 91 words across 1 sentences. Syntax depth ratio=0.00 (Syntax: 5.00), Lexical sophistication index=5.77 with error density=0.000 (Grammar: 3.36), Sentence completion=5.00. Overall continuous rubric MOS verdict: 4.34.",audio_271.wav
2.851,3.689,5.0,3.616,"Judge evaluation: Evaluated 130 words across 10 sentences. Syntax depth ratio=0.51 (Syntax: 2.85), Lexical sophistication index=6.31 with error density=0.000 (Grammar: 3.69), Sentence completion=5.00. Overall continuous rubric MOS verdict: 3.62.",audio_321.wav
2.233,1.0,5.0,2.293,"Judge evaluation: Evaluated 83 words across 12 sentences. Syntax depth ratio=0.00 (Syntax: 2.23), Lexical sophistication index=1.32 with error density=0.000 (Grammar: 1.00), Sentence completion=5.00. Overall continuous rubric MOS verdict: 2.29.",audio_5043.wav
3.868,4.294,5.0,4.265,"Judge evaluation: Evaluated 144 words across 7 sentences. Syntax depth ratio=1.47 (Syntax: 3.87), Lexical sophistication index=7.42 with error density=0.007 (Grammar: 4.29), Sentence completion=5.00. Overall continuous rubric MOS verdict: 4.26.",audio_187.wav
4.755,4.344,5.0,4.639,"Judge evaluation: Evaluated 138 words across 5 sentences. Syntax depth ratio=2.26 (Syntax: 4.75), Lexical sophistication index=7.41 with error density=0.000 (Grammar: 4.34), Sentence completion=5.00. Overall continuous rubric MOS verdict: 4.64.",audio_221.wav
3.133,4.071,5.0,3.882,"Judge evaluation: Evaluated 146 words across 10 sentences. Syntax depth ratio=0.80 (Syntax: 3.13), Lexical sophistication index=6.95 with error density=0.000 (Grammar: 4.07), Sentence completion=5.00. Overall continuous rubric MOS verdict: 3.88.",audio_219.wav
3.07,3.005,5.0,3.43,"Judge evaluation: Evaluated 133 words across 6 sentences. Syntax depth ratio=0.40 (Syntax: 3.07), Lexical sophistication index=5.38 with error density=0.015 (Grammar: 3.01), Sentence completion=5.00. Overall continuous rubric MOS verdict: 3.43.",audio_601.wav
5.0,2.78,5.0,4.112,"Judge evaluation: Evaluated 100 words across 1 sentences. Syntax depth ratio=5.10 (Syntax: 5.00), Lexical sophistication index=5.00 with error density=0.015 (Grammar: 2.78), Sentence completion=5.00. Overall continuous rubric MOS verdict: 4.11.",audio_100.wav
3.169,4.593,5.0,4.105,"Judge evaluation: Evaluated 122 words across 6 sentences. Syntax depth ratio=0.60 (Syntax: 3.17), Lexical sophistication index=7.88 with error density=0.004 (Grammar: 4.59), Sentence completion=5.00. Overall continuous rubric MOS verdict: 4.10.",audio_227.wav
5.0,2.974,5.0,4.19,"Judge evaluation: Evaluated 83 words across 1 sentences. Syntax depth ratio=1.20 (Syntax: 5.00), Lexical sophistication index=5.93 with error density=0.060 (Grammar: 2.97), Sentence completion=5.00. Overall continuous rubric MOS verdict: 4.19.",audio_411.wav
3.573,3.266,5.0,3.736,"Judge evaluation: Evaluated 96 words across 6 sentences. Syntax depth ratio=1.30 (Syntax: 3.57), Lexical sophistication index=5.82 with error density=0.016 (Grammar: 3.27), Sentence completion=5.00. Overall continuous rubric MOS verdict: 3.74.",audio_28.wav
4.507,3.071,5.0,4.031,"Judge evaluation: Evaluated 62 words across 2 sentences. Syntax depth ratio=1.80 (Syntax: 4.51), Lexical sophistication index=5.72 with error density=0.032 (Grammar: 3.07), Sentence completion=5.00. Overall continuous rubric MOS verdict: 4.03.",audio_653.wav
2.414,3.773,5.0,3.475,"Judge evaluation: Evaluated 116 words across 14 sentences. Syntax depth ratio=0.16 (Syntax: 2.41), Lexical sophistication index=6.69 with error density=0.017 (Grammar: 3.77), Sentence completion=5.00. Overall continuous rubric MOS verdict: 3.47.",audio_29.wav
3.852,2.999,5.0,3.74,"Judge evaluation: Evaluated 107 words across 4 sentences. Syntax depth ratio=1.20 (Syntax: 3.85), Lexical sophistication index=5.41 with error density=0.019 (Grammar: 3.00), Sentence completion=5.00. Overall continuous rubric MOS verdict: 3.74.",audio_470.wav
3.787,4.046,5.0,4.133,"Judge evaluation: Evaluated 94 words across 3 sentences. Syntax depth ratio=0.90 (Syntax: 3.79), Lexical sophistication index=6.91 with error density=0.000 (Grammar: 4.05), Sentence completion=5.00. Overall continuous rubric MOS verdict: 4.13.",audio_356.wav
2.37,2.735,5.0,3.042,"Judge evaluation: Evaluated 67 words across 9 sentences. Syntax depth ratio=0.13 (Syntax: 2.37), Lexical sophistication index=5.62 with error density=0.067 (Grammar: 2.73), Sentence completion=5.00. Overall continuous rubric MOS verdict: 3.04.",audio_365.wav
4.262,3.823,5.0,4.234,"Judge evaluation: Evaluated 85 words across 3 sentences. Syntax depth ratio=1.63 (Syntax: 4.26), Lexical sophistication index=6.62 with error density=0.006 (Grammar: 3.82), Sentence completion=5.00. Overall continuous rubric MOS verdict: 4.23.",audio_58.wav
3.083,2.921,5.0,3.402,"Judge evaluation: Evaluated 93 words across 4 sentences. Syntax depth ratio=0.38 (Syntax: 3.08), Lexical sophistication index=6.33 with error density=0.097 (Grammar: 2.92), Sentence completion=5.00. Overall continuous rubric MOS verdict: 3.40.",audio_708.wav
3.192,4.028,5.0,3.888,"Judge evaluation: Evaluated 124 words across 8 sentences. Syntax depth ratio=0.79 (Syntax: 3.19), Lexical sophistication index=7.09 with error density=0.016 (Grammar: 4.03), Sentence completion=5.00. Overall continuous rubric MOS verdict: 3.89.",audio_319.wav
2.435,2.436,5.0,2.948,"Judge evaluation: Evaluated 87 words across 12 sentences. Syntax depth ratio=0.20 (Syntax: 2.44), Lexical sophistication index=5.15 with error density=0.069 (Grammar: 2.44), Sentence completion=5.00. Overall continuous rubric MOS verdict: 2.95.",audio_5067.wav
3.215,3.992,5.0,3.883,"Judge evaluation: Evaluated 80 words across 4 sentences. Syntax depth ratio=0.68 (Syntax: 3.21), Lexical sophistication index=6.82 with error density=0.000 (Grammar: 3.99), Sentence completion=5.00. Overall continuous rubric MOS verdict: 3.88.",audio_135.wav
2.832,3.697,5.0,3.612,"Judge evaluation: Evaluated 68 words across 4 sentences. Syntax depth ratio=0.30 (Syntax: 2.83), Lexical sophistication index=6.43 with error density=0.007 (Grammar: 3.70), Sentence completion=5.00. Overall continuous rubric MOS verdict: 3.61.",audio_612.wav
3.473,4.785,5.0,4.303,"Judge evaluation: Evaluated 109 words across 4 sentences. Syntax depth ratio=0.68 (Syntax: 3.47), Lexical sophistication index=8.14 with error density=0.000 (Grammar: 4.78), Sentence completion=5.00. Overall continuous rubric MOS verdict: 4.30.",audio_373.wav
2.372,3.633,5.0,3.402,"Judge evaluation: Evaluated 106 words across 13 sentences. Syntax depth ratio=0.12 (Syntax: 2.37), Lexical sophistication index=6.41 with error density=0.014 (Grammar: 3.63), Sentence completion=5.00. Overall continuous rubric MOS verdict: 3.40.",audio_680.wav
2.705,3.343,5.0,3.419,"Judge evaluation: Evaluated 110 words across 7 sentences. Syntax depth ratio=0.21 (Syntax: 2.70), Lexical sophistication index=6.10 with error density=0.027 (Grammar: 3.34), Sentence completion=5.00. Overall continuous rubric MOS verdict: 3.42.",audio_63.wav
3.474,3.551,5.0,3.81,"Judge evaluation: Evaluated 105 words across 6 sentences. Syntax depth ratio=1.10 (Syntax: 3.47), Lexical sophistication index=6.15 with error density=0.005 (Grammar: 3.55), Sentence completion=5.00. Overall continuous rubric MOS verdict: 3.81.",audio_700.wav
3.789,3.71,5.0,4.0,"Judge evaluation: Evaluated 125 words across 3 sentences. Syntax depth ratio=0.50 (Syntax: 3.79), Lexical sophistication index=6.35 with error density=0.000 (Grammar: 3.71), Sentence completion=5.00. Overall continuous rubric MOS verdict: 4.00.",audio_429.wav
2.915,4.012,5.0,3.771,"Judge evaluation: Evaluated 123 words across 8 sentences. Syntax depth ratio=0.49 (Syntax: 2.92), Lexical sophistication index=6.85 with error density=0.000 (Grammar: 4.01), Sentence completion=5.00. Overall continuous rubric MOS verdict: 3.77.",audio_745.wav
2.657,2.955,5.0,3.245,"Judge evaluation: Evaluated 50 words across 4 sentences. Syntax depth ratio=0.30 (Syntax: 2.66), Lexical sophistication index=5.09 with error density=0.000 (Grammar: 2.95), Sentence completion=5.00. Overall continuous rubric MOS verdict: 3.24.",audio_731.wav
3.427,4.462,5.0,4.156,"Judge evaluation: Evaluated 133 words across 7 sentences. Syntax depth ratio=0.99 (Syntax: 3.43), Lexical sophistication index=7.80 with error density=0.015 (Grammar: 4.46), Sentence completion=5.00. Overall continuous rubric MOS verdict: 4.16.",audio_461.wav
2.453,2.769,5.0,3.089,"Judge evaluation: Evaluated 77 words across 8 sentences. Syntax depth ratio=0.15 (Syntax: 2.45), Lexical sophistication index=5.13 with error density=0.026 (Grammar: 2.77), Sentence completion=5.00. Overall continuous rubric MOS verdict: 3.09.",audio_79.wav
3.696,1.876,5.0,3.229,"Judge evaluation: Evaluated 190 words across 10 sentences. Syntax depth ratio=1.32 (Syntax: 3.70), Lexical sophistication index=4.14 with error density=0.063 (Grammar: 1.88), Sentence completion=5.00. Overall continuous rubric MOS verdict: 3.23.",audio_5038.wav
2.974,3.615,5.0,3.635,"Judge evaluation: Evaluated 138 words across 10 sentences. Syntax depth ratio=0.63 (Syntax: 2.97), Lexical sophistication index=6.38 with error density=0.014 (Grammar: 3.61), Sentence completion=5.00. Overall continuous rubric MOS verdict: 3.64.",audio_760.wav
2.578,2.66,5.0,3.095,"Judge evaluation: Evaluated 100 words across 6 sentences. Syntax depth ratio=0.00 (Syntax: 2.58), Lexical sophistication index=4.80 with error density=0.015 (Grammar: 2.66), Sentence completion=5.00. Overall continuous rubric MOS verdict: 3.10.",audio_72.wav
4.3,4.172,5.0,4.389,"Judge evaluation: Evaluated 120 words across 5 sentences. Syntax depth ratio=1.80 (Syntax: 4.30), Lexical sophistication index=7.12 with error density=0.000 (Grammar: 4.17), Sentence completion=5.00. Overall continuous rubric MOS verdict: 4.39.",audio_696.wav
3.017,2.787,5.0,3.322,"Judge evaluation: Evaluated 61 words across 2 sentences. Syntax depth ratio=0.00 (Syntax: 3.02), Lexical sophistication index=5.25 with error density=0.033 (Grammar: 2.79), Sentence completion=5.00. Overall continuous rubric MOS verdict: 3.32.",audio_744.wav
2.588,4.327,5.0,3.766,"Judge evaluation: Evaluated 90 words across 9 sentences. Syntax depth ratio=0.30 (Syntax: 2.59), Lexical sophistication index=7.38 with error density=0.000 (Grammar: 4.33), Sentence completion=5.00. Overall continuous rubric MOS verdict: 3.77.",audio_662.wav
2.696,3.659,5.0,3.542,"Judge evaluation: Evaluated 111 words across 9 sentences. Syntax depth ratio=0.36 (Syntax: 2.70), Lexical sophistication index=6.26 with error density=0.000 (Grammar: 3.66), Sentence completion=5.00. Overall continuous rubric MOS verdict: 3.54.",audio_570.wav
2.642,3.352,5.0,3.397,"Judge evaluation: Evaluated 77 words across 4 sentences. Syntax depth ratio=0.00 (Syntax: 2.64), Lexical sophistication index=5.93 with error density=0.013 (Grammar: 3.35), Sentence completion=5.00. Overall continuous rubric MOS verdict: 3.40.",audio_10.wav
3.688,3.307,5.0,3.798,"Judge evaluation: Evaluated 113 words across 5 sentences. Syntax depth ratio=1.16 (Syntax: 3.69), Lexical sophistication index=6.21 with error density=0.040 (Grammar: 3.31), Sentence completion=5.00. Overall continuous rubric MOS verdict: 3.80.",audio_628.wav
2.808,2.93,5.0,3.295,"Judge evaluation: Evaluated 123 words across 8 sentences. Syntax depth ratio=0.34 (Syntax: 2.81), Lexical sophistication index=5.05 with error density=0.000 (Grammar: 2.93), Sentence completion=5.00. Overall continuous rubric MOS verdict: 3.29.",audio_606.wav
5.0,3.255,5.0,4.302,"Judge evaluation: Evaluated 119 words across 2 sentences. Syntax depth ratio=1.95 (Syntax: 5.00), Lexical sophistication index=5.59 with error density=0.000 (Grammar: 3.26), Sentence completion=5.00. Overall continuous rubric MOS verdict: 4.30.",audio_73.wav
2.514,3.447,5.0,3.385,"Judge evaluation: Evaluated 103 words across 9 sentences. Syntax depth ratio=0.13 (Syntax: 2.51), Lexical sophistication index=5.91 with error density=0.000 (Grammar: 3.45), Sentence completion=5.00. Overall continuous rubric MOS verdict: 3.38.",audio_605.wav
2.708,3.479,5.0,3.475,"Judge evaluation: Evaluated 85 words across 4 sentences. Syntax depth ratio=0.00 (Syntax: 2.71), Lexical sophistication index=5.97 with error density=0.000 (Grammar: 3.48), Sentence completion=5.00. Overall continuous rubric MOS verdict: 3.48.",audio_106.wav
3.599,3.187,5.0,3.714,"Judge evaluation: Evaluated 124 words across 8 sentences. Syntax depth ratio=1.34 (Syntax: 3.60), Lexical sophistication index=5.48 with error density=0.000 (Grammar: 3.19), Sentence completion=5.00. Overall continuous rubric MOS verdict: 3.71.",audio_306.wav
3.69,3.661,5.0,3.94,"Judge evaluation: Evaluated 101 words across 4 sentences. Syntax depth ratio=1.05 (Syntax: 3.69), Lexical sophistication index=6.27 with error density=0.000 (Grammar: 3.66), Sentence completion=5.00. Overall continuous rubric MOS verdict: 3.94.",audio_75.wav
2.702,4.356,5.0,3.823,"Judge evaluation: Evaluated 131 words across 9 sentences. Syntax depth ratio=0.27 (Syntax: 2.70), Lexical sophistication index=7.43 with error density=0.000 (Grammar: 4.36), Sentence completion=5.00. Overall continuous rubric MOS verdict: 3.82.",audio_550.wav
3.019,3.88,5.0,3.76,"Judge evaluation: Evaluated 96 words across 6 sentences. Syntax depth ratio=0.60 (Syntax: 3.02), Lexical sophistication index=6.63 with error density=0.000 (Grammar: 3.88), Sentence completion=5.00. Overall continuous rubric MOS verdict: 3.76.",audio_340.wav
2.91,3.156,5.0,3.427,"Judge evaluation: Evaluated 75 words across 6 sentences. Syntax depth ratio=0.62 (Syntax: 2.91), Lexical sophistication index=5.43 with error density=0.000 (Grammar: 3.16), Sentence completion=5.00. Overall continuous rubric MOS verdict: 3.43.",audio_272.wav
2.846,3.031,5.0,3.351,"Judge evaluation: Evaluated 140 words across 9 sentences. Syntax depth ratio=0.40 (Syntax: 2.85), Lexical sophistication index=5.41 with error density=0.014 (Grammar: 3.03), Sentence completion=5.00. Overall continuous rubric MOS verdict: 3.35.",audio_518.wav
2.323,3.288,5.0,3.245,"Judge evaluation: Evaluated 97 words across 10 sentences. Syntax depth ratio=0.00 (Syntax: 2.32), Lexical sophistication index=5.99 with error density=0.026 (Grammar: 3.29), Sentence completion=5.00. Overall continuous rubric MOS verdict: 3.24.",audio_34.wav
5.0,2.449,5.0,3.979,"Judge evaluation: Evaluated 90 words across 1 sentences. Syntax depth ratio=1.20 (Syntax: 5.00), Lexical sophistication index=4.32 with error density=0.006 (Grammar: 2.45), Sentence completion=5.00. Overall continuous rubric MOS verdict: 3.98.",audio_87.wav
3.17,3.582,5.0,3.701,"Judge evaluation: Evaluated 145 words across 9 sentences. Syntax depth ratio=0.78 (Syntax: 3.17), Lexical sophistication index=6.23 with error density=0.007 (Grammar: 3.58), Sentence completion=5.00. Overall continuous rubric MOS verdict: 3.70.",audio_211.wav
3.133,2.551,5.0,3.274,"Judge evaluation: Evaluated 99 words across 3 sentences. Syntax depth ratio=0.00 (Syntax: 3.13), Lexical sophistication index=5.03 with error density=0.045 (Grammar: 2.55), Sentence completion=5.00. Overall continuous rubric MOS verdict: 3.27.",audio_431.wav
3.805,3.718,5.0,4.009,"Judge evaluation: Evaluated 121 words across 4 sentences. Syntax depth ratio=0.97 (Syntax: 3.81), Lexical sophistication index=6.36 with error density=0.000 (Grammar: 3.72), Sentence completion=5.00. Overall continuous rubric MOS verdict: 4.01.",audio_555.wav
2.463,3.3,5.0,3.305,"Judge evaluation: Evaluated 122 words across 11 sentences. Syntax depth ratio=0.11 (Syntax: 2.46), Lexical sophistication index=5.88 with error density=0.016 (Grammar: 3.30), Sentence completion=5.00. Overall continuous rubric MOS verdict: 3.31.",audio_648.wav
2.787,3.379,5.0,3.466,"Judge evaluation: Evaluated 55 words across 6 sentences. Syntax depth ratio=0.57 (Syntax: 2.79), Lexical sophistication index=5.80 with error density=0.000 (Grammar: 3.38), Sentence completion=5.00. Overall continuous rubric MOS verdict: 3.47.",audio_5051.wav
2.611,3.619,5.0,3.492,"Judge evaluation: Evaluated 110 words across 6 sentences. Syntax depth ratio=0.00 (Syntax: 2.61), Lexical sophistication index=6.20 with error density=0.000 (Grammar: 3.62), Sentence completion=5.00. Overall continuous rubric MOS verdict: 3.49.",audio_422.wav
3.081,4.094,5.0,3.87,"Judge evaluation: Evaluated 131 words across 10 sentences. Syntax depth ratio=0.78 (Syntax: 3.08), Lexical sophistication index=6.99 with error density=0.000 (Grammar: 4.09), Sentence completion=5.00. Overall continuous rubric MOS verdict: 3.87.",audio_627.wav
2.833,4.02,5.0,3.741,"Judge evaluation: Evaluated 113 words across 6 sentences. Syntax depth ratio=0.25 (Syntax: 2.83), Lexical sophistication index=6.87 with error density=0.000 (Grammar: 4.02), Sentence completion=5.00. Overall continuous rubric MOS verdict: 3.74.",audio_122.wav
3.207,3.41,5.0,3.647,"Judge evaluation: Evaluated 79 words across 4 sentences. Syntax depth ratio=0.68 (Syntax: 3.21), Lexical sophistication index=5.85 with error density=0.000 (Grammar: 3.41), Sentence completion=5.00. Overall continuous rubric MOS verdict: 3.65.",audio_88.wav
3.106,2.656,5.0,3.305,"Judge evaluation: Evaluated 81 words across 7 sentences. Syntax depth ratio=0.90 (Syntax: 3.11), Lexical sophistication index=5.33 with error density=0.056 (Grammar: 2.66), Sentence completion=5.00. Overall continuous rubric MOS verdict: 3.30.",audio_165.wav
3.848,3.907,5.0,4.102,"Judge evaluation: Evaluated 111 words across 5 sentences. Syntax depth ratio=1.36 (Syntax: 3.85), Lexical sophistication index=6.74 with error density=0.005 (Grammar: 3.91), Sentence completion=5.00. Overall continuous rubric MOS verdict: 4.10.",audio_276.wav
3.928,4.023,5.0,4.18,"Judge evaluation: Evaluated 137 words across 5 sentences. Syntax depth ratio=1.26 (Syntax: 3.93), Lexical sophistication index=6.92 with error density=0.004 (Grammar: 4.02), Sentence completion=5.00. Overall continuous rubric MOS verdict: 4.18.",audio_746.wav
3.347,2.841,5.0,3.475,"Judge evaluation: Evaluated 51 words across 2 sentences. Syntax depth ratio=0.60 (Syntax: 3.35), Lexical sophistication index=4.90 with error density=0.000 (Grammar: 2.84), Sentence completion=5.00. Overall continuous rubric MOS verdict: 3.47.",audio_252.wav
3.433,3.556,5.0,3.796,"Judge evaluation: Evaluated 57 words across 3 sentences. Syntax depth ratio=1.00 (Syntax: 3.43), Lexical sophistication index=6.09 with error density=0.000 (Grammar: 3.56), Sentence completion=5.00. Overall continuous rubric MOS verdict: 3.80.",audio_266.wav
2.5,3.419,5.0,3.368,"Judge evaluation: Evaluated 71 words across 5 sentences. Syntax depth ratio=0.00 (Syntax: 2.50), Lexical sophistication index=6.05 with error density=0.014 (Grammar: 3.42), Sentence completion=5.00. Overall continuous rubric MOS verdict: 3.37.",audio_611.wav
2.967,2.671,5.0,3.255,"Judge evaluation: Evaluated 27 words across 1 sentences. Syntax depth ratio=0.00 (Syntax: 2.97), Lexical sophistication index=4.62 with error density=0.000 (Grammar: 2.67), Sentence completion=5.00. Overall continuous rubric MOS verdict: 3.26.",audio_5058.wav
3.435,3.779,5.0,3.885,"Judge evaluation: Evaluated 98 words across 5 sentences. Syntax depth ratio=0.96 (Syntax: 3.43), Lexical sophistication index=6.46 with error density=0.000 (Grammar: 3.78), Sentence completion=5.00. Overall continuous rubric MOS verdict: 3.89.",audio_81.wav
2.616,3.472,5.0,3.435,"Judge evaluation: Evaluated 77 words across 6 sentences. Syntax depth ratio=0.20 (Syntax: 2.62), Lexical sophistication index=6.04 with error density=0.006 (Grammar: 3.47), Sentence completion=5.00. Overall continuous rubric MOS verdict: 3.44.",audio_3.wav
3.438,3.14,5.0,3.631,"Judge evaluation: Evaluated 79 words across 4 sentences. Syntax depth ratio=0.97 (Syntax: 3.44), Lexical sophistication index=5.40 with error density=0.000 (Grammar: 3.14), Sentence completion=5.00. Overall continuous rubric MOS verdict: 3.63.",audio_21.wav
2.108,2.441,5.0,2.819,"Judge evaluation: Evaluated 118 words across 66 sentences. Syntax depth ratio=0.06 (Syntax: 2.11), Lexical sophistication index=4.23 with error density=0.000 (Grammar: 2.44), Sentence completion=5.00. Overall continuous rubric MOS verdict: 2.82.",audio_190.wav
4.051,3.603,5.0,4.061,"Judge evaluation: Evaluated 128 words across 5 sentences. Syntax depth ratio=1.48 (Syntax: 4.05), Lexical sophistication index=6.28 with error density=0.008 (Grammar: 3.60), Sentence completion=5.00. Overall continuous rubric MOS verdict: 4.06.",audio_189.wav
5.0,3.227,5.0,4.291,"Judge evaluation: Evaluated 126 words across 1 sentences. Syntax depth ratio=3.90 (Syntax: 5.00), Lexical sophistication index=5.97 with error density=0.032 (Grammar: 3.23), Sentence completion=5.00. Overall continuous rubric MOS verdict: 4.29.",audio_519.wav
2.678,3.435,5.0,3.445,"Judge evaluation: Evaluated 84 words across 6 sentences. Syntax depth ratio=0.25 (Syntax: 2.68), Lexical sophistication index=5.89 with error density=0.000 (Grammar: 3.44), Sentence completion=5.00. Overall continuous rubric MOS verdict: 3.45.",audio_748.wav
3.2,2.8,5.0,3.4,"Judge evaluation: Evaluated 107 words across 7 sentences. Syntax depth ratio=0.86 (Syntax: 3.20), Lexical sophistication index=4.83 with error density=0.000 (Grammar: 2.80), Sentence completion=5.00. Overall continuous rubric MOS verdict: 3.40.",audio_505.wav
2.417,3.226,5.0,3.257,"Judge evaluation: Evaluated 47 words across 4 sentences. Syntax depth ratio=0.00 (Syntax: 2.42), Lexical sophistication index=5.54 with error density=0.000 (Grammar: 3.23), Sentence completion=5.00. Overall continuous rubric MOS verdict: 3.26.",audio_361.wav
2.621,2.959,5.0,3.232,"Judge evaluation: Evaluated 104 words across 9 sentences. Syntax depth ratio=0.27 (Syntax: 2.62), Lexical sophistication index=5.10 with error density=0.000 (Grammar: 2.96), Sentence completion=5.00. Overall continuous rubric MOS verdict: 3.23.",audio_5052.wav
3.288,3.921,5.0,3.884,"Judge evaluation: Evaluated 95 words across 4 sentences. Syntax depth ratio=0.60 (Syntax: 3.29), Lexical sophistication index=6.77 with error density=0.005 (Grammar: 3.92), Sentence completion=5.00. Overall continuous rubric MOS verdict: 3.88.",audio_16.wav
2.907,3.913,5.0,3.728,"Judge evaluation: Evaluated 134 words across 8 sentences. Syntax depth ratio=0.42 (Syntax: 2.91), Lexical sophistication index=6.74 with error density=0.004 (Grammar: 3.91), Sentence completion=5.00. Overall continuous rubric MOS verdict: 3.73.",audio_327.wav
2.616,2.499,5.0,3.046,"Judge evaluation: Evaluated 79 words across 6 sentences. Syntax depth ratio=0.20 (Syntax: 2.62), Lexical sophistication index=5.51 with error density=0.089 (Grammar: 2.50), Sentence completion=5.00. Overall continuous rubric MOS verdict: 3.05.",audio_313.wav
4.573,2.597,4.125,3.693,"Judge evaluation: Evaluated 75 words across 4 sentences. Syntax depth ratio=2.42 (Syntax: 4.57), Lexical sophistication index=4.85 with error density=0.027 (Grammar: 2.60), Sentence completion=4.12. Overall continuous rubric MOS verdict: 3.69.",audio_589.wav
2.954,3.063,5.0,3.407,"Judge evaluation: Evaluated 128 words across 9 sentences. Syntax depth ratio=0.60 (Syntax: 2.95), Lexical sophistication index=5.48 with error density=0.016 (Grammar: 3.06), Sentence completion=5.00. Overall continuous rubric MOS verdict: 3.41.",audio_416.wav
3.152,3.595,5.0,3.699,"Judge evaluation: Evaluated 140 words across 8 sentences. Syntax depth ratio=0.70 (Syntax: 3.15), Lexical sophistication index=6.25 with error density=0.007 (Grammar: 3.60), Sentence completion=5.00. Overall continuous rubric MOS verdict: 3.70.",audio_762.wav
4.082,3.1,5.0,3.873,"Judge evaluation: Evaluated 64 words across 3 sentences. Syntax depth ratio=1.70 (Syntax: 4.08), Lexical sophistication index=5.75 with error density=0.031 (Grammar: 3.10), Sentence completion=5.00. Overall continuous rubric MOS verdict: 3.87.",audio_714.wav
2.379,2.863,5.0,3.097,"Judge evaluation: Evaluated 89 words across 8 sentences. Syntax depth ratio=0.00 (Syntax: 2.38), Lexical sophistication index=5.09 with error density=0.011 (Grammar: 2.86), Sentence completion=5.00. Overall continuous rubric MOS verdict: 3.10.",audio_455.wav
2.383,2.588,5.0,2.989,"Judge evaluation: Evaluated 67 words across 6 sentences. Syntax depth ratio=0.00 (Syntax: 2.38), Lexical sophistication index=5.38 with error density=0.067 (Grammar: 2.59), Sentence completion=5.00. Overall continuous rubric MOS verdict: 2.99.",audio_42.wav
2.687,4.497,5.0,3.873,"Judge evaluation: Evaluated 101 words across 5 sentences. Syntax depth ratio=0.00 (Syntax: 2.69), Lexical sophistication index=7.66 with error density=0.000 (Grammar: 4.50), Sentence completion=5.00. Overall continuous rubric MOS verdict: 3.87.",audio_561.wav
2.711,3.319,3.833,3.179,"Judge evaluation: Evaluated 60 words across 3 sentences. Syntax depth ratio=0.00 (Syntax: 2.71), Lexical sophistication index=5.81 with error density=0.008 (Grammar: 3.32), Sentence completion=3.83. Overall continuous rubric MOS verdict: 3.18.",audio_226.wav
2.647,3.456,5.0,3.441,"Judge evaluation: Evaluated 83 words across 7 sentences. Syntax depth ratio=0.31 (Syntax: 2.65), Lexical sophistication index=5.93 with error density=0.000 (Grammar: 3.46), Sentence completion=5.00. Overall continuous rubric MOS verdict: 3.44.",audio_110.wav
2.972,2.792,5.0,3.305,"Judge evaluation: Evaluated 111 words across 10 sentences. Syntax depth ratio=0.74 (Syntax: 2.97), Lexical sophistication index=5.60 with error density=0.059 (Grammar: 2.79), Sentence completion=5.00. Overall continuous rubric MOS verdict: 3.31.",audio_739.wav
3.344,2.925,5.0,3.508,"Judge evaluation: Evaluated 119 words across 3 sentences. Syntax depth ratio=0.00 (Syntax: 3.34), Lexical sophistication index=5.04 with error density=0.000 (Grammar: 2.93), Sentence completion=5.00. Overall continuous rubric MOS verdict: 3.51.",audio_504.wav
5.0,4.0,5.0,4.6,"Judge evaluation: Evaluated 144 words across 1 sentences. Syntax depth ratio=1.50 (Syntax: 5.00), Lexical sophistication index=6.83 with error density=0.000 (Grammar: 4.00), Sentence completion=5.00. Overall continuous rubric MOS verdict: 4.60.",audio_379.wav
4.349,3.058,5.0,3.963,"Judge evaluation: Evaluated 125 words across 3 sentences. Syntax depth ratio=1.20 (Syntax: 4.35), Lexical sophistication index=5.90 with error density=0.048 (Grammar: 3.06), Sentence completion=5.00. Overall continuous rubric MOS verdict: 3.96.",audio_520.wav
3.58,2.774,5.0,3.542,"Judge evaluation: Evaluated 129 words across 4 sentences. Syntax depth ratio=0.60 (Syntax: 3.58), Lexical sophistication index=4.84 with error density=0.004 (Grammar: 2.77), Sentence completion=5.00. Overall continuous rubric MOS verdict: 3.54.",audio_5068.wav
5.0,3.147,5.0,4.259,"Judge evaluation: Evaluated 82 words across 2 sentences. Syntax depth ratio=3.25 (Syntax: 5.00), Lexical sophistication index=5.41 with error density=0.000 (Grammar: 3.15), Sentence completion=5.00. Overall continuous rubric MOS verdict: 4.26.",audio_30.wav
4.977,2.498,5.0,3.99,"Judge evaluation: Evaluated 48 words across 2 sentences. Syntax depth ratio=2.70 (Syntax: 4.98), Lexical sophistication index=4.33 with error density=0.000 (Grammar: 2.50), Sentence completion=5.00. Overall continuous rubric MOS verdict: 3.99.",audio_5041.wav
2.763,3.098,5.0,3.344,"Judge evaluation: Evaluated 134 words across 12 sentences. Syntax depth ratio=0.48 (Syntax: 2.76), Lexical sophistication index=5.53 with error density=0.015 (Grammar: 3.10), Sentence completion=5.00. Overall continuous rubric MOS verdict: 3.34.",audio_485.wav
2.621,2.829,5.0,3.18,"Judge evaluation: Evaluated 85 words across 8 sentences. Syntax depth ratio=0.31 (Syntax: 2.62), Lexical sophistication index=4.88 with error density=0.000 (Grammar: 2.83), Sentence completion=5.00. Overall continuous rubric MOS verdict: 3.18.",audio_475.wav
2.499,4.383,5.0,3.753,"Judge evaluation: Evaluated 132 words across 11 sentences. Syntax depth ratio=0.11 (Syntax: 2.50), Lexical sophistication index=7.57 with error density=0.008 (Grammar: 4.38), Sentence completion=5.00. Overall continuous rubric MOS verdict: 3.75.",audio_145.wav
2.5,3.778,5.0,3.511,"Judge evaluation: Evaluated 92 words across 8 sentences. Syntax depth ratio=0.12 (Syntax: 2.50), Lexical sophistication index=6.46 with error density=0.000 (Grammar: 3.78), Sentence completion=5.00. Overall continuous rubric MOS verdict: 3.51.",audio_308.wav
2.654,3.708,5.0,3.545,"Judge evaluation: Evaluated 114 words across 12 sentences. Syntax depth ratio=0.41 (Syntax: 2.65), Lexical sophistication index=6.93 with error density=0.044 (Grammar: 3.71), Sentence completion=5.00. Overall continuous rubric MOS verdict: 3.54.",audio_184.wav
3.239,3.359,5.0,3.639,"Judge evaluation: Evaluated 106 words across 5 sentences. Syntax depth ratio=0.64 (Syntax: 3.24), Lexical sophistication index=5.83 with error density=0.005 (Grammar: 3.36), Sentence completion=5.00. Overall continuous rubric MOS verdict: 3.64.",audio_586.wav
2.627,3.654,5.0,3.512,"Judge evaluation: Evaluated 83 words across 6 sentences. Syntax depth ratio=0.20 (Syntax: 2.63), Lexical sophistication index=6.26 with error density=0.000 (Grammar: 3.65), Sentence completion=5.00. Overall continuous rubric MOS verdict: 3.51.",audio_398.wav
3.242,3.244,5.0,3.595,"Judge evaluation: Evaluated 127 words across 6 sentences. Syntax depth ratio=0.65 (Syntax: 3.24), Lexical sophistication index=5.68 with error density=0.008 (Grammar: 3.24), Sentence completion=5.00. Overall continuous rubric MOS verdict: 3.59.",audio_726.wav
2.724,3.758,5.0,3.593,"Judge evaluation: Evaluated 98 words across 9 sentences. Syntax depth ratio=0.40 (Syntax: 2.72), Lexical sophistication index=6.57 with error density=0.010 (Grammar: 3.76), Sentence completion=5.00. Overall continuous rubric MOS verdict: 3.59.",audio_466.wav
2.911,4.177,5.0,3.835,"Judge evaluation: Evaluated 103 words across 7 sentences. Syntax depth ratio=0.51 (Syntax: 2.91), Lexical sophistication index=7.19 with error density=0.005 (Grammar: 4.18), Sentence completion=5.00. Overall continuous rubric MOS verdict: 3.84.",audio_218.wav
2.728,2.925,5.0,3.261,"Judge evaluation: Evaluated 93 words across 10 sentences. Syntax depth ratio=0.51 (Syntax: 2.73), Lexical sophistication index=5.18 with error density=0.011 (Grammar: 2.92), Sentence completion=5.00. Overall continuous rubric MOS verdict: 3.26.",audio_644.wav
2.538,3.418,5.0,3.382,"Judge evaluation: Evaluated 88 words across 8 sentences. Syntax depth ratio=0.19 (Syntax: 2.54), Lexical sophistication index=5.86 with error density=0.000 (Grammar: 3.42), Sentence completion=5.00. Overall continuous rubric MOS verdict: 3.38.",audio_351.wav
2.427,3.755,5.0,3.473,"Judge evaluation: Evaluated 63 words across 5 sentences. Syntax depth ratio=0.00 (Syntax: 2.43), Lexical sophistication index=6.43 with error density=0.000 (Grammar: 3.76), Sentence completion=5.00. Overall continuous rubric MOS verdict: 3.47.",audio_248.wav
2.704,3.727,5.0,3.572,"Judge evaluation: Evaluated 117 words across 7 sentences. Syntax depth ratio=0.17 (Syntax: 2.70), Lexical sophistication index=6.38 with error density=0.000 (Grammar: 3.73), Sentence completion=5.00. Overall continuous rubric MOS verdict: 3.57.",audio_83.wav
4.66,3.762,5.0,4.369,"Judge evaluation: Evaluated 102 words across 2 sentences. Syntax depth ratio=1.20 (Syntax: 4.66), Lexical sophistication index=6.44 with error density=0.000 (Grammar: 3.76), Sentence completion=5.00. Overall continuous rubric MOS verdict: 4.37.",audio_71.wav
3.501,4.171,5.0,4.069,"Judge evaluation: Evaluated 114 words across 6 sentences. Syntax depth ratio=1.05 (Syntax: 3.50), Lexical sophistication index=7.12 with error density=0.000 (Grammar: 4.17), Sentence completion=5.00. Overall continuous rubric MOS verdict: 4.07.",audio_287.wav
2.347,2.972,5.0,3.128,"Judge evaluation: Evaluated 63 words across 9 sentences. Syntax depth ratio=0.13 (Syntax: 2.35), Lexical sophistication index=5.54 with error density=0.032 (Grammar: 2.97), Sentence completion=5.00. Overall continuous rubric MOS verdict: 3.13.",audio_367.wav
2.44,3.962,5.0,3.561,"Judge evaluation: Evaluated 106 words across 10 sentences. Syntax depth ratio=0.10 (Syntax: 2.44), Lexical sophistication index=6.90 with error density=0.009 (Grammar: 3.96), Sentence completion=5.00. Overall continuous rubric MOS verdict: 3.56.",audio_166.wav
1.0,1.0,1.0,1.0,Fragmentary utterance with insufficient grammatical structure.,audio_94.wav
3.209,3.841,5.0,3.82,"Judge evaluation: Evaluated 139 words across 8 sentences. Syntax depth ratio=0.79 (Syntax: 3.21), Lexical sophistication index=6.62 with error density=0.004 (Grammar: 3.84), Sentence completion=5.00. Overall continuous rubric MOS verdict: 3.82.",audio_108.wav
2.729,1.0,5.0,2.492,"Judge evaluation: Evaluated 174 words across 8 sentences. Syntax depth ratio=0.00 (Syntax: 2.73), Lexical sophistication index=5.38 with error density=0.931 (Grammar: 1.00), Sentence completion=5.00. Overall continuous rubric MOS verdict: 2.49.",audio_511.wav
1.0,1.0,1.0,1.0,Fragmentary utterance with insufficient grammatical structure.,audio_5059.wav
2.455,3.308,5.0,3.305,"Judge evaluation: Evaluated 90 words across 9 sentences. Syntax depth ratio=0.13 (Syntax: 2.45), Lexical sophistication index=5.90 with error density=0.017 (Grammar: 3.31), Sentence completion=5.00. Overall continuous rubric MOS verdict: 3.31.",audio_310.wav
3.026,3.398,5.0,3.569,"Judge evaluation: Evaluated 89 words across 6 sentences. Syntax depth ratio=0.65 (Syntax: 3.03), Lexical sophistication index=5.83 with error density=0.000 (Grammar: 3.40), Sentence completion=5.00. Overall continuous rubric MOS verdict: 3.57.",audio_50.wav
2.825,2.854,5.0,3.272,"Judge evaluation: Evaluated 60 words across 4 sentences. Syntax depth ratio=0.38 (Syntax: 2.82), Lexical sophistication index=5.03 with error density=0.008 (Grammar: 2.85), Sentence completion=5.00. Overall continuous rubric MOS verdict: 3.27.",audio_6.wav
3.203,3.616,5.0,3.727,"Judge evaluation: Evaluated 119 words across 7 sentences. Syntax depth ratio=0.77 (Syntax: 3.20), Lexical sophistication index=6.42 with error density=0.017 (Grammar: 3.62), Sentence completion=5.00. Overall continuous rubric MOS verdict: 3.73.",audio_515.wav
2.627,3.13,5.0,3.303,"Judge evaluation: Evaluated 58 words across 5 sentences. Syntax depth ratio=0.30 (Syntax: 2.63), Lexical sophistication index=5.38 with error density=0.000 (Grammar: 3.13), Sentence completion=5.00. Overall continuous rubric MOS verdict: 3.30.",audio_742.wav
2.481,3.156,5.0,3.255,"Judge evaluation: Evaluated 99 words across 9 sentences. Syntax depth ratio=0.13 (Syntax: 2.48), Lexical sophistication index=5.63 with error density=0.015 (Grammar: 3.16), Sentence completion=5.00. Overall continuous rubric MOS verdict: 3.25.",audio_545.wav
4.297,3.139,3.25,3.624,"Judge evaluation: Evaluated 109 words across 2 sentences. Syntax depth ratio=0.60 (Syntax: 4.30), Lexical sophistication index=5.46 with error density=0.005 (Grammar: 3.14), Sentence completion=3.25. Overall continuous rubric MOS verdict: 3.62.",audio_489.wav
4.783,4.567,5.0,4.74,"Judge evaluation: Evaluated 128 words across 4 sentences. Syntax depth ratio=2.12 (Syntax: 4.78), Lexical sophistication index=7.78 with error density=0.000 (Grammar: 4.57), Sentence completion=5.00. Overall continuous rubric MOS verdict: 4.74.",audio_697.wav
2.43,3.525,5.0,3.382,"Judge evaluation: Evaluated 108 words across 11 sentences. Syntax depth ratio=0.11 (Syntax: 2.43), Lexical sophistication index=6.35 with error density=0.023 (Grammar: 3.53), Sentence completion=5.00. Overall continuous rubric MOS verdict: 3.38.",audio_225.wav
5.0,2.584,5.0,4.034,"Judge evaluation: Evaluated 105 words across 2 sentences. Syntax depth ratio=3.90 (Syntax: 5.00), Lexical sophistication index=5.17 with error density=0.052 (Grammar: 2.58), Sentence completion=5.00. Overall continuous rubric MOS verdict: 4.03.",audio_553.wav
5.0,2.993,5.0,4.197,"Judge evaluation: Evaluated 76 words across 2 sentences. Syntax depth ratio=2.30 (Syntax: 5.00), Lexical sophistication index=5.51 with error density=0.026 (Grammar: 2.99), Sentence completion=5.00. Overall continuous rubric MOS verdict: 4.20.",audio_237.wav
2.607,4.519,5.0,3.85,"Judge evaluation: Evaluated 126 words across 13 sentences. Syntax depth ratio=0.34 (Syntax: 2.61), Lexical sophistication index=7.75 with error density=0.004 (Grammar: 4.52), Sentence completion=5.00. Overall continuous rubric MOS verdict: 3.85.",audio_197.wav
2.627,3.737,5.0,3.545,"Judge evaluation: Evaluated 152 words across 10 sentences. Syntax depth ratio=0.15 (Syntax: 2.63), Lexical sophistication index=6.57 with error density=0.013 (Grammar: 3.74), Sentence completion=5.00. Overall continuous rubric MOS verdict: 3.55.",audio_449.wav
2.878,3.129,5.0,3.403,"Judge evaluation: Evaluated 97 words across 7 sentences. Syntax depth ratio=0.51 (Syntax: 2.88), Lexical sophistication index=5.38 with error density=0.000 (Grammar: 3.13), Sentence completion=5.00. Overall continuous rubric MOS verdict: 3.40.",audio_567.wav
3.729,3.335,5.0,3.826,"Judge evaluation: Evaluated 77 words across 5 sentences. Syntax depth ratio=1.52 (Syntax: 3.73), Lexical sophistication index=5.81 with error density=0.006 (Grammar: 3.34), Sentence completion=5.00. Overall continuous rubric MOS verdict: 3.83.",audio_477.wav
2.461,3.003,5.0,3.186,"Judge evaluation: Evaluated 80 words across 6 sentences. Syntax depth ratio=0.00 (Syntax: 2.46), Lexical sophistication index=5.25 with error density=0.006 (Grammar: 3.00), Sentence completion=5.00. Overall continuous rubric MOS verdict: 3.19.",audio_728.wav
3.197,2.919,5.0,3.446,"Judge evaluation: Evaluated 43 words across 2 sentences. Syntax depth ratio=0.60 (Syntax: 3.20), Lexical sophistication index=5.03 with error density=0.000 (Grammar: 2.92), Sentence completion=5.00. Overall continuous rubric MOS verdict: 3.45.",audio_377.wav
4.427,3.176,5.0,4.041,"Judge evaluation: Evaluated 109 words across 5 sentences. Syntax depth ratio=2.10 (Syntax: 4.43), Lexical sophistication index=5.46 with error density=0.000 (Grammar: 3.18), Sentence completion=5.00. Overall continuous rubric MOS verdict: 4.04.",audio_633.wav
2.927,3.572,5.0,3.599,"Judge evaluation: Evaluated 75 words across 6 sentences. Syntax depth ratio=0.62 (Syntax: 2.93), Lexical sophistication index=6.12 with error density=0.000 (Grammar: 3.57), Sentence completion=5.00. Overall continuous rubric MOS verdict: 3.60.",audio_690.wav
2.627,4.127,4.731,3.648,"Judge evaluation: Evaluated 149 words across 13 sentences. Syntax depth ratio=0.30 (Syntax: 2.63), Lexical sophistication index=7.05 with error density=0.000 (Grammar: 4.13), Sentence completion=4.73. Overall continuous rubric MOS verdict: 3.65.",audio_525.wav
3.702,3.738,5.0,3.976,"Judge evaluation: Evaluated 88 words across 4 sentences. Syntax depth ratio=1.20 (Syntax: 3.70), Lexical sophistication index=6.40 with error density=0.000 (Grammar: 3.74), Sentence completion=5.00. Overall continuous rubric MOS verdict: 3.98.",audio_31.wav
3.073,3.743,5.0,3.726,"Judge evaluation: Evaluated 103 words across 7 sentences. Syntax depth ratio=0.73 (Syntax: 3.07), Lexical sophistication index=6.40 with error density=0.000 (Grammar: 3.74), Sentence completion=5.00. Overall continuous rubric MOS verdict: 3.73.",audio_676.wav
2.837,3.863,5.0,3.68,"Judge evaluation: Evaluated 91 words across 6 sentences. Syntax depth ratio=0.40 (Syntax: 2.84), Lexical sophistication index=6.60 with error density=0.000 (Grammar: 3.86), Sentence completion=5.00. Overall continuous rubric MOS verdict: 3.68.",audio_263.wav
2.567,1.0,5.0,2.427,"Judge evaluation: Evaluated 60 words across 4 sentences. Syntax depth ratio=0.00 (Syntax: 2.57), Lexical sophistication index=0.90 with error density=0.000 (Grammar: 1.00), Sentence completion=5.00. Overall continuous rubric MOS verdict: 2.43.",audio_5070.wav
2.78,3.809,5.0,3.636,"Judge evaluation: Evaluated 129 words across 9 sentences. Syntax depth ratio=0.38 (Syntax: 2.78), Lexical sophistication index=6.52 with error density=0.000 (Grammar: 3.81), Sentence completion=5.00. Overall continuous rubric MOS verdict: 3.64.",audio_510.wav
2.59,3.752,5.0,3.537,"Judge evaluation: Evaluated 95 words across 7 sentences. Syntax depth ratio=0.17 (Syntax: 2.59), Lexical sophistication index=6.77 with error density=0.026 (Grammar: 3.75), Sentence completion=5.00. Overall continuous rubric MOS verdict: 3.54.",audio_577.wav
3.249,4.565,5.0,4.126,"Judge evaluation: Evaluated 134 words across 6 sentences. Syntax depth ratio=0.62 (Syntax: 3.25), Lexical sophistication index=7.77 with error density=0.000 (Grammar: 4.56), Sentence completion=5.00. Overall continuous rubric MOS verdict: 4.13.",audio_230.wav
2.842,3.009,5.0,3.34,"Judge evaluation: Evaluated 76 words across 4 sentences. Syntax depth ratio=0.25 (Syntax: 2.84), Lexical sophistication index=5.62 with error density=0.033 (Grammar: 3.01), Sentence completion=5.00. Overall continuous rubric MOS verdict: 3.34.",audio_314.wav
2.889,3.468,5.0,3.543,"Judge evaluation: Evaluated 55 words across 3 sentences. Syntax depth ratio=0.33 (Syntax: 2.89), Lexical sophistication index=6.07 with error density=0.009 (Grammar: 3.47), Sentence completion=5.00. Overall continuous rubric MOS verdict: 3.54.",audio_641.wav
3.308,3.857,5.0,3.866,"Judge evaluation: Evaluated 119 words across 4 sentences. Syntax depth ratio=0.38 (Syntax: 3.31), Lexical sophistication index=6.88 with error density=0.021 (Grammar: 3.86), Sentence completion=5.00. Overall continuous rubric MOS verdict: 3.87.",audio_689.wav
2.861,3.301,5.0,3.465,"Judge evaluation: Evaluated 110 words across 8 sentences. Syntax depth ratio=0.49 (Syntax: 2.86), Lexical sophistication index=5.91 with error density=0.018 (Grammar: 3.30), Sentence completion=5.00. Overall continuous rubric MOS verdict: 3.46.",audio_352.wav
5.0,3.101,5.0,4.24,"Judge evaluation: Evaluated 43 words across 1 sentences. Syntax depth ratio=3.90 (Syntax: 5.00), Lexical sophistication index=5.49 with error density=0.012 (Grammar: 3.10), Sentence completion=5.00. Overall continuous rubric MOS verdict: 4.24.",audio_193.wav
2.279,1.0,5.0,2.312,"Judge evaluation: Evaluated 103 words across 13 sentences. Syntax depth ratio=0.00 (Syntax: 2.28), Lexical sophistication index=1.18 with error density=0.000 (Grammar: 1.00), Sentence completion=5.00. Overall continuous rubric MOS verdict: 2.31.",audio_5049.wav
2.866,3.747,5.0,3.645,"Judge evaluation: Evaluated 112 words across 7 sentences. Syntax depth ratio=0.39 (Syntax: 2.87), Lexical sophistication index=6.71 with error density=0.022 (Grammar: 3.75), Sentence completion=5.00. Overall continuous rubric MOS verdict: 3.64.",audio_300.wav
3.633,2.471,5.0,3.442,"Judge evaluation: Evaluated 49 words across 1 sentences. Syntax depth ratio=0.00 (Syntax: 3.63), Lexical sophistication index=4.29 with error density=0.000 (Grammar: 2.47), Sentence completion=5.00. Overall continuous rubric MOS verdict: 3.44.",audio_581.wav
3.663,2.084,5.0,3.299,"Judge evaluation: Evaluated 71 words across 2 sentences. Syntax depth ratio=0.60 (Syntax: 3.66), Lexical sophistication index=4.39 with error density=0.056 (Grammar: 2.08), Sentence completion=5.00. Overall continuous rubric MOS verdict: 3.30.",audio_164.wav
3.822,2.513,5.0,3.534,"Judge evaluation: Evaluated 132 words across 7 sentences. Syntax depth ratio=1.49 (Syntax: 3.82), Lexical sophistication index=4.96 with error density=0.045 (Grammar: 2.51), Sentence completion=5.00. Overall continuous rubric MOS verdict: 3.53.",audio_502.wav
4.504,3.688,5.0,4.277,"Judge evaluation: Evaluated 131 words across 3 sentences. Syntax depth ratio=1.20 (Syntax: 4.50), Lexical sophistication index=6.47 with error density=0.011 (Grammar: 3.69), Sentence completion=5.00. Overall continuous rubric MOS verdict: 4.28.",audio_380.wav
2.263,3.005,5.0,3.107,"Judge evaluation: Evaluated 79 words across 10 sentences. Syntax depth ratio=0.00 (Syntax: 2.26), Lexical sophistication index=5.18 with error density=0.000 (Grammar: 3.01), Sentence completion=5.00. Overall continuous rubric MOS verdict: 3.11.",audio_15.wav
3.0,2.31,5.0,3.124,"Judge evaluation: Evaluated 30 words across 1 sentences. Syntax depth ratio=0.00 (Syntax: 3.00), Lexical sophistication index=4.02 with error density=0.000 (Grammar: 2.31), Sentence completion=5.00. Overall continuous rubric MOS verdict: 3.12.",audio_238.wav
2.292,2.986,5.0,3.111,"Judge evaluation: Evaluated 80 words across 12 sentences. Syntax depth ratio=0.08 (Syntax: 2.29), Lexical sophistication index=5.14 with error density=0.000 (Grammar: 2.99), Sentence completion=5.00. Overall continuous rubric MOS verdict: 3.11.",audio_53.wav
2.353,2.985,5.0,3.135,"Judge evaluation: Evaluated 52 words across 5 sentences. Syntax depth ratio=0.00 (Syntax: 2.35), Lexical sophistication index=5.27 with error density=0.010 (Grammar: 2.98), Sentence completion=5.00. Overall continuous rubric MOS verdict: 3.14.",audio_283.wav
2.446,3.999,4.562,3.49,"Judge evaluation: Evaluated 105 words across 8 sentences. Syntax depth ratio=0.00 (Syntax: 2.45), Lexical sophistication index=6.83 with error density=0.000 (Grammar: 4.00), Sentence completion=4.56. Overall continuous rubric MOS verdict: 3.49.",audio_614.wav
2.566,2.986,5.0,3.221,"Judge evaluation: Evaluated 107 words across 8 sentences. Syntax depth ratio=0.15 (Syntax: 2.57), Lexical sophistication index=5.70 with error density=0.042 (Grammar: 2.99), Sentence completion=5.00. Overall continuous rubric MOS verdict: 3.22.",audio_121.wav
4.031,3.373,5.0,3.962,"Judge evaluation: Evaluated 130 words across 3 sentences. Syntax depth ratio=0.73 (Syntax: 4.03), Lexical sophistication index=5.79 with error density=0.000 (Grammar: 3.37), Sentence completion=5.00. Overall continuous rubric MOS verdict: 3.96.",audio_216.wav
2.641,3.824,5.0,3.586,"Judge evaluation: Evaluated 126 words across 11 sentences. Syntax depth ratio=0.31 (Syntax: 2.64), Lexical sophistication index=6.59 with error density=0.004 (Grammar: 3.82), Sentence completion=5.00. Overall continuous rubric MOS verdict: 3.59.",audio_552.wav
3.189,2.773,5.0,3.385,"Judge evaluation: Evaluated 89 words across 5 sentences. Syntax depth ratio=0.72 (Syntax: 3.19), Lexical sophistication index=5.09 with error density=0.022 (Grammar: 2.77), Sentence completion=5.00. Overall continuous rubric MOS verdict: 3.38.",audio_514.wav
3.433,4.616,5.0,4.22,"Judge evaluation: Evaluated 140 words across 5 sentences. Syntax depth ratio=0.60 (Syntax: 3.43), Lexical sophistication index=7.86 with error density=0.000 (Grammar: 4.62), Sentence completion=5.00. Overall continuous rubric MOS verdict: 4.22.",audio_593.wav
2.304,2.697,5.0,3.0,"Judge evaluation: Evaluated 70 words across 8 sentences. Syntax depth ratio=0.00 (Syntax: 2.30), Lexical sophistication index=4.66 with error density=0.000 (Grammar: 2.70), Sentence completion=5.00. Overall continuous rubric MOS verdict: 3.00.",audio_565.wav
3.343,3.228,5.0,3.628,"Judge evaluation: Evaluated 78 words across 5 sentences. Syntax depth ratio=1.02 (Syntax: 3.34), Lexical sophistication index=5.89 with error density=0.026 (Grammar: 3.23), Sentence completion=5.00. Overall continuous rubric MOS verdict: 3.63.",audio_140.wav
3.376,3.816,5.0,3.877,"Judge evaluation: Evaluated 71 words across 3 sentences. Syntax depth ratio=0.73 (Syntax: 3.38), Lexical sophistication index=6.53 with error density=0.000 (Grammar: 3.82), Sentence completion=5.00. Overall continuous rubric MOS verdict: 3.88.",audio_117.wav
2.795,3.973,5.0,3.707,"Judge evaluation: Evaluated 132 words across 9 sentences. Syntax depth ratio=0.38 (Syntax: 2.79), Lexical sophistication index=6.79 with error density=0.000 (Grammar: 3.97), Sentence completion=5.00. Overall continuous rubric MOS verdict: 3.71.",audio_495.wav
3.629,3.031,5.0,3.664,"Judge evaluation: Evaluated 85 words across 3 sentences. Syntax depth ratio=0.80 (Syntax: 3.63), Lexical sophistication index=5.53 with error density=0.024 (Grammar: 3.03), Sentence completion=5.00. Overall continuous rubric MOS verdict: 3.66.",audio_652.wav
3.092,2.507,5.0,3.24,"Judge evaluation: Evaluated 111 words across 6 sentences. Syntax depth ratio=0.57 (Syntax: 3.09), Lexical sophistication index=5.13 with error density=0.059 (Grammar: 2.51), Sentence completion=5.00. Overall continuous rubric MOS verdict: 3.24.",audio_645.wav
3.189,2.841,5.0,3.412,"Judge evaluation: Evaluated 70 words across 3 sentences. Syntax depth ratio=0.50 (Syntax: 3.19), Lexical sophistication index=5.38 with error density=0.036 (Grammar: 2.84), Sentence completion=5.00. Overall continuous rubric MOS verdict: 3.41.",audio_242.wav
5.0,3.08,5.0,4.232,"Judge evaluation: Evaluated 100 words across 1 sentences. Syntax depth ratio=4.80 (Syntax: 5.00), Lexical sophistication index=5.70 with error density=0.030 (Grammar: 3.08), Sentence completion=5.00. Overall continuous rubric MOS verdict: 4.23.",audio_4.wav
3.762,2.506,5.0,3.507,"Judge evaluation: Evaluated 98 words across 3 sentences. Syntax depth ratio=0.80 (Syntax: 3.76), Lexical sophistication index=4.34 with error density=0.000 (Grammar: 2.51), Sentence completion=5.00. Overall continuous rubric MOS verdict: 3.51.",audio_93.wav
5.0,2.198,5.0,3.879,"Judge evaluation: Evaluated 33 words across 1 sentences. Syntax depth ratio=2.40 (Syntax: 5.00), Lexical sophistication index=3.83 with error density=0.000 (Grammar: 2.20), Sentence completion=5.00. Overall continuous rubric MOS verdict: 3.88.",audio_582.wav
2.693,3.643,5.0,3.535,"Judge evaluation: Evaluated 101 words across 5 sentences. Syntax depth ratio=0.00 (Syntax: 2.69), Lexical sophistication index=6.77 with error density=0.040 (Grammar: 3.64), Sentence completion=5.00. Overall continuous rubric MOS verdict: 3.53.",audio_222.wav
5.0,1.0,5.0,3.4,"Judge evaluation: Evaluated 78 words across 1 sentences. Syntax depth ratio=16.80 (Syntax: 5.00), Lexical sophistication index=0.91 with error density=0.000 (Grammar: 1.00), Sentence completion=5.00. Overall continuous rubric MOS verdict: 3.40.",audio_5042.wav
3.7,3.213,5.0,3.765,"Judge evaluation: Evaluated 64 words across 2 sentences. Syntax depth ratio=0.75 (Syntax: 3.70), Lexical sophistication index=5.62 with error density=0.008 (Grammar: 3.21), Sentence completion=5.00. Overall continuous rubric MOS verdict: 3.77.",audio_253.wav
3.541,3.506,5.0,3.819,"Judge evaluation: Evaluated 117 words across 7 sentences. Syntax depth ratio=1.20 (Syntax: 3.54), Lexical sophistication index=6.01 with error density=0.000 (Grammar: 3.51), Sentence completion=5.00. Overall continuous rubric MOS verdict: 3.82.",audio_167.wav
2.921,2.887,5.0,3.323,"Judge evaluation: Evaluated 107 words across 7 sentences. Syntax depth ratio=0.51 (Syntax: 2.92), Lexical sophistication index=5.41 with error density=0.033 (Grammar: 2.89), Sentence completion=5.00. Overall continuous rubric MOS verdict: 3.32.",audio_583.wav
2.713,3.741,5.0,3.582,"Judge evaluation: Evaluated 123 words across 10 sentences. Syntax depth ratio=0.37 (Syntax: 2.71), Lexical sophistication index=6.40 with error density=0.000 (Grammar: 3.74), Sentence completion=5.00. Overall continuous rubric MOS verdict: 3.58.",audio_682.wav
2.167,1.3,5.0,2.387,"Judge evaluation: Evaluated 9 words across 2 sentences. Syntax depth ratio=0.00 (Syntax: 2.17), Lexical sophistication index=2.33 with error density=0.000 (Grammar: 1.30), Sentence completion=5.00. Overall continuous rubric MOS verdict: 2.39.",audio_5045.wav
3.631,3.291,5.0,3.769,"Judge evaluation: Evaluated 126 words across 6 sentences. Syntax depth ratio=1.15 (Syntax: 3.63), Lexical sophistication index=5.97 with error density=0.024 (Grammar: 3.29), Sentence completion=5.00. Overall continuous rubric MOS verdict: 3.77.",audio_173.wav
3.15,5.0,5.0,4.26,"Judge evaluation: Evaluated 152 words across 7 sentences. Syntax depth ratio=0.51 (Syntax: 3.15), Lexical sophistication index=8.68 with error density=0.003 (Grammar: 5.00), Sentence completion=5.00. Overall continuous rubric MOS verdict: 4.26.",audio_338.wav
2.905,3.827,5.0,3.693,"Judge evaluation: Evaluated 121 words across 9 sentences. Syntax depth ratio=0.57 (Syntax: 2.91), Lexical sophistication index=6.55 with error density=0.000 (Grammar: 3.83), Sentence completion=5.00. Overall continuous rubric MOS verdict: 3.69.",audio_188.wav
3.304,2.98,5.0,3.514,"Judge evaluation: Evaluated 100 words across 5 sentences. Syntax depth ratio=0.78 (Syntax: 3.30), Lexical sophistication index=5.20 with error density=0.005 (Grammar: 2.98), Sentence completion=5.00. Overall continuous rubric MOS verdict: 3.51.",audio_59.wav
3.441,3.703,5.0,3.857,"Judge evaluation: Evaluated 122 words across 7 sentences. Syntax depth ratio=1.06 (Syntax: 3.44), Lexical sophistication index=6.34 with error density=0.000 (Grammar: 3.70), Sentence completion=5.00. Overall continuous rubric MOS verdict: 3.86.",audio_318.wav
5.0,2.81,5.0,4.124,"Judge evaluation: Evaluated 112 words across 3 sentences. Syntax depth ratio=2.60 (Syntax: 5.00), Lexical sophistication index=5.39 with error density=0.040 (Grammar: 2.81), Sentence completion=5.00. Overall continuous rubric MOS verdict: 4.12.",audio_17.wav
2.735,3.328,5.0,3.425,"Judge evaluation: Evaluated 114 words across 10 sentences. Syntax depth ratio=0.44 (Syntax: 2.74), Lexical sophistication index=5.71 with error density=0.000 (Grammar: 3.33), Sentence completion=5.00. Overall continuous rubric MOS verdict: 3.43.",audio_551.wav
2.492,2.682,5.0,3.069,"Judge evaluation: Evaluated 57 words across 4 sentences. Syntax depth ratio=0.00 (Syntax: 2.49), Lexical sophistication index=4.64 with error density=0.000 (Grammar: 2.68), Sentence completion=5.00. Overall continuous rubric MOS verdict: 3.07.",audio_275.wav
3.077,3.867,5.0,3.777,"Judge evaluation: Evaluated 131 words across 8 sentences. Syntax depth ratio=0.64 (Syntax: 3.08), Lexical sophistication index=6.81 with error density=0.015 (Grammar: 3.87), Sentence completion=5.00. Overall continuous rubric MOS verdict: 3.78.",audio_368.wav
2.9,2.929,5.0,3.331,"Judge evaluation: Evaluated 54 words across 2 sentences. Syntax depth ratio=0.00 (Syntax: 2.90), Lexical sophistication index=5.17 with error density=0.009 (Grammar: 2.93), Sentence completion=5.00. Overall continuous rubric MOS verdict: 3.33.",audio_730.wav
1.0,1.0,1.0,1.0,Fragmentary utterance with insufficient grammatical structure.,audio_5060.wav
5.0,3.354,5.0,4.342,"Judge evaluation: Evaluated 116 words across 1 sentences. Syntax depth ratio=10.50 (Syntax: 5.00), Lexical sophistication index=5.76 with error density=0.000 (Grammar: 3.35), Sentence completion=5.00. Overall continuous rubric MOS verdict: 4.34.",audio_685.wav
2.538,2.883,5.0,3.168,"Judge evaluation: Evaluated 68 words across 6 sentences. Syntax depth ratio=0.20 (Syntax: 2.54), Lexical sophistication index=4.97 with error density=0.000 (Grammar: 2.88), Sentence completion=5.00. Overall continuous rubric MOS verdict: 3.17.",audio_7.wav
3.164,4.214,5.0,3.951,"Judge evaluation: Evaluated 137 words across 11 sentences. Syntax depth ratio=0.91 (Syntax: 3.16), Lexical sophistication index=7.43 with error density=0.018 (Grammar: 4.21), Sentence completion=5.00. Overall continuous rubric MOS verdict: 3.95.",audio_204.wav
3.609,3.289,5.0,3.759,"Judge evaluation: Evaluated 76 words across 3 sentences. Syntax depth ratio=0.90 (Syntax: 3.61), Lexical sophistication index=5.74 with error density=0.007 (Grammar: 3.29), Sentence completion=5.00. Overall continuous rubric MOS verdict: 3.76.",audio_5064.wav
2.43,4.611,5.0,3.816,"Judge evaluation: Evaluated 92 words across 10 sentences. Syntax depth ratio=0.15 (Syntax: 2.43), Lexical sophistication index=7.92 with error density=0.005 (Grammar: 4.61), Sentence completion=5.00. Overall continuous rubric MOS verdict: 3.82.",audio_127.wav
4.493,2.885,5.0,3.951,"Judge evaluation: Evaluated 44 words across 1 sentences. Syntax depth ratio=1.20 (Syntax: 4.49), Lexical sophistication index=4.97 with error density=0.000 (Grammar: 2.88), Sentence completion=5.00. Overall continuous rubric MOS verdict: 3.95.",audio_412.wav
3.142,2.699,5.0,3.336,"Judge evaluation: Evaluated 74 words across 3 sentences. Syntax depth ratio=0.40 (Syntax: 3.14), Lexical sophistication index=5.11 with error density=0.034 (Grammar: 2.70), Sentence completion=5.00. Overall continuous rubric MOS verdict: 3.34.",audio_132.wav
2.712,3.338,5.0,3.42,"Judge evaluation: Evaluated 106 words across 8 sentences. Syntax depth ratio=0.34 (Syntax: 2.71), Lexical sophistication index=5.73 with error density=0.000 (Grammar: 3.34), Sentence completion=5.00. Overall continuous rubric MOS verdict: 3.42.",audio_156.wav
5.0,2.651,1.5,3.36,"Judge evaluation: Evaluated 81 words across 1 sentences. Syntax depth ratio=3.60 (Syntax: 5.00), Lexical sophistication index=4.67 with error density=0.006 (Grammar: 2.65), Sentence completion=1.50. Overall continuous rubric MOS verdict: 3.36.",audio_426.wav
3.945,3.561,5.0,4.003,"Judge evaluation: Evaluated 110 words across 4 sentences. Syntax depth ratio=1.27 (Syntax: 3.95), Lexical sophistication index=6.10 with error density=0.000 (Grammar: 3.56), Sentence completion=5.00. Overall continuous rubric MOS verdict: 4.00.",audio_709.wav
2.793,3.462,5.0,3.502,"Judge evaluation: Evaluated 89 words across 6 sentences. Syntax depth ratio=0.37 (Syntax: 2.79), Lexical sophistication index=5.94 with error density=0.000 (Grammar: 3.46), Sentence completion=5.00. Overall continuous rubric MOS verdict: 3.50.",audio_291.wav
2.504,4.482,5.0,3.794,"Judge evaluation: Evaluated 121 words across 8 sentences. Syntax depth ratio=0.00 (Syntax: 2.50), Lexical sophistication index=7.64 with error density=0.000 (Grammar: 4.48), Sentence completion=5.00. Overall continuous rubric MOS verdict: 3.79.",audio_523.wav
3.516,3.902,5.0,3.967,"Judge evaluation: Evaluated 105 words across 5 sentences. Syntax depth ratio=1.02 (Syntax: 3.52), Lexical sophistication index=6.73 with error density=0.005 (Grammar: 3.90), Sentence completion=5.00. Overall continuous rubric MOS verdict: 3.97.",audio_632.wav
3.289,3.53,5.0,3.728,"Judge evaluation: Evaluated 105 words across 7 sentences. Syntax depth ratio=0.99 (Syntax: 3.29), Lexical sophistication index=6.05 with error density=0.000 (Grammar: 3.53), Sentence completion=5.00. Overall continuous rubric MOS verdict: 3.73.",audio_684.wav
2.512,2.848,5.0,3.144,"Judge evaluation: Evaluated 48 words across 5 sentences. Syntax depth ratio=0.24 (Syntax: 2.51), Lexical sophistication index=5.05 with error density=0.010 (Grammar: 2.85), Sentence completion=5.00. Overall continuous rubric MOS verdict: 3.14.",audio_512.wav
2.756,4.59,5.0,3.938,"Judge evaluation: Evaluated 146 words across 10 sentences. Syntax depth ratio=0.32 (Syntax: 2.76), Lexical sophistication index=7.86 with error density=0.003 (Grammar: 4.59), Sentence completion=5.00. Overall continuous rubric MOS verdict: 3.94.",audio_764.wav
2.827,3.104,5.0,3.373,"Judge evaluation: Evaluated 132 words across 10 sentences. Syntax depth ratio=0.48 (Syntax: 2.83), Lexical sophistication index=5.74 with error density=0.030 (Grammar: 3.10), Sentence completion=5.00. Overall continuous rubric MOS verdict: 3.37.",audio_585.wav
2.916,3.165,5.0,3.432,"Judge evaluation: Evaluated 112 words across 6 sentences. Syntax depth ratio=0.37 (Syntax: 2.92), Lexical sophistication index=5.86 with error density=0.031 (Grammar: 3.17), Sentence completion=5.00. Overall continuous rubric MOS verdict: 3.43.",audio_562.wav
5.0,4.012,5.0,4.605,"Judge evaluation: Evaluated 121 words across 1 sentences. Syntax depth ratio=1.50 (Syntax: 5.00), Lexical sophistication index=6.91 with error density=0.004 (Grammar: 4.01), Sentence completion=5.00. Overall continuous rubric MOS verdict: 4.60.",audio_465.wav
2.565,3.446,5.0,3.405,"Judge evaluation: Evaluated 93 words across 9 sentences. Syntax depth ratio=0.27 (Syntax: 2.57), Lexical sophistication index=5.91 with error density=0.000 (Grammar: 3.45), Sentence completion=5.00. Overall continuous rubric MOS verdict: 3.40.",audio_37.wav
2.666,3.925,5.0,3.636,"Judge evaluation: Evaluated 91 words across 6 sentences. Syntax depth ratio=0.20 (Syntax: 2.67), Lexical sophistication index=6.71 with error density=0.000 (Grammar: 3.93), Sentence completion=5.00. Overall continuous rubric MOS verdict: 3.64.",audio_47.wav
3.188,2.887,5.0,3.43,"Judge evaluation: Evaluated 79 words across 7 sentences. Syntax depth ratio=1.01 (Syntax: 3.19), Lexical sophistication index=5.06 with error density=0.006 (Grammar: 2.89), Sentence completion=5.00. Overall continuous rubric MOS verdict: 3.43.",audio_233.wav
4.133,4.607,5.0,4.496,"Judge evaluation: Evaluated 127 words across 6 sentences. Syntax depth ratio=1.75 (Syntax: 4.13), Lexical sophistication index=7.90 with error density=0.004 (Grammar: 4.61), Sentence completion=5.00. Overall continuous rubric MOS verdict: 4.50.",audio_621.wav
4.2,2.833,5.0,3.813,"Judge evaluation: Evaluated 66 words across 1 sentences. Syntax depth ratio=0.00 (Syntax: 4.20), Lexical sophistication index=5.29 with error density=0.030 (Grammar: 2.83), Sentence completion=5.00. Overall continuous rubric MOS verdict: 3.81.",audio_590.wav
2.417,3.116,5.0,3.214,"Judge evaluation: Evaluated 87 words across 13 sentences. Syntax depth ratio=0.21 (Syntax: 2.42), Lexical sophistication index=5.36 with error density=0.000 (Grammar: 3.12), Sentence completion=5.00. Overall continuous rubric MOS verdict: 3.21.",audio_349.wav
4.06,3.882,5.0,4.177,"Judge evaluation: Evaluated 105 words across 4 sentences. Syntax depth ratio=1.45 (Syntax: 4.06), Lexical sophistication index=6.64 with error density=0.000 (Grammar: 3.88), Sentence completion=5.00. Overall continuous rubric MOS verdict: 4.18.",audio_387.wav
2.735,3.915,5.0,3.66,"Judge evaluation: Evaluated 127 words across 11 sentences. Syntax depth ratio=0.42 (Syntax: 2.73), Lexical sophistication index=6.74 with error density=0.004 (Grammar: 3.91), Sentence completion=5.00. Overall continuous rubric MOS verdict: 3.66.",audio_630.wav
2.708,2.786,5.0,3.198,"Judge evaluation: Evaluated 126 words across 8 sentences. Syntax depth ratio=0.19 (Syntax: 2.71), Lexical sophistication index=4.81 with error density=0.000 (Grammar: 2.79), Sentence completion=5.00. Overall continuous rubric MOS verdict: 3.20.",audio_5046.wav
2.903,3.268,5.0,3.469,"Judge evaluation: Evaluated 76 words across 6 sentences. Syntax depth ratio=0.57 (Syntax: 2.90), Lexical sophistication index=5.96 with error density=0.026 (Grammar: 3.27), Sentence completion=5.00. Overall continuous rubric MOS verdict: 3.47.",audio_183.wav
4.138,3.94,5.0,4.231,"Judge evaluation: Evaluated 105 words across 3 sentences. Syntax depth ratio=1.20 (Syntax: 4.14), Lexical sophistication index=6.73 with error density=0.000 (Grammar: 3.94), Sentence completion=5.00. Overall continuous rubric MOS verdict: 4.23.",audio_607.wav
3.669,3.422,5.0,3.837,"Judge evaluation: Evaluated 91 words across 5 sentences. Syntax depth ratio=1.32 (Syntax: 3.67), Lexical sophistication index=5.87 with error density=0.000 (Grammar: 3.42), Sentence completion=5.00. Overall continuous rubric MOS verdict: 3.84.",audio_133.wav
4.483,3.157,5.0,4.056,"Judge evaluation: Evaluated 94 words across 4 sentences. Syntax depth ratio=2.12 (Syntax: 4.48), Lexical sophistication index=5.57 with error density=0.011 (Grammar: 3.16), Sentence completion=5.00. Overall continuous rubric MOS verdict: 4.06.",audio_443.wav
5.0,3.712,5.0,4.485,"Judge evaluation: Evaluated 91 words across 2 sentences. Syntax depth ratio=4.25 (Syntax: 5.00), Lexical sophistication index=6.50 with error density=0.011 (Grammar: 3.71), Sentence completion=5.00. Overall continuous rubric MOS verdict: 4.48.",audio_55.wav
3.033,2.567,3.25,2.89,"Judge evaluation: Evaluated 62 words across 2 sentences. Syntax depth ratio=0.00 (Syntax: 3.03), Lexical sophistication index=4.45 with error density=0.000 (Grammar: 2.57), Sentence completion=3.25. Overall continuous rubric MOS verdict: 2.89.",audio_686.wav
3.909,3.255,5.0,3.865,"Judge evaluation: Evaluated 119 words across 7 sentences. Syntax depth ratio=1.67 (Syntax: 3.91), Lexical sophistication index=5.59 with error density=0.000 (Grammar: 3.26), Sentence completion=5.00. Overall continuous rubric MOS verdict: 3.87.",audio_740.wav
3.068,3.428,5.0,3.599,"Judge evaluation: Evaluated 95 words across 8 sentences. Syntax depth ratio=0.82 (Syntax: 3.07), Lexical sophistication index=5.95 with error density=0.005 (Grammar: 3.43), Sentence completion=5.00. Overall continuous rubric MOS verdict: 3.60.",audio_699.wav
2.707,4.21,5.0,3.767,"Judge evaluation: Evaluated 109 words across 8 sentences. Syntax depth ratio=0.30 (Syntax: 2.71), Lexical sophistication index=7.18 with error density=0.000 (Grammar: 4.21), Sentence completion=5.00. Overall continuous rubric MOS verdict: 3.77.",audio_44.wav
3.464,3.033,5.0,3.599,"Judge evaluation: Evaluated 103 words across 3 sentences. Syntax depth ratio=0.40 (Syntax: 3.46), Lexical sophistication index=5.22 with error density=0.000 (Grammar: 3.03), Sentence completion=5.00. Overall continuous rubric MOS verdict: 3.60.",audio_500.wav
5.0,3.789,5.0,4.516,"Judge evaluation: Evaluated 72 words across 2 sentences. Syntax depth ratio=3.50 (Syntax: 5.00), Lexical sophistication index=6.48 with error density=0.000 (Grammar: 3.79), Sentence completion=5.00. Overall continuous rubric MOS verdict: 4.52.",audio_265.wav
3.009,2.188,5.0,3.079,"Judge evaluation: Evaluated 87 words across 6 sentences. Syntax depth ratio=0.65 (Syntax: 3.01), Lexical sophistication index=3.97 with error density=0.011 (Grammar: 2.19), Sentence completion=5.00. Overall continuous rubric MOS verdict: 3.08.",audio_125.wav
4.302,3.918,5.0,4.288,"Judge evaluation: Evaluated 89 words across 4 sentences. Syntax depth ratio=1.95 (Syntax: 4.30), Lexical sophistication index=7.00 with error density=0.022 (Grammar: 3.92), Sentence completion=5.00. Overall continuous rubric MOS verdict: 4.29.",audio_413.wav
3.238,3.612,5.0,3.74,"Judge evaluation: Evaluated 107 words across 8 sentences. Syntax depth ratio=0.97 (Syntax: 3.24), Lexical sophistication index=6.19 with error density=0.000 (Grammar: 3.61), Sentence completion=5.00. Overall continuous rubric MOS verdict: 3.74.",audio_256.wav
2.707,4.14,5.0,3.739,"Judge evaluation: Evaluated 125 words across 9 sentences. Syntax depth ratio=0.30 (Syntax: 2.71), Lexical sophistication index=7.07 with error density=0.000 (Grammar: 4.14), Sentence completion=5.00. Overall continuous rubric MOS verdict: 3.74.",audio_350.wav
2.898,4.72,5.0,4.047,"Judge evaluation: Evaluated 134 words across 11 sentences. Syntax depth ratio=0.60 (Syntax: 2.90), Lexical sophistication index=8.03 with error density=0.000 (Grammar: 4.72), Sentence completion=5.00. Overall continuous rubric MOS verdict: 4.05.",audio_364.wav
2.712,2.753,4.3,3.046,"Judge evaluation: Evaluated 78 words across 5 sentences. Syntax depth ratio=0.24 (Syntax: 2.71), Lexical sophistication index=4.76 with error density=0.000 (Grammar: 2.75), Sentence completion=4.30. Overall continuous rubric MOS verdict: 3.05.",audio_131.wav
5.0,4.104,5.0,4.642,"Judge evaluation: Evaluated 94 words across 2 sentences. Syntax depth ratio=2.55 (Syntax: 5.00), Lexical sophistication index=7.22 with error density=0.016 (Grammar: 4.10), Sentence completion=5.00. Overall continuous rubric MOS verdict: 4.64.",audio_168.wav
2.707,3.556,5.0,3.505,"Judge evaluation: Evaluated 98 words across 9 sentences. Syntax depth ratio=0.41 (Syntax: 2.71), Lexical sophistication index=6.16 with error density=0.005 (Grammar: 3.56), Sentence completion=5.00. Overall continuous rubric MOS verdict: 3.51.",audio_557.wav
3.381,4.063,5.0,3.978,"Judge evaluation: Evaluated 131 words across 8 sentences. Syntax depth ratio=1.01 (Syntax: 3.38), Lexical sophistication index=6.99 with error density=0.004 (Grammar: 4.06), Sentence completion=5.00. Overall continuous rubric MOS verdict: 3.98.",audio_670.wav
3.641,3.706,5.0,3.939,"Judge evaluation: Evaluated 103 words across 5 sentences. Syntax depth ratio=1.16 (Syntax: 3.64), Lexical sophistication index=6.60 with error density=0.019 (Grammar: 3.71), Sentence completion=5.00. Overall continuous rubric MOS verdict: 3.94.",audio_342.wav
2.841,3.193,5.0,3.414,"Judge evaluation: Evaluated 83 words across 7 sentences. Syntax depth ratio=0.56 (Syntax: 2.84), Lexical sophistication index=5.49 with error density=0.000 (Grammar: 3.19), Sentence completion=5.00. Overall continuous rubric MOS verdict: 3.41.",audio_2.wav
2.497,2.213,5.0,2.884,"Judge evaluation: Evaluated 155 words across 20 sentences. Syntax depth ratio=0.26 (Syntax: 2.50), Lexical sophistication index=3.86 with error density=0.000 (Grammar: 2.21), Sentence completion=5.00. Overall continuous rubric MOS verdict: 2.88.",audio_5048.wav
3.945,1.0,5.0,2.978,"Judge evaluation: Evaluated 263 words across 5 sentences. Syntax depth ratio=0.24 (Syntax: 3.95), Lexical sophistication index=1.60 with error density=1.673 (Grammar: 1.00), Sentence completion=5.00. Overall continuous rubric MOS verdict: 2.98.",audio_741.wav
3.428,3.349,5.0,3.711,"Judge evaluation: Evaluated 85 words across 4 sentences. Syntax depth ratio=0.90 (Syntax: 3.43), Lexical sophistication index=5.75 with error density=0.000 (Grammar: 3.35), Sentence completion=5.00. Overall continuous rubric MOS verdict: 3.71.",audio_294.wav
5.0,4.076,5.0,4.631,"Judge evaluation: Evaluated 131 words across 4 sentences. Syntax depth ratio=2.40 (Syntax: 5.00), Lexical sophistication index=7.16 with error density=0.015 (Grammar: 4.08), Sentence completion=5.00. Overall continuous rubric MOS verdict: 4.63.",audio_370.wav
4.747,3.077,5.0,4.13,"Judge evaluation: Evaluated 132 words across 3 sentences. Syntax depth ratio=1.60 (Syntax: 4.75), Lexical sophistication index=5.40 with error density=0.008 (Grammar: 3.08), Sentence completion=5.00. Overall continuous rubric MOS verdict: 4.13.",audio_417.wav
2.803,3.436,5.0,3.496,"Judge evaluation: Evaluated 88 words across 8 sentences. Syntax depth ratio=0.53 (Syntax: 2.80), Lexical sophistication index=5.97 with error density=0.006 (Grammar: 3.44), Sentence completion=5.00. Overall continuous rubric MOS verdict: 3.50.",audio_753.wav
5.0,3.311,5.0,4.324,"Judge evaluation: Evaluated 144 words across 3 sentences. Syntax depth ratio=3.60 (Syntax: 5.00), Lexical sophistication index=5.92 with error density=0.017 (Grammar: 3.31), Sentence completion=5.00. Overall continuous rubric MOS verdict: 4.32.",audio_533.wav
2.708,4.296,5.0,3.801,"Judge evaluation: Evaluated 141 words across 8 sentences. Syntax depth ratio=0.15 (Syntax: 2.71), Lexical sophistication index=7.33 with error density=0.000 (Grammar: 4.30), Sentence completion=5.00. Overall continuous rubric MOS verdict: 3.80.",audio_239.wav
2.964,2.733,5.0,3.279,"Judge evaluation: Evaluated 88 words across 7 sentences. Syntax depth ratio=0.66 (Syntax: 2.96), Lexical sophistication index=4.80 with error density=0.006 (Grammar: 2.73), Sentence completion=5.00. Overall continuous rubric MOS verdict: 3.28.",audio_566.wav
2.613,3.57,5.0,3.473,"Judge evaluation: Evaluated 120 words across 13 sentences. Syntax depth ratio=0.37 (Syntax: 2.61), Lexical sophistication index=6.12 with error density=0.000 (Grammar: 3.57), Sentence completion=5.00. Overall continuous rubric MOS verdict: 3.47.",audio_736.wav
3.025,2.902,5.0,3.371,"Judge evaluation: Evaluated 86 words across 4 sentences. Syntax depth ratio=0.38 (Syntax: 3.02), Lexical sophistication index=5.39 with error density=0.029 (Grammar: 2.90), Sentence completion=5.00. Overall continuous rubric MOS verdict: 3.37.",audio_541.wav
4.93,3.017,5.0,4.179,"Judge evaluation: Evaluated 111 words across 2 sentences. Syntax depth ratio=1.35 (Syntax: 4.93), Lexical sophistication index=5.32 with error density=0.009 (Grammar: 3.02), Sentence completion=5.00. Overall continuous rubric MOS verdict: 4.18.",audio_531.wav
3.915,3.521,5.0,3.974,"Judge evaluation: Evaluated 109 words across 5 sentences. Syntax depth ratio=1.46 (Syntax: 3.91), Lexical sophistication index=6.03 with error density=0.000 (Grammar: 3.52), Sentence completion=5.00. Overall continuous rubric MOS verdict: 3.97.",audio_280.wav
4.53,4.026,5.0,4.422,"Judge evaluation: Evaluated 87 words across 2 sentences. Syntax depth ratio=1.35 (Syntax: 4.53), Lexical sophistication index=7.18 with error density=0.023 (Grammar: 4.03), Sentence completion=5.00. Overall continuous rubric MOS verdict: 4.42.",audio_33.wav
5.0,3.767,5.0,4.507,"Judge evaluation: Evaluated 151 words across 4 sentences. Syntax depth ratio=2.10 (Syntax: 5.00), Lexical sophistication index=6.75 with error density=0.023 (Grammar: 3.77), Sentence completion=5.00. Overall continuous rubric MOS verdict: 4.51.",audio_307.wav
3.215,3.435,5.0,3.66,"Judge evaluation: Evaluated 89 words across 4 sentences. Syntax depth ratio=0.55 (Syntax: 3.21), Lexical sophistication index=6.04 with error density=0.011 (Grammar: 3.44), Sentence completion=5.00. Overall continuous rubric MOS verdict: 3.66.",audio_617.wav
2.751,4.186,5.0,3.775,"Judge evaluation: Evaluated 128 words across 7 sentences. Syntax depth ratio=0.17 (Syntax: 2.75), Lexical sophistication index=7.25 with error density=0.008 (Grammar: 4.19), Sentence completion=5.00. Overall continuous rubric MOS verdict: 3.78.",audio_613.wav
3.267,2.333,5.0,3.24,"Judge evaluation: Evaluated 38 words across 1 sentences. Syntax depth ratio=0.00 (Syntax: 3.27), Lexical sophistication index=4.06 with error density=0.000 (Grammar: 2.33), Sentence completion=5.00. Overall continuous rubric MOS verdict: 3.24.",audio_472.wav
2.817,2.85,5.0,3.267,"Judge evaluation: Evaluated 91 words across 9 sentences. Syntax depth ratio=0.60 (Syntax: 2.82), Lexical sophistication index=5.14 with error density=0.016 (Grammar: 2.85), Sentence completion=5.00. Overall continuous rubric MOS verdict: 3.27.",audio_568.wav
2.858,4.052,5.0,3.764,"Judge evaluation: Evaluated 137 words across 9 sentences. Syntax depth ratio=0.43 (Syntax: 2.86), Lexical sophistication index=6.92 with error density=0.000 (Grammar: 4.05), Sentence completion=5.00. Overall continuous rubric MOS verdict: 3.76.",audio_521.wav
2.787,3.815,5.0,3.641,"Judge evaluation: Evaluated 126 words across 11 sentences. Syntax depth ratio=0.49 (Syntax: 2.79), Lexical sophistication index=6.95 with error density=0.032 (Grammar: 3.82), Sentence completion=5.00. Overall continuous rubric MOS verdict: 3.64.",audio_401.wav
3.5,3.144,5.0,3.658,"Judge evaluation: Evaluated 90 words across 2 sentences. Syntax depth ratio=0.00 (Syntax: 3.50), Lexical sophistication index=5.48 with error density=0.006 (Grammar: 3.14), Sentence completion=5.00. Overall continuous rubric MOS verdict: 3.66.",audio_573.wav
3.232,2.979,5.0,3.484,"Judge evaluation: Evaluated 115 words across 4 sentences. Syntax depth ratio=0.30 (Syntax: 3.23), Lexical sophistication index=5.60 with error density=0.035 (Grammar: 2.98), Sentence completion=5.00. Overall continuous rubric MOS verdict: 3.48.",audio_180.wav
2.579,2.579,5.0,3.063,"Judge evaluation: Evaluated 58 words across 5 sentences. Syntax depth ratio=0.24 (Syntax: 2.58), Lexical sophistication index=4.46 with error density=0.000 (Grammar: 2.58), Sentence completion=5.00. Overall continuous rubric MOS verdict: 3.06.",audio_320.wav
5.0,3.477,5.0,4.391,"Judge evaluation: Evaluated 86 words across 2 sentences. Syntax depth ratio=2.10 (Syntax: 5.00), Lexical sophistication index=6.04 with error density=0.006 (Grammar: 3.48), Sentence completion=5.00. Overall continuous rubric MOS verdict: 4.39.",audio_85.wav
3.764,2.809,5.0,3.629,"Judge evaluation: Evaluated 94 words across 3 sentences. Syntax depth ratio=0.90 (Syntax: 3.76), Lexical sophistication index=4.85 with error density=0.000 (Grammar: 2.81), Sentence completion=5.00. Overall continuous rubric MOS verdict: 3.63.",audio_296.wav
3.48,2.74,5.0,3.488,"Judge evaluation: Evaluated 35 words across 2 sentences. Syntax depth ratio=1.10 (Syntax: 3.48), Lexical sophistication index=4.73 with error density=0.000 (Grammar: 2.74), Sentence completion=5.00. Overall continuous rubric MOS verdict: 3.49.",audio_250.wav
2.552,4.173,5.0,3.69,"Judge evaluation: Evaluated 115 words across 7 sentences. Syntax depth ratio=0.00 (Syntax: 2.55), Lexical sophistication index=7.18 with error density=0.004 (Grammar: 4.17), Sentence completion=5.00. Overall continuous rubric MOS verdict: 3.69.",audio_346.wav
3.57,2.78,5.0,3.54,"Judge evaluation: Evaluated 100 words across 4 sentences. Syntax depth ratio=0.90 (Syntax: 3.57), Lexical sophistication index=5.40 with error density=0.045 (Grammar: 2.78), Sentence completion=5.00. Overall continuous rubric MOS verdict: 3.54.",audio_335.wav
2.856,3.184,5.0,3.416,"Judge evaluation: Evaluated 91 words across 7 sentences. Syntax depth ratio=0.53 (Syntax: 2.86), Lexical sophistication index=5.77 with error density=0.022 (Grammar: 3.18), Sentence completion=5.00. Overall continuous rubric MOS verdict: 3.42.",audio_20.wav
1.0,1.0,1.0,1.0,Fragmentary utterance with insufficient grammatical structure.,audio_5071.wav
2.55,3.017,5.0,3.227,"Judge evaluation: Evaluated 33 words across 2 sentences. Syntax depth ratio=0.00 (Syntax: 2.55), Lexical sophistication index=5.40 with error density=0.015 (Grammar: 3.02), Sentence completion=5.00. Overall continuous rubric MOS verdict: 3.23.",audio_558.wav
2.482,2.84,5.0,3.129,"Judge evaluation: Evaluated 57 words across 6 sentences. Syntax depth ratio=0.20 (Syntax: 2.48), Lexical sophistication index=4.90 with error density=0.000 (Grammar: 2.84), Sentence completion=5.00. Overall continuous rubric MOS verdict: 3.13.",audio_289.wav
2.457,3.989,5.0,3.578,"Judge evaluation: Evaluated 131 words across 14 sentences. Syntax depth ratio=0.16 (Syntax: 2.46), Lexical sophistication index=6.81 with error density=0.000 (Grammar: 3.99), Sentence completion=5.00. Overall continuous rubric MOS verdict: 3.58.",audio_620.wav
2.61,2.965,5.0,3.23,"Judge evaluation: Evaluated 92 words across 7 sentences. Syntax depth ratio=0.21 (Syntax: 2.61), Lexical sophistication index=5.11 with error density=0.000 (Grammar: 2.97), Sentence completion=5.00. Overall continuous rubric MOS verdict: 3.23.",audio_665.wav
2.907,3.362,5.0,3.508,"Judge evaluation: Evaluated 123 words across 8 sentences. Syntax depth ratio=0.49 (Syntax: 2.91), Lexical sophistication index=5.77 with error density=0.000 (Grammar: 3.36), Sentence completion=5.00. Overall continuous rubric MOS verdict: 3.51.",audio_751.wav
2.947,3.018,5.0,3.386,"Judge evaluation: Evaluated 27 words across 2 sentences. Syntax depth ratio=0.60 (Syntax: 2.95), Lexical sophistication index=5.20 with error density=0.000 (Grammar: 3.02), Sentence completion=5.00. Overall continuous rubric MOS verdict: 3.39.",audio_442.wav
2.894,3.994,5.0,3.755,"Judge evaluation: Evaluated 133 words across 7 sentences. Syntax depth ratio=0.31 (Syntax: 2.89), Lexical sophistication index=7.02 with error density=0.015 (Grammar: 3.99), Sentence completion=5.00. Overall continuous rubric MOS verdict: 3.76.",audio_362.wav
3.18,2.942,5.0,3.449,"Judge evaluation: Evaluated 87 words across 6 sentences. Syntax depth ratio=0.85 (Syntax: 3.18), Lexical sophistication index=5.68 with error density=0.046 (Grammar: 2.94), Sentence completion=5.00. Overall continuous rubric MOS verdict: 3.45.",audio_311.wav
3.007,3.81,4.562,3.639,"Judge evaluation: Evaluated 136 words across 8 sentences. Syntax depth ratio=0.55 (Syntax: 3.01), Lexical sophistication index=6.52 with error density=0.000 (Grammar: 3.81), Sentence completion=4.56. Overall continuous rubric MOS verdict: 3.64.",audio_724.wav
4.832,3.304,5.0,4.254,"Judge evaluation: Evaluated 94 words across 4 sentences. Syntax depth ratio=2.55 (Syntax: 4.83), Lexical sophistication index=5.67 with error density=0.000 (Grammar: 3.30), Sentence completion=5.00. Overall continuous rubric MOS verdict: 4.25.",audio_39.wav
2.267,2.594,5.0,2.944,"Judge evaluation: Evaluated 24 words across 3 sentences. Syntax depth ratio=0.00 (Syntax: 2.27), Lexical sophistication index=4.49 with error density=0.000 (Grammar: 2.59), Sentence completion=5.00. Overall continuous rubric MOS verdict: 2.94.",audio_290.wav
4.878,3.194,5.0,4.229,"Judge evaluation: Evaluated 78 words across 3 sentences. Syntax depth ratio=2.50 (Syntax: 4.88), Lexical sophistication index=5.66 with error density=0.013 (Grammar: 3.19), Sentence completion=5.00. Overall continuous rubric MOS verdict: 4.23.",audio_23.wav
3.62,3.522,5.0,3.857,"Judge evaluation: Evaluated 83 words across 4 sentences. Syntax depth ratio=1.15 (Syntax: 3.62), Lexical sophistication index=6.04 with error density=0.000 (Grammar: 3.52), Sentence completion=5.00. Overall continuous rubric MOS verdict: 3.86.",audio_624.wav
3.228,4.007,5.0,3.894,"Judge evaluation: Evaluated 140 words across 8 sentences. Syntax depth ratio=0.80 (Syntax: 3.23), Lexical sophistication index=6.85 with error density=0.000 (Grammar: 4.01), Sentence completion=5.00. Overall continuous rubric MOS verdict: 3.89.",audio_206.wav
3.049,3.198,5.0,3.499,"Judge evaluation: Evaluated 83 words across 6 sentences. Syntax depth ratio=0.70 (Syntax: 3.05), Lexical sophistication index=5.82 with error density=0.024 (Grammar: 3.20), Sentence completion=5.00. Overall continuous rubric MOS verdict: 3.50.",audio_288.wav
4.5,3.674,5.0,4.269,"Judge evaluation: Evaluated 80 words across 3 sentences. Syntax depth ratio=2.00 (Syntax: 4.50), Lexical sophistication index=6.37 with error density=0.006 (Grammar: 3.67), Sentence completion=5.00. Overall continuous rubric MOS verdict: 4.27.",audio_60.wav
4.513,3.886,5.0,4.36,"Judge evaluation: Evaluated 109 words across 3 sentences. Syntax depth ratio=1.60 (Syntax: 4.51), Lexical sophistication index=6.70 with error density=0.005 (Grammar: 3.89), Sentence completion=5.00. Overall continuous rubric MOS verdict: 4.36.",audio_80.wav
3.291,4.366,5.0,4.063,"Judge evaluation: Evaluated 143 words across 6 sentences. Syntax depth ratio=0.60 (Syntax: 3.29), Lexical sophistication index=7.44 with error density=0.000 (Grammar: 4.37), Sentence completion=5.00. Overall continuous rubric MOS verdict: 4.06.",audio_214.wav
3.066,3.16,5.0,3.49,"Judge evaluation: Evaluated 127 words across 6 sentences. Syntax depth ratio=0.45 (Syntax: 3.07), Lexical sophistication index=5.59 with error density=0.012 (Grammar: 3.16), Sentence completion=5.00. Overall continuous rubric MOS verdict: 3.49.",audio_599.wav
3.376,2.933,5.0,3.523,"Judge evaluation: Evaluated 95 words across 3 sentences. Syntax depth ratio=0.40 (Syntax: 3.38), Lexical sophistication index=5.34 with error density=0.021 (Grammar: 2.93), Sentence completion=5.00. Overall continuous rubric MOS verdict: 3.52.",audio_5063.wav
2.8,3.412,5.0,3.485,"Judge evaluation: Evaluated 82 words across 5 sentences. Syntax depth ratio=0.30 (Syntax: 2.80), Lexical sophistication index=5.85 with error density=0.000 (Grammar: 3.41), Sentence completion=5.00. Overall continuous rubric MOS verdict: 3.48.",audio_207.wav
2.647,2.514,5.0,3.064,"Judge evaluation: Evaluated 73 words across 5 sentences. Syntax depth ratio=0.20 (Syntax: 2.65), Lexical sophistication index=4.45 with error density=0.007 (Grammar: 2.51), Sentence completion=5.00. Overall continuous rubric MOS verdict: 3.06.",audio_438.wav
3.432,3.968,5.0,3.96,"Judge evaluation: Evaluated 129 words across 4 sentences. Syntax depth ratio=0.30 (Syntax: 3.43), Lexical sophistication index=6.78 with error density=0.000 (Grammar: 3.97), Sentence completion=5.00. Overall continuous rubric MOS verdict: 3.96.",audio_332.wav
3.133,4.021,5.0,3.862,"Judge evaluation: Evaluated 98 words across 3 sentences. Syntax depth ratio=0.00 (Syntax: 3.13), Lexical sophistication index=6.87 with error density=0.000 (Grammar: 4.02), Sentence completion=5.00. Overall continuous rubric MOS verdict: 3.86.",audio_159.wav
2.807,3.174,5.0,3.392,"Judge evaluation: Evaluated 68 words across 4 sentences. Syntax depth ratio=0.30 (Syntax: 2.81), Lexical sophistication index=5.46 with error density=0.000 (Grammar: 3.17), Sentence completion=5.00. Overall continuous rubric MOS verdict: 3.39.",audio_478.wav
2.504,4.082,5.0,3.634,"Judge evaluation: Evaluated 98 words across 9 sentences. Syntax depth ratio=0.17 (Syntax: 2.50), Lexical sophistication index=6.97 with error density=0.000 (Grammar: 4.08), Sentence completion=5.00. Overall continuous rubric MOS verdict: 3.63.",audio_46.wav
3.631,2.094,5.0,3.29,"Judge evaluation: Evaluated 82 words across 3 sentences. Syntax depth ratio=0.90 (Syntax: 3.63), Lexical sophistication index=4.31 with error density=0.049 (Grammar: 2.09), Sentence completion=5.00. Overall continuous rubric MOS verdict: 3.29.",audio_130.wav
2.678,2.526,5.0,3.081,"Judge evaluation: Evaluated 62 words across 6 sentences. Syntax depth ratio=0.42 (Syntax: 2.68), Lexical sophistication index=4.70 with error density=0.024 (Grammar: 2.53), Sentence completion=5.00. Overall continuous rubric MOS verdict: 3.08.",audio_437.wav
2.773,3.914,5.0,3.675,"Judge evaluation: Evaluated 116 words across 5 sentences. Syntax depth ratio=0.00 (Syntax: 2.77), Lexical sophistication index=7.15 with error density=0.034 (Grammar: 3.91), Sentence completion=5.00. Overall continuous rubric MOS verdict: 3.67.",audio_771.wav
2.711,4.153,5.0,3.745,"Judge evaluation: Evaluated 109 words across 8 sentences. Syntax depth ratio=0.30 (Syntax: 2.71), Lexical sophistication index=7.09 with error density=0.000 (Grammar: 4.15), Sentence completion=5.00. Overall continuous rubric MOS verdict: 3.75.",audio_759.wav
3.32,3.563,5.0,3.753,"Judge evaluation: Evaluated 89 words across 3 sentences. Syntax depth ratio=0.40 (Syntax: 3.32), Lexical sophistication index=6.25 with error density=0.011 (Grammar: 3.56), Sentence completion=5.00. Overall continuous rubric MOS verdict: 3.75.",audio_25.wav
2.642,3.815,5.0,3.583,"Judge evaluation: Evaluated 79 words across 7 sentences. Syntax depth ratio=0.31 (Syntax: 2.64), Lexical sophistication index=6.53 with error density=0.000 (Grammar: 3.82), Sentence completion=5.00. Overall continuous rubric MOS verdict: 3.58.",audio_191.wav
3.148,3.102,5.0,3.5,"Judge evaluation: Evaluated 43 words across 4 sentences. Syntax depth ratio=0.93 (Syntax: 3.15), Lexical sophistication index=5.34 with error density=0.000 (Grammar: 3.10), Sentence completion=5.00. Overall continuous rubric MOS verdict: 3.50.",audio_182.wav
2.856,2.232,5.0,3.035,"Judge evaluation: Evaluated 76 words across 3 sentences. Syntax depth ratio=0.00 (Syntax: 2.86), Lexical sophistication index=4.59 with error density=0.053 (Grammar: 2.23), Sentence completion=5.00. Overall continuous rubric MOS verdict: 3.03.",audio_236.wav
2.85,3.354,4.417,3.365,"Judge evaluation: Evaluated 92 words across 6 sentences. Syntax depth ratio=0.42 (Syntax: 2.85), Lexical sophistication index=6.05 with error density=0.022 (Grammar: 3.35), Sentence completion=4.42. Overall continuous rubric MOS verdict: 3.37.",audio_24.wav
3.8,3.108,5.0,3.763,"Judge evaluation: Evaluated 120 words across 6 sentences. Syntax depth ratio=1.42 (Syntax: 3.80), Lexical sophistication index=5.57 with error density=0.017 (Grammar: 3.11), Sentence completion=5.00. Overall continuous rubric MOS verdict: 3.76.",audio_428.wav
3.558,4.713,5.0,4.308,"Judge evaluation: Evaluated 127 words across 6 sentences. Syntax depth ratio=1.02 (Syntax: 3.56), Lexical sophistication index=8.07 with error density=0.004 (Grammar: 4.71), Sentence completion=5.00. Overall continuous rubric MOS verdict: 4.31.",audio_678.wav
3.942,1.0,3.833,2.744,"Judge evaluation: Evaluated 145 words across 3 sentences. Syntax depth ratio=0.40 (Syntax: 3.94), Lexical sophistication index=2.41 with error density=1.534 (Grammar: 1.00), Sentence completion=3.83. Overall continuous rubric MOS verdict: 2.74.",audio_591.wav
2.999,3.535,5.0,3.613,"Judge evaluation: Evaluated 138 words across 9 sentences. Syntax depth ratio=0.60 (Syntax: 3.00), Lexical sophistication index=6.30 with error density=0.018 (Grammar: 3.53), Sentence completion=5.00. Overall continuous rubric MOS verdict: 3.61.",audio_597.wav
2.705,2.84,5.0,3.218,"Judge evaluation: Evaluated 77 words across 5 sentences. Syntax depth ratio=0.24 (Syntax: 2.71), Lexical sophistication index=4.90 with error density=0.000 (Grammar: 2.84), Sentence completion=5.00. Overall continuous rubric MOS verdict: 3.22.",audio_580.wav
3.249,3.58,5.0,3.732,"Judge evaluation: Evaluated 100 words across 6 sentences. Syntax depth ratio=0.87 (Syntax: 3.25), Lexical sophistication index=6.20 with error density=0.005 (Grammar: 3.58), Sentence completion=5.00. Overall continuous rubric MOS verdict: 3.73.",audio_19.wav
3.023,2.437,5.0,3.184,"Judge evaluation: Evaluated 94 words across 4 sentences. Syntax depth ratio=0.30 (Syntax: 3.02), Lexical sophistication index=4.23 with error density=0.000 (Grammar: 2.44), Sentence completion=5.00. Overall continuous rubric MOS verdict: 3.18.",audio_476.wav
2.7,2.109,5.0,2.923,"Judge evaluation: Evaluated 42 words across 2 sentences. Syntax depth ratio=0.00 (Syntax: 2.70), Lexical sophistication index=4.47 with error density=0.060 (Grammar: 2.11), Sentence completion=5.00. Overall continuous rubric MOS verdict: 2.92.",audio_375.wav
2.867,2.489,5.0,3.142,"Judge evaluation: Evaluated 26 words across 1 sentences. Syntax depth ratio=0.00 (Syntax: 2.87), Lexical sophistication index=4.31 with error density=0.000 (Grammar: 2.49), Sentence completion=5.00. Overall continuous rubric MOS verdict: 3.14.",audio_642.wav
5.0,2.916,5.0,4.167,"Judge evaluation: Evaluated 49 words across 1 sentences. Syntax depth ratio=3.90 (Syntax: 5.00), Lexical sophistication index=5.57 with error density=0.041 (Grammar: 2.92), Sentence completion=5.00. Overall continuous rubric MOS verdict: 4.17.",audio_66.wav
4.687,3.847,5.0,4.413,"Judge evaluation: Evaluated 136 words across 6 sentences. Syntax depth ratio=2.40 (Syntax: 4.69), Lexical sophistication index=6.77 with error density=0.015 (Grammar: 3.85), Sentence completion=5.00. Overall continuous rubric MOS verdict: 4.41.",audio_186.wav
2.97,4.251,5.0,3.888,"Judge evaluation: Evaluated 131 words across 8 sentences. Syntax depth ratio=0.53 (Syntax: 2.97), Lexical sophistication index=7.25 with error density=0.000 (Grammar: 4.25), Sentence completion=5.00. Overall continuous rubric MOS verdict: 3.89.",audio_713.wav
2.673,3.496,5.0,3.468,"Judge evaluation: Evaluated 114 words across 10 sentences. Syntax depth ratio=0.35 (Syntax: 2.67), Lexical sophistication index=5.99 with error density=0.000 (Grammar: 3.50), Sentence completion=5.00. Overall continuous rubric MOS verdict: 3.47.",audio_354.wav
3.267,4.38,5.0,4.059,"Judge evaluation: Evaluated 150 words across 9 sentences. Syntax depth ratio=0.87 (Syntax: 3.27), Lexical sophistication index=7.51 with error density=0.003 (Grammar: 4.38), Sentence completion=5.00. Overall continuous rubric MOS verdict: 4.06.",audio_768.wav
3.442,3.754,5.0,3.879,"Judge evaluation: Evaluated 76 words across 3 sentences. Syntax depth ratio=0.73 (Syntax: 3.44), Lexical sophistication index=6.42 with error density=0.000 (Grammar: 3.75), Sentence completion=5.00. Overall continuous rubric MOS verdict: 3.88.",audio_14.wav
3.424,3.561,5.0,3.794,"Judge evaluation: Evaluated 117 words across 8 sentences. Syntax depth ratio=1.15 (Syntax: 3.42), Lexical sophistication index=6.10 with error density=0.000 (Grammar: 3.56), Sentence completion=5.00. Overall continuous rubric MOS verdict: 3.79.",audio_208.wav
3.731,2.509,5.0,3.496,"Judge evaluation: Evaluated 127 words across 3 sentences. Syntax depth ratio=0.40 (Syntax: 3.73), Lexical sophistication index=4.35 with error density=0.000 (Grammar: 2.51), Sentence completion=5.00. Overall continuous rubric MOS verdict: 3.50.",audio_418.wav
2.492,4.033,5.0,3.61,"Judge evaluation: Evaluated 148 words across 12 sentences. Syntax depth ratio=0.08 (Syntax: 2.49), Lexical sophistication index=7.07 with error density=0.014 (Grammar: 4.03), Sentence completion=5.00. Overall continuous rubric MOS verdict: 3.61.",audio_212.wav
2.508,3.935,5.0,3.577,"Judge evaluation: Evaluated 113 words across 11 sentences. Syntax depth ratio=0.20 (Syntax: 2.51), Lexical sophistication index=6.96 with error density=0.018 (Grammar: 3.94), Sentence completion=5.00. Overall continuous rubric MOS verdict: 3.58.",audio_177.wav
4.437,3.58,5.0,4.207,"Judge evaluation: Evaluated 134 words across 4 sentences. Syntax depth ratio=1.65 (Syntax: 4.44), Lexical sophistication index=6.13 with error density=0.000 (Grammar: 3.58), Sentence completion=5.00. Overall continuous rubric MOS verdict: 4.21.",audio_503.wav
3.7,2.516,5.0,3.486,"Judge evaluation: Evaluated 51 words across 1 sentences. Syntax depth ratio=0.00 (Syntax: 3.70), Lexical sophistication index=4.62 with error density=0.020 (Grammar: 2.52), Sentence completion=5.00. Overall continuous rubric MOS verdict: 3.49.",audio_564.wav
2.374,4.219,5.0,3.637,"Judge evaluation: Evaluated 101 words across 9 sentences. Syntax depth ratio=0.00 (Syntax: 2.37), Lexical sophistication index=7.46 with error density=0.020 (Grammar: 4.22), Sentence completion=5.00. Overall continuous rubric MOS verdict: 3.64.",audio_257.wav
3.889,3.172,5.0,3.824,"Judge evaluation: Evaluated 98 words across 3 sentences. Syntax depth ratio=1.00 (Syntax: 3.89), Lexical sophistication index=5.66 with error density=0.015 (Grammar: 3.17), Sentence completion=5.00. Overall continuous rubric MOS verdict: 3.82.",audio_408.wav
4.477,3.673,5.0,4.26,"Judge evaluation: Evaluated 108 words across 4 sentences. Syntax depth ratio=1.95 (Syntax: 4.48), Lexical sophistication index=6.35 with error density=0.005 (Grammar: 3.67), Sentence completion=5.00. Overall continuous rubric MOS verdict: 4.26.",audio_468.wav
4.22,3.368,5.0,4.035,"Judge evaluation: Evaluated 125 words across 6 sentences. Syntax depth ratio=1.90 (Syntax: 4.22), Lexical sophistication index=5.99 with error density=0.016 (Grammar: 3.37), Sentence completion=5.00. Overall continuous rubric MOS verdict: 4.04.",audio_574.wav
5.0,3.761,5.0,4.504,"Judge evaluation: Evaluated 115 words across 3 sentences. Syntax depth ratio=2.63 (Syntax: 5.00), Lexical sophistication index=6.43 with error density=0.000 (Grammar: 3.76), Sentence completion=5.00. Overall continuous rubric MOS verdict: 4.50.",audio_26.wav
5.0,2.77,5.0,4.108,"Judge evaluation: Evaluated 116 words across 2 sentences. Syntax depth ratio=2.50 (Syntax: 5.00), Lexical sophistication index=5.01 with error density=0.017 (Grammar: 2.77), Sentence completion=5.00. Overall continuous rubric MOS verdict: 4.11.",audio_480.wav
2.949,3.067,5.0,3.406,"Judge evaluation: Evaluated 138 words across 8 sentences. Syntax depth ratio=0.46 (Syntax: 2.95), Lexical sophistication index=5.28 with error density=0.000 (Grammar: 3.07), Sentence completion=5.00. Overall continuous rubric MOS verdict: 3.41.",audio_706.wav
4.665,3.838,4.3,4.261,"Judge evaluation: Evaluated 117 words across 5 sentences. Syntax depth ratio=2.34 (Syntax: 4.67), Lexical sophistication index=6.56 with error density=0.000 (Grammar: 3.84), Sentence completion=4.30. Overall continuous rubric MOS verdict: 4.26.",audio_57.wav
4.605,3.953,5.0,4.423,"Judge evaluation: Evaluated 120 words across 5 sentences. Syntax depth ratio=2.24 (Syntax: 4.61), Lexical sophistication index=6.76 with error density=0.000 (Grammar: 3.95), Sentence completion=5.00. Overall continuous rubric MOS verdict: 4.42.",audio_209.wav
2.922,4.478,5.0,3.96,"Judge evaluation: Evaluated 133 words across 8 sentences. Syntax depth ratio=0.45 (Syntax: 2.92), Lexical sophistication index=7.63 with error density=0.000 (Grammar: 4.48), Sentence completion=5.00. Overall continuous rubric MOS verdict: 3.96.",audio_712.wav
2.58,2.959,5.0,3.216,"Judge evaluation: Evaluated 86 words across 5 sentences. Syntax depth ratio=0.00 (Syntax: 2.58), Lexical sophistication index=5.18 with error density=0.006 (Grammar: 2.96), Sentence completion=5.00. Overall continuous rubric MOS verdict: 3.22.",audio_353.wav
3.048,3.929,5.0,3.791,"Judge evaluation: Evaluated 113 words across 9 sentences. Syntax depth ratio=0.78 (Syntax: 3.05), Lexical sophistication index=6.77 with error density=0.004 (Grammar: 3.93), Sentence completion=5.00. Overall continuous rubric MOS verdict: 3.79.",audio_575.wav
3.884,2.855,5.0,3.696,"Judge evaluation: Evaluated 76 words across 3 sentences. Syntax depth ratio=1.30 (Syntax: 3.88), Lexical sophistication index=5.28 with error density=0.026 (Grammar: 2.86), Sentence completion=5.00. Overall continuous rubric MOS verdict: 3.70.",audio_383.wav
3.853,3.422,5.0,3.91,"Judge evaluation: Evaluated 91 words across 6 sentences. Syntax depth ratio=1.65 (Syntax: 3.85), Lexical sophistication index=5.87 with error density=0.000 (Grammar: 3.42), Sentence completion=5.00. Overall continuous rubric MOS verdict: 3.91.",audio_781.wav
2.318,3.567,4.731,3.3,"Judge evaluation: Evaluated 87 words across 13 sentences. Syntax depth ratio=0.12 (Syntax: 2.32), Lexical sophistication index=6.11 with error density=0.000 (Grammar: 3.57), Sentence completion=4.73. Overall continuous rubric MOS verdict: 3.30.",audio_118.wav
3.201,4.369,5.0,4.028,"Judge evaluation: Evaluated 142 words across 9 sentences. Syntax depth ratio=0.81 (Syntax: 3.20), Lexical sophistication index=7.64 with error density=0.014 (Grammar: 4.37), Sentence completion=5.00. Overall continuous rubric MOS verdict: 4.03.",audio_337.wav
4.303,4.065,5.0,4.347,"Judge evaluation: Evaluated 148 words across 5 sentences. Syntax depth ratio=1.62 (Syntax: 4.30), Lexical sophistication index=6.99 with error density=0.003 (Grammar: 4.07), Sentence completion=5.00. Overall continuous rubric MOS verdict: 4.35.",audio_715.wav
4.467,2.856,5.0,3.929,"Judge evaluation: Evaluated 73 words across 1 sentences. Syntax depth ratio=0.00 (Syntax: 4.47), Lexical sophistication index=5.38 with error density=0.034 (Grammar: 2.86), Sentence completion=5.00. Overall continuous rubric MOS verdict: 3.93.",audio_323.wav
3.187,3.272,5.0,3.584,"Judge evaluation: Evaluated 76 words across 3 sentences. Syntax depth ratio=0.40 (Syntax: 3.19), Lexical sophistication index=5.62 with error density=0.000 (Grammar: 3.27), Sentence completion=5.00. Overall continuous rubric MOS verdict: 3.58.",audio_374.wav
2.869,3.231,5.0,3.44,"Judge evaluation: Evaluated 73 words across 8 sentences. Syntax depth ratio=0.68 (Syntax: 2.87), Lexical sophistication index=5.74 with error density=0.014 (Grammar: 3.23), Sentence completion=5.00. Overall continuous rubric MOS verdict: 3.44.",audio_348.wav
3.3,3.959,5.0,3.904,"Judge evaluation: Evaluated 80 words across 3 sentences. Syntax depth ratio=0.50 (Syntax: 3.30), Lexical sophistication index=6.93 with error density=0.013 (Grammar: 3.96), Sentence completion=5.00. Overall continuous rubric MOS verdict: 3.90.",audio_547.wav
4.173,3.542,5.0,4.086,"Judge evaluation: Evaluated 101 words across 3 sentences. Syntax depth ratio=1.30 (Syntax: 4.17), Lexical sophistication index=6.07 with error density=0.000 (Grammar: 3.54), Sentence completion=5.00. Overall continuous rubric MOS verdict: 4.09.",audio_41.wav
5.0,4.019,5.0,4.608,"Judge evaluation: Evaluated 110 words across 2 sentences. Syntax depth ratio=2.55 (Syntax: 5.00), Lexical sophistication index=6.86 with error density=0.000 (Grammar: 4.02), Sentence completion=5.00. Overall continuous rubric MOS verdict: 4.61.",audio_284.wav
3.326,3.616,5.0,3.777,"Judge evaluation: Evaluated 108 words across 6 sentences. Syntax depth ratio=0.90 (Syntax: 3.33), Lexical sophistication index=6.25 with error density=0.005 (Grammar: 3.62), Sentence completion=5.00. Overall continuous rubric MOS verdict: 3.78.",audio_13.wav
3.625,4.148,5.0,4.109,"Judge evaluation: Evaluated 129 words across 7 sentences. Syntax depth ratio=1.26 (Syntax: 3.62), Lexical sophistication index=7.13 with error density=0.004 (Grammar: 4.15), Sentence completion=5.00. Overall continuous rubric MOS verdict: 4.11.",audio_548.wav
4.323,3.975,5.0,4.319,"Judge evaluation: Evaluated 120 words across 6 sentences. Syntax depth ratio=2.05 (Syntax: 4.32), Lexical sophistication index=6.85 with error density=0.004 (Grammar: 3.97), Sentence completion=5.00. Overall continuous rubric MOS verdict: 4.32.",audio_687.wav
2.52,2.779,5.0,3.119,"Judge evaluation: Evaluated 113 words across 11 sentences. Syntax depth ratio=0.22 (Syntax: 2.52), Lexical sophistication index=4.80 with error density=0.000 (Grammar: 2.78), Sentence completion=5.00. Overall continuous rubric MOS verdict: 3.12.",audio_104.wav
3.489,3.676,5.0,3.866,"Judge evaluation: Evaluated 98 words across 3 sentences. Syntax depth ratio=0.50 (Syntax: 3.49), Lexical sophistication index=6.57 with error density=0.020 (Grammar: 3.68), Sentence completion=5.00. Overall continuous rubric MOS verdict: 3.87.",audio_181.wav
3.683,3.217,5.0,3.76,"Judge evaluation: Evaluated 99 words across 2 sentences. Syntax depth ratio=0.00 (Syntax: 3.68), Lexical sophistication index=5.53 with error density=0.000 (Grammar: 3.22), Sentence completion=5.00. Overall continuous rubric MOS verdict: 3.76.",audio_755.wav
3.728,3.391,5.0,3.848,"Judge evaluation: Evaluated 133 words across 8 sentences. Syntax depth ratio=1.46 (Syntax: 3.73), Lexical sophistication index=6.07 with error density=0.019 (Grammar: 3.39), Sentence completion=5.00. Overall continuous rubric MOS verdict: 3.85.",audio_733.wav
2.762,1.0,3.385,2.182,"Judge evaluation: Evaluated 272 words across 13 sentences. Syntax depth ratio=0.00 (Syntax: 2.76), Lexical sophistication index=1.21 with error density=0.213 (Grammar: 1.00), Sentence completion=3.38. Overall continuous rubric MOS verdict: 2.18.",audio_5072.wav
2.493,3.833,4.3,3.39,"Judge evaluation: Evaluated 73 words across 5 sentences. Syntax depth ratio=0.00 (Syntax: 2.49), Lexical sophistication index=6.55 with error density=0.000 (Grammar: 3.83), Sentence completion=4.30. Overall continuous rubric MOS verdict: 3.39.",audio_776.wav
3.464,3.15,5.0,3.646,"Judge evaluation: Evaluated 66 words across 3 sentences. Syntax depth ratio=0.90 (Syntax: 3.46), Lexical sophistication index=5.42 with error density=0.000 (Grammar: 3.15), Sentence completion=5.00. Overall continuous rubric MOS verdict: 3.65.",audio_70.wav
3.757,3.199,5.0,3.783,"Judge evaluation: Evaluated 94 words across 5 sentences. Syntax depth ratio=1.38 (Syntax: 3.76), Lexical sophistication index=5.57 with error density=0.005 (Grammar: 3.20), Sentence completion=5.00. Overall continuous rubric MOS verdict: 3.78.",audio_49.wav
3.325,4.146,5.0,3.989,"Judge evaluation: Evaluated 131 words across 5 sentences. Syntax depth ratio=0.54 (Syntax: 3.33), Lexical sophistication index=7.08 with error density=0.000 (Grammar: 4.15), Sentence completion=5.00. Overall continuous rubric MOS verdict: 3.99.",audio_527.wav
2.574,3.447,5.0,3.408,"Judge evaluation: Evaluated 108 words across 8 sentences. Syntax depth ratio=0.15 (Syntax: 2.57), Lexical sophistication index=6.16 with error density=0.019 (Grammar: 3.45), Sentence completion=5.00. Overall continuous rubric MOS verdict: 3.41.",audio_273.wav
3.109,3.988,5.0,3.839,"Judge evaluation: Evaluated 70 words across 3 sentences. Syntax depth ratio=0.40 (Syntax: 3.11), Lexical sophistication index=6.81 with error density=0.000 (Grammar: 3.99), Sentence completion=5.00. Overall continuous rubric MOS verdict: 3.84.",audio_139.wav
2.816,3.376,5.0,3.477,"Judge evaluation: Evaluated 118 words across 6 sentences. Syntax depth ratio=0.20 (Syntax: 2.82), Lexical sophistication index=6.08 with error density=0.021 (Grammar: 3.38), Sentence completion=5.00. Overall continuous rubric MOS verdict: 3.48.",audio_467.wav
2.628,3.355,5.0,3.394,"Judge evaluation: Evaluated 120 words across 11 sentences. Syntax depth ratio=0.33 (Syntax: 2.63), Lexical sophistication index=6.48 with error density=0.054 (Grammar: 3.36), Sentence completion=5.00. Overall continuous rubric MOS verdict: 3.39.",audio_407.wav
2.824,4.257,5.0,3.832,"Judge evaluation: Evaluated 129 words across 8 sentences. Syntax depth ratio=0.34 (Syntax: 2.82), Lexical sophistication index=7.57 with error density=0.023 (Grammar: 4.26), Sentence completion=5.00. Overall continuous rubric MOS verdict: 3.83.",audio_404.wav
4.028,3.28,5.0,3.923,"Judge evaluation: Evaluated 152 words across 5 sentences. Syntax depth ratio=1.26 (Syntax: 4.03), Lexical sophistication index=5.68 with error density=0.003 (Grammar: 3.28), Sentence completion=5.00. Overall continuous rubric MOS verdict: 3.92.",audio_534.wav
3.469,3.294,5.0,3.705,"Judge evaluation: Evaluated 72 words across 5 sentences. Syntax depth ratio=1.22 (Syntax: 3.47), Lexical sophistication index=5.66 with error density=0.000 (Grammar: 3.29), Sentence completion=5.00. Overall continuous rubric MOS verdict: 3.71.",audio_96.wav
3.5,3.777,5.0,3.911,"Judge evaluation: Evaluated 90 words across 2 sentences. Syntax depth ratio=0.00 (Syntax: 3.50), Lexical sophistication index=6.54 with error density=0.006 (Grammar: 3.78), Sentence completion=5.00. Overall continuous rubric MOS verdict: 3.91.",audio_137.wav
3.05,3.214,5.0,3.506,"Judge evaluation: Evaluated 126 words across 7 sentences. Syntax depth ratio=0.56 (Syntax: 3.05), Lexical sophistication index=5.52 with error density=0.000 (Grammar: 3.21), Sentence completion=5.00. Overall continuous rubric MOS verdict: 3.51.",audio_150.wav
2.903,3.803,5.0,3.683,"Judge evaluation: Evaluated 102 words across 6 sentences. Syntax depth ratio=0.40 (Syntax: 2.90), Lexical sophistication index=6.83 with error density=0.025 (Grammar: 3.80), Sentence completion=5.00. Overall continuous rubric MOS verdict: 3.68.",audio_339.wav
3.066,3.482,5.0,3.619,"Judge evaluation: Evaluated 120 words across 7 sentences. Syntax depth ratio=0.60 (Syntax: 3.07), Lexical sophistication index=6.02 with error density=0.004 (Grammar: 3.48), Sentence completion=5.00. Overall continuous rubric MOS verdict: 3.62.",audio_409.wav
5.0,2.986,5.0,4.194,"Judge evaluation: Evaluated 101 words across 2 sentences. Syntax depth ratio=4.05 (Syntax: 5.00), Lexical sophistication index=5.67 with error density=0.040 (Grammar: 2.99), Sentence completion=5.00. Overall continuous rubric MOS verdict: 4.19.",audio_78.wav
3.236,3.74,5.0,3.79,"Judge evaluation: Evaluated 100 words across 6 sentences. Syntax depth ratio=0.85 (Syntax: 3.24), Lexical sophistication index=6.40 with error density=0.000 (Grammar: 3.74), Sentence completion=5.00. Overall continuous rubric MOS verdict: 3.79.",audio_244.wav
2.8,3.37,5.0,3.468,"Judge evaluation: Evaluated 84 words across 5 sentences. Syntax depth ratio=0.30 (Syntax: 2.80), Lexical sophistication index=5.78 with error density=0.000 (Grammar: 3.37), Sentence completion=5.00. Overall continuous rubric MOS verdict: 3.47.",audio_752.wav
5.0,3.272,5.0,4.309,"Judge evaluation: Evaluated 114 words across 3 sentences. Syntax depth ratio=2.33 (Syntax: 5.00), Lexical sophistication index=5.62 with error density=0.000 (Grammar: 3.27), Sentence completion=5.00. Overall continuous rubric MOS verdict: 4.31.",audio_508.wav
3.145,3.318,5.0,3.585,"Judge evaluation: Evaluated 74 words across 8 sentences. Syntax depth ratio=1.02 (Syntax: 3.15), Lexical sophistication index=5.70 with error density=0.000 (Grammar: 3.32), Sentence completion=5.00. Overall continuous rubric MOS verdict: 3.59.",audio_664.wav
2.542,3.54,5.0,3.433,"Judge evaluation: Evaluated 80 words across 7 sentences. Syntax depth ratio=0.17 (Syntax: 2.54), Lexical sophistication index=6.15 with error density=0.006 (Grammar: 3.54), Sentence completion=5.00. Overall continuous rubric MOS verdict: 3.43.",audio_701.wav
2.6,2.987,5.0,3.235,"Judge evaluation: Evaluated 34 words across 2 sentences. Syntax depth ratio=0.00 (Syntax: 2.60), Lexical sophistication index=5.14 with error density=0.000 (Grammar: 2.99), Sentence completion=5.00. Overall continuous rubric MOS verdict: 3.23.",audio_5044.wav
2.725,3.227,5.0,3.381,"Judge evaluation: Evaluated 121 words across 10 sentences. Syntax depth ratio=0.39 (Syntax: 2.73), Lexical sophistication index=5.55 with error density=0.000 (Grammar: 3.23), Sentence completion=5.00. Overall continuous rubric MOS verdict: 3.38.",audio_734.wav
2.509,2.82,5.0,3.131,"Judge evaluation: Evaluated 78 words across 7 sentences. Syntax depth ratio=0.17 (Syntax: 2.51), Lexical sophistication index=5.21 with error density=0.026 (Grammar: 2.82), Sentence completion=5.00. Overall continuous rubric MOS verdict: 3.13.",audio_51.wav
3.02,3.755,5.0,3.71,"Judge evaluation: Evaluated 63 words across 3 sentences. Syntax depth ratio=0.40 (Syntax: 3.02), Lexical sophistication index=6.43 with error density=0.000 (Grammar: 3.76), Sentence completion=5.00. Overall continuous rubric MOS verdict: 3.71.",audio_704.wav
2.765,3.976,5.0,3.697,"Judge evaluation: Evaluated 86 words across 5 sentences. Syntax depth ratio=0.24 (Syntax: 2.77), Lexical sophistication index=6.79 with error density=0.000 (Grammar: 3.98), Sentence completion=5.00. Overall continuous rubric MOS verdict: 3.70.",audio_129.wav
4.396,3.358,5.0,4.101,"Judge evaluation: Evaluated 120 words across 3 sentences. Syntax depth ratio=1.30 (Syntax: 4.40), Lexical sophistication index=6.21 with error density=0.033 (Grammar: 3.36), Sentence completion=5.00. Overall continuous rubric MOS verdict: 4.10.",audio_107.wav
2.636,4.841,5.0,3.991,"Judge evaluation: Evaluated 110 words across 9 sentences. Syntax depth ratio=0.27 (Syntax: 2.64), Lexical sophistication index=8.30 with error density=0.005 (Grammar: 4.84), Sentence completion=5.00. Overall continuous rubric MOS verdict: 3.99.",audio_143.wav
2.813,4.453,5.0,3.906,"Judge evaluation: Evaluated 155 words across 10 sentences. Syntax depth ratio=0.37 (Syntax: 2.81), Lexical sophistication index=7.63 with error density=0.003 (Grammar: 4.45), Sentence completion=5.00. Overall continuous rubric MOS verdict: 3.91.",audio_458.wav
2.443,3.224,5.0,3.267,"Judge evaluation: Evaluated 95 words across 10 sentences. Syntax depth ratio=0.15 (Syntax: 2.44), Lexical sophistication index=5.54 with error density=0.000 (Grammar: 3.22), Sentence completion=5.00. Overall continuous rubric MOS verdict: 3.27.",audio_424.wav
3.212,3.024,5.0,3.494,"Judge evaluation: Evaluated 105 words across 5 sentences. Syntax depth ratio=0.64 (Syntax: 3.21), Lexical sophistication index=5.27 with error density=0.005 (Grammar: 3.02), Sentence completion=5.00. Overall continuous rubric MOS verdict: 3.49.",audio_563.wav
2.897,3.216,5.0,3.445,"Judge evaluation: Evaluated 76 words across 5 sentences. Syntax depth ratio=0.48 (Syntax: 2.90), Lexical sophistication index=5.96 with error density=0.033 (Grammar: 3.22), Sentence completion=5.00. Overall continuous rubric MOS verdict: 3.45.",audio_625.wav
3.003,3.147,5.0,3.46,"Judge evaluation: Evaluated 92 words across 7 sentences. Syntax depth ratio=0.70 (Syntax: 3.00), Lexical sophistication index=5.63 with error density=0.016 (Grammar: 3.15), Sentence completion=5.00. Overall continuous rubric MOS verdict: 3.46.",audio_302.wav
4.133,3.504,5.0,4.055,"Judge evaluation: Evaluated 91 words across 2 sentences. Syntax depth ratio=0.75 (Syntax: 4.13), Lexical sophistication index=6.08 with error density=0.005 (Grammar: 3.50), Sentence completion=5.00. Overall continuous rubric MOS verdict: 4.05.",audio_154.wav
5.0,3.588,5.0,4.435,"Judge evaluation: Evaluated 86 words across 2 sentences. Syntax depth ratio=2.30 (Syntax: 5.00), Lexical sophistication index=6.15 with error density=0.000 (Grammar: 3.59), Sentence completion=5.00. Overall continuous rubric MOS verdict: 4.44.",audio_754.wav
2.857,2.76,5.0,3.247,"Judge evaluation: Evaluated 74 words across 4 sentences. Syntax depth ratio=0.30 (Syntax: 2.86), Lexical sophistication index=4.77 with error density=0.000 (Grammar: 2.76), Sentence completion=5.00. Overall continuous rubric MOS verdict: 3.25.",audio_749.wav
3.145,3.717,5.0,3.745,"Judge evaluation: Evaluated 139 words across 5 sentences. Syntax depth ratio=0.24 (Syntax: 3.15), Lexical sophistication index=6.36 with error density=0.000 (Grammar: 3.72), Sentence completion=5.00. Overall continuous rubric MOS verdict: 3.74.",audio_366.wav
2.625,3.457,5.0,3.433,"Judge evaluation: Evaluated 74 words across 4 sentences. Syntax depth ratio=0.00 (Syntax: 2.62), Lexical sophistication index=5.93 with error density=0.000 (Grammar: 3.46), Sentence completion=5.00. Overall continuous rubric MOS verdict: 3.43.",audio_693.wav
4.32,3.833,5.0,4.261,"Judge evaluation: Evaluated 112 words across 4 sentences. Syntax depth ratio=1.65 (Syntax: 4.32), Lexical sophistication index=6.61 with error density=0.004 (Grammar: 3.83), Sentence completion=5.00. Overall continuous rubric MOS verdict: 4.26.",audio_608.wav
2.956,4.429,5.0,3.954,"Judge evaluation: Evaluated 139 words across 8 sentences. Syntax depth ratio=0.45 (Syntax: 2.96), Lexical sophistication index=7.55 with error density=0.000 (Grammar: 4.43), Sentence completion=5.00. Overall continuous rubric MOS verdict: 3.95.",audio_220.wav
4.616,4.096,5.0,4.485,"Judge evaluation: Evaluated 106 words across 3 sentences. Syntax depth ratio=1.70 (Syntax: 4.62), Lexical sophistication index=6.99 with error density=0.000 (Grammar: 4.10), Sentence completion=5.00. Overall continuous rubric MOS verdict: 4.48.",audio_761.wav
4.793,3.597,5.0,4.356,"Judge evaluation: Evaluated 74 words across 2 sentences. Syntax depth ratio=1.95 (Syntax: 4.79), Lexical sophistication index=6.16 with error density=0.000 (Grammar: 3.60), Sentence completion=5.00. Overall continuous rubric MOS verdict: 4.36.",audio_640.wav
2.616,3.307,5.0,3.369,"Judge evaluation: Evaluated 119 words across 8 sentences. Syntax depth ratio=0.15 (Syntax: 2.62), Lexical sophistication index=5.96 with error density=0.021 (Grammar: 3.31), Sentence completion=5.00. Overall continuous rubric MOS verdict: 3.37.",audio_67.wav
2.595,3.5,5.0,3.438,"Judge evaluation: Evaluated 107 words across 11 sentences. Syntax depth ratio=0.33 (Syntax: 2.60), Lexical sophistication index=6.19 with error density=0.014 (Grammar: 3.50), Sentence completion=5.00. Overall continuous rubric MOS verdict: 3.44.",audio_299.wav
2.704,3.172,4.562,3.263,"Judge evaluation: Evaluated 85 words across 8 sentences. Syntax depth ratio=0.38 (Syntax: 2.70), Lexical sophistication index=5.53 with error density=0.006 (Grammar: 3.17), Sentence completion=4.56. Overall continuous rubric MOS verdict: 3.26.",audio_102.wav
3.222,3.375,5.0,3.639,"Judge evaluation: Evaluated 64 words across 4 sentences. Syntax depth ratio=0.85 (Syntax: 3.22), Lexical sophistication index=6.00 with error density=0.016 (Grammar: 3.38), Sentence completion=5.00. Overall continuous rubric MOS verdict: 3.64.",audio_258.wav
2.569,3.887,5.0,3.582,"Judge evaluation: Evaluated 112 words across 10 sentences. Syntax depth ratio=0.24 (Syntax: 2.57), Lexical sophistication index=7.18 with error density=0.040 (Grammar: 3.89), Sentence completion=5.00. Overall continuous rubric MOS verdict: 3.58.",audio_679.wav
2.5,4.542,5.0,3.817,"Judge evaluation: Evaluated 75 words across 5 sentences. Syntax depth ratio=0.00 (Syntax: 2.50), Lexical sophistication index=7.74 with error density=0.000 (Grammar: 4.54), Sentence completion=5.00. Overall continuous rubric MOS verdict: 3.82.",audio_82.wav
2.519,3.921,5.0,3.576,"Judge evaluation: Evaluated 104 words across 7 sentences. Syntax depth ratio=0.00 (Syntax: 2.52), Lexical sophistication index=6.77 with error density=0.005 (Grammar: 3.92), Sentence completion=5.00. Overall continuous rubric MOS verdict: 3.58.",audio_325.wav
3.417,2.896,5.0,3.525,"Judge evaluation: Evaluated 115 words across 8 sentences. Syntax depth ratio=1.16 (Syntax: 3.42), Lexical sophistication index=5.69 with error density=0.052 (Grammar: 2.90), Sentence completion=5.00. Overall continuous rubric MOS verdict: 3.53.",audio_399.wav
2.511,3.439,5.0,3.38,"Judge evaluation: Evaluated 46 words across 3 sentences. Syntax depth ratio=0.00 (Syntax: 2.51), Lexical sophistication index=5.90 with error density=0.000 (Grammar: 3.44), Sentence completion=5.00. Overall continuous rubric MOS verdict: 3.38.",audio_285.wav
2.679,3.37,4.0,3.219,"Judge evaluation: Evaluated 84 words across 7 sentences. Syntax depth ratio=0.34 (Syntax: 2.68), Lexical sophistication index=5.78 with error density=0.000 (Grammar: 3.37), Sentence completion=4.00. Overall continuous rubric MOS verdict: 3.22.",audio_784.wav
3.904,2.911,5.0,3.726,"Judge evaluation: Evaluated 84 words across 3 sentences. Syntax depth ratio=1.20 (Syntax: 3.90), Lexical sophistication index=5.02 with error density=0.000 (Grammar: 2.91), Sentence completion=5.00. Overall continuous rubric MOS verdict: 3.73.",audio_0.wav
3.767,3.399,5.0,3.866,"Judge evaluation: Evaluated 140 words across 4 sentences. Syntax depth ratio=0.75 (Syntax: 3.77), Lexical sophistication index=5.83 with error density=0.000 (Grammar: 3.40), Sentence completion=5.00. Overall continuous rubric MOS verdict: 3.87.",audio_435.wav
3.622,4.288,5.0,4.164,"Judge evaluation: Evaluated 89 words across 4 sentences. Syntax depth ratio=1.10 (Syntax: 3.62), Lexical sophistication index=7.31 with error density=0.000 (Grammar: 4.29), Sentence completion=5.00. Overall continuous rubric MOS verdict: 4.16.",audio_91.wav
5.0,3.032,5.0,4.213,"Judge evaluation: Evaluated 82 words across 1 sentences. Syntax depth ratio=1.20 (Syntax: 5.00), Lexical sophistication index=5.30 with error density=0.006 (Grammar: 3.03), Sentence completion=5.00. Overall continuous rubric MOS verdict: 4.21.",audio_109.wav
2.353,2.729,5.0,3.033,"Judge evaluation: Evaluated 52 words across 5 sentences. Syntax depth ratio=0.00 (Syntax: 2.35), Lexical sophistication index=4.71 with error density=0.000 (Grammar: 2.73), Sentence completion=5.00. Overall continuous rubric MOS verdict: 3.03.",audio_772.wav
3.366,3.176,5.0,3.617,"Judge evaluation: Evaluated 116 words across 6 sentences. Syntax depth ratio=0.87 (Syntax: 3.37), Lexical sophistication index=6.04 with error density=0.043 (Grammar: 3.18), Sentence completion=5.00. Overall continuous rubric MOS verdict: 3.62.",audio_270.wav
2.775,3.313,5.0,3.435,"Judge evaluation: Evaluated 133 words across 7 sentences. Syntax depth ratio=0.17 (Syntax: 2.78), Lexical sophistication index=6.59 with error density=0.068 (Grammar: 3.31), Sentence completion=5.00. Overall continuous rubric MOS verdict: 3.44.",audio_528.wav
3.233,2.818,5.0,3.421,"Judge evaluation: Evaluated 49 words across 2 sentences. Syntax depth ratio=0.50 (Syntax: 3.23), Lexical sophistication index=5.00 with error density=0.010 (Grammar: 2.82), Sentence completion=5.00. Overall continuous rubric MOS verdict: 3.42.",audio_441.wav
2.587,3.455,5.0,3.417,"Judge evaluation: Evaluated 121 words across 10 sentences. Syntax depth ratio=0.20 (Syntax: 2.59), Lexical sophistication index=6.09 with error density=0.012 (Grammar: 3.46), Sentence completion=5.00. Overall continuous rubric MOS verdict: 3.42.",audio_381.wav
3.763,2.216,5.0,3.392,"Judge evaluation: Evaluated 73 words across 2 sentences. Syntax depth ratio=0.60 (Syntax: 3.76), Lexical sophistication index=4.68 with error density=0.062 (Grammar: 2.22), Sentence completion=5.00. Overall continuous rubric MOS verdict: 3.39.",audio_86.wav
2.768,2.885,5.0,3.261,"Judge evaluation: Evaluated 97 words across 9 sentences. Syntax depth ratio=0.51 (Syntax: 2.77), Lexical sophistication index=4.98 with error density=0.000 (Grammar: 2.89), Sentence completion=5.00. Overall continuous rubric MOS verdict: 3.26.",audio_101.wav
3.796,3.396,5.0,3.877,"Judge evaluation: Evaluated 99 words across 3 sentences. Syntax depth ratio=0.80 (Syntax: 3.80), Lexical sophistication index=6.23 with error density=0.030 (Grammar: 3.40), Sentence completion=5.00. Overall continuous rubric MOS verdict: 3.88.",audio_333.wav
2.442,2.868,5.0,3.124,"Judge evaluation: Evaluated 116 words across 11 sentences. Syntax depth ratio=0.11 (Syntax: 2.44), Lexical sophistication index=5.29 with error density=0.026 (Grammar: 2.87), Sentence completion=5.00. Overall continuous rubric MOS verdict: 3.12.",audio_149.wav
4.224,3.785,5.0,4.204,"Judge evaluation: Evaluated 130 words across 6 sentences. Syntax depth ratio=1.85 (Syntax: 4.22), Lexical sophistication index=6.58 with error density=0.008 (Grammar: 3.79), Sentence completion=5.00. Overall continuous rubric MOS verdict: 4.20.",audio_719.wav
3.96,3.787,5.0,4.099,"Judge evaluation: Evaluated 106 words across 6 sentences. Syntax depth ratio=1.70 (Syntax: 3.96), Lexical sophistication index=6.60 with error density=0.009 (Grammar: 3.79), Sentence completion=5.00. Overall continuous rubric MOS verdict: 4.10.",audio_638.wav
2.829,3.174,5.0,3.401,"Judge evaluation: Evaluated 115 words across 10 sentences. Syntax depth ratio=0.54 (Syntax: 2.83), Lexical sophistication index=5.69 with error density=0.017 (Grammar: 3.17), Sentence completion=5.00. Overall continuous rubric MOS verdict: 3.40.",audio_147.wav
2.967,3.478,5.0,3.578,"Judge evaluation: Evaluated 79 words across 4 sentences. Syntax depth ratio=0.38 (Syntax: 2.97), Lexical sophistication index=6.30 with error density=0.025 (Grammar: 3.48), Sentence completion=5.00. Overall continuous rubric MOS verdict: 3.58.",audio_62.wav
3.444,4.017,5.0,3.984,"Judge evaluation: Evaluated 122 words across 5 sentences. Syntax depth ratio=0.78 (Syntax: 3.44), Lexical sophistication index=6.97 with error density=0.008 (Grammar: 4.02), Sentence completion=5.00. Overall continuous rubric MOS verdict: 3.98.",audio_763.wav
2.558,3.565,5.0,3.449,"Judge evaluation: Evaluated 67 words across 4 sentences. Syntax depth ratio=0.00 (Syntax: 2.56), Lexical sophistication index=6.11 with error density=0.000 (Grammar: 3.57), Sentence completion=5.00. Overall continuous rubric MOS verdict: 3.45.",audio_498.wav
4.251,3.828,5.0,4.232,"Judge evaluation: Evaluated 106 words across 3 sentences. Syntax depth ratio=1.30 (Syntax: 4.25), Lexical sophistication index=6.80 with error density=0.019 (Grammar: 3.83), Sentence completion=5.00. Overall continuous rubric MOS verdict: 4.23.",audio_1.wav
3.668,4.325,5.0,4.197,"Judge evaluation: Evaluated 109 words across 5 sentences. Syntax depth ratio=1.16 (Syntax: 3.67), Lexical sophistication index=7.38 with error density=0.000 (Grammar: 4.33), Sentence completion=5.00. Overall continuous rubric MOS verdict: 4.20.",audio_304.wav
5.0,2.723,5.0,4.089,"Judge evaluation: Evaluated 103 words across 2 sentences. Syntax depth ratio=3.95 (Syntax: 5.00), Lexical sophistication index=5.22 with error density=0.039 (Grammar: 2.72), Sentence completion=5.00. Overall continuous rubric MOS verdict: 4.09.",audio_347.wav
2.833,3.727,5.0,3.624,"Judge evaluation: Evaluated 89 words across 5 sentences. Syntax depth ratio=0.30 (Syntax: 2.83), Lexical sophistication index=6.68 with error density=0.022 (Grammar: 3.73), Sentence completion=5.00. Overall continuous rubric MOS verdict: 3.62.",audio_560.wav
5.0,2.843,5.0,4.137,"Judge evaluation: Evaluated 114 words across 1 sentences. Syntax depth ratio=5.10 (Syntax: 5.00), Lexical sophistication index=4.96 with error density=0.004 (Grammar: 2.84), Sentence completion=5.00. Overall continuous rubric MOS verdict: 4.14.",audio_452.wav
2.582,3.747,5.0,3.532,"Judge evaluation: Evaluated 115 words across 10 sentences. Syntax depth ratio=0.24 (Syntax: 2.58), Lexical sophistication index=6.53 with error density=0.009 (Grammar: 3.75), Sentence completion=5.00. Overall continuous rubric MOS verdict: 3.53.",audio_716.wav
2.432,3.623,5.0,3.422,"Judge evaluation: Evaluated 111 words across 13 sentences. Syntax depth ratio=0.18 (Syntax: 2.43), Lexical sophistication index=6.26 with error density=0.005 (Grammar: 3.62), Sentence completion=5.00. Overall continuous rubric MOS verdict: 3.42.",audio_473.wav
2.517,3.958,5.0,3.59,"Judge evaluation: Evaluated 97 words across 8 sentences. Syntax depth ratio=0.12 (Syntax: 2.52), Lexical sophistication index=7.11 with error density=0.026 (Grammar: 3.96), Sentence completion=5.00. Overall continuous rubric MOS verdict: 3.59.",audio_95.wav
3.398,2.933,5.0,3.532,"Judge evaluation: Evaluated 113 words across 6 sentences. Syntax depth ratio=0.90 (Syntax: 3.40), Lexical sophistication index=5.64 with error density=0.044 (Grammar: 2.93), Sentence completion=5.00. Overall continuous rubric MOS verdict: 3.53.",audio_732.wav
3.851,3.459,5.0,3.924,"Judge evaluation: Evaluated 141 words across 6 sentences. Syntax depth ratio=1.30 (Syntax: 3.85), Lexical sophistication index=5.98 with error density=0.004 (Grammar: 3.46), Sentence completion=5.00. Overall continuous rubric MOS verdict: 3.92.",audio_292.wav
5.0,3.197,5.0,4.279,"Judge evaluation: Evaluated 130 words across 2 sentences. Syntax depth ratio=6.75 (Syntax: 5.00), Lexical sophistication index=5.70 with error density=0.015 (Grammar: 3.20), Sentence completion=5.00. Overall continuous rubric MOS verdict: 4.28.",audio_469.wav
3.165,3.018,5.0,3.473,"Judge evaluation: Evaluated 109 words across 4 sentences. Syntax depth ratio=0.30 (Syntax: 3.17), Lexical sophistication index=5.75 with error density=0.041 (Grammar: 3.02), Sentence completion=5.00. Overall continuous rubric MOS verdict: 3.47.",audio_329.wav
2.571,3.602,4.731,3.415,"Judge evaluation: Evaluated 101 words across 13 sentences. Syntax depth ratio=0.38 (Syntax: 2.57), Lexical sophistication index=6.17 with error density=0.000 (Grammar: 3.60), Sentence completion=4.73. Overall continuous rubric MOS verdict: 3.42.",audio_169.wav
3.38,3.286,5.0,3.666,"Judge evaluation: Evaluated 132 words across 5 sentences. Syntax depth ratio=0.60 (Syntax: 3.38), Lexical sophistication index=5.74 with error density=0.008 (Grammar: 3.29), Sentence completion=5.00. Overall continuous rubric MOS verdict: 3.67.",audio_174.wav
4.0,2.946,5.0,3.779,"Judge evaluation: Evaluated 59 words across 1 sentences. Syntax depth ratio=0.00 (Syntax: 4.00), Lexical sophistication index=5.08 with error density=0.000 (Grammar: 2.95), Sentence completion=5.00. Overall continuous rubric MOS verdict: 3.78.",audio_513.wav
3.933,2.818,5.0,3.7,"Judge evaluation: Evaluated 110 words across 5 sentences. Syntax depth ratio=1.50 (Syntax: 3.93), Lexical sophistication index=4.86 with error density=0.000 (Grammar: 2.82), Sentence completion=5.00. Overall continuous rubric MOS verdict: 3.70.",audio_584.wav
3.399,4.273,5.0,4.069,"Judge evaluation: Evaluated 126 words across 11 sentences. Syntax depth ratio=1.25 (Syntax: 3.40), Lexical sophistication index=7.39 with error density=0.008 (Grammar: 4.27), Sentence completion=5.00. Overall continuous rubric MOS verdict: 4.07.",audio_345.wav
3.387,3.537,5.0,3.769,"Judge evaluation: Evaluated 98 words across 5 sentences. Syntax depth ratio=0.90 (Syntax: 3.39), Lexical sophistication index=6.06 with error density=0.000 (Grammar: 3.54), Sentence completion=5.00. Overall continuous rubric MOS verdict: 3.77.",audio_750.wav
3.024,3.368,5.0,3.557,"Judge evaluation: Evaluated 96 words across 5 sentences. Syntax depth ratio=0.48 (Syntax: 3.02), Lexical sophistication index=5.92 with error density=0.010 (Grammar: 3.37), Sentence completion=5.00. Overall continuous rubric MOS verdict: 3.56.",audio_116.wav
2.522,3.018,5.0,3.216,"Judge evaluation: Evaluated 90 words across 6 sentences. Syntax depth ratio=0.00 (Syntax: 2.52), Lexical sophistication index=5.27 with error density=0.006 (Grammar: 3.02), Sentence completion=5.00. Overall continuous rubric MOS verdict: 3.22.",audio_114.wav
3.638,3.351,5.0,3.796,"Judge evaluation: Evaluated 103 words across 4 sentences. Syntax depth ratio=0.97 (Syntax: 3.64), Lexical sophistication index=6.01 with error density=0.019 (Grammar: 3.35), Sentence completion=5.00. Overall continuous rubric MOS verdict: 3.80.",audio_157.wav
2.733,4.325,5.0,3.823,"Judge evaluation: Evaluated 114 words across 10 sentences. Syntax depth ratio=0.42 (Syntax: 2.73), Lexical sophistication index=7.49 with error density=0.009 (Grammar: 4.33), Sentence completion=5.00. Overall continuous rubric MOS verdict: 3.82.",audio_385.wav
4.029,3.478,5.0,4.003,"Judge evaluation: Evaluated 52 words across 3 sentences. Syntax depth ratio=1.80 (Syntax: 4.03), Lexical sophistication index=5.96 with error density=0.000 (Grammar: 3.48), Sentence completion=5.00. Overall continuous rubric MOS verdict: 4.00.",audio_264.wav
3.631,4.24,4.5,4.049,"Judge evaluation: Evaluated 133 words across 7 sentences. Syntax depth ratio=1.20 (Syntax: 3.63), Lexical sophistication index=7.28 with error density=0.004 (Grammar: 4.24), Sentence completion=4.50. Overall continuous rubric MOS verdict: 4.05.",audio_390.wav
3.276,3.288,5.0,3.625,"Judge evaluation: Evaluated 96 words across 6 sentences. Syntax depth ratio=0.90 (Syntax: 3.28), Lexical sophistication index=5.72 with error density=0.005 (Grammar: 3.29), Sentence completion=5.00. Overall continuous rubric MOS verdict: 3.63.",audio_766.wav
3.962,2.917,5.0,3.752,"Judge evaluation: Evaluated 81 words across 3 sentences. Syntax depth ratio=1.30 (Syntax: 3.96), Lexical sophistication index=5.11 with error density=0.006 (Grammar: 2.92), Sentence completion=5.00. Overall continuous rubric MOS verdict: 3.75.",audio_571.wav
4.168,3.45,5.0,4.047,"Judge evaluation: Evaluated 117 words across 4 sentences. Syntax depth ratio=1.45 (Syntax: 4.17), Lexical sophistication index=5.92 with error density=0.000 (Grammar: 3.45), Sentence completion=5.00. Overall continuous rubric MOS verdict: 4.05.",audio_393.wav
2.581,4.354,4.611,3.696,"Judge evaluation: Evaluated 125 words across 9 sentences. Syntax depth ratio=0.13 (Syntax: 2.58), Lexical sophistication index=7.42 with error density=0.000 (Grammar: 4.35), Sentence completion=4.61. Overall continuous rubric MOS verdict: 3.70.",audio_691.wav
