num_words,num_unique_words,ttr,guiraud_index,mean_word_length,polysyllable_ratio,num_sentences,mean_sentence_length,std_sentence_length,subordination_count,subordination_ratio,relative_pronoun_count,complex_modal_count,filler_count,filler_ratio,repetition_count,repetition_ratio,self_correction_count,incomplete_sentence_ratio,words_per_minute,speech_rate,filename
101.0,68.0,0.6732673267326733,6.766252893427926,4.138613861386139,0.0297029702970297,9.0,11.555555555555555,2.948110924760355,1.0,0.1111111111111111,1.0,1.0,3.0,0.0297029702970297,1.0,0.009900990099009901,0.0,0.0,100.15142531922234,184.25059968247442,audio_192.wav
119.0,56.0,0.47058823529411764,5.133511583357984,4.109243697478991,0.04201680672268908,5.0,23.8,21.2452347598232,0.0,0.0,2.0,0.0,4.0,0.03361344537815126,1.0,0.008403361344537815,0.0,0.0,118.85205395367224,149.4673474328381,audio_436.wav
147.0,77.0,0.5238095238095238,6.3508529610858835,3.9863945578231292,0.06802721088435375,12.0,12.25,3.608439182435161,0.0,0.0,2.0,0.0,1.0,0.006802721088435374,1.0,0.006802721088435374,0.0,0.0,146.8172431192422,215.55930193913184,audio_447.wav
101.0,50.0,0.49504950495049505,4.975185951049946,3.6435643564356437,0.019801980198019802,6.0,16.833333333333332,7.4703116103383245,5.0,0.8333333333333334,4.0,0.0,0.0,0.0,0.0,0.0,0.0,0.3333333333333333,134.4873501997337,187.88183166861057,audio_126.wav
73.0,43.0,0.589041095890411,5.032769329433615,3.8219178082191783,0.0547945205479452,3.0,25.0,20.92844953645635,1.0,0.3333333333333333,1.0,0.0,2.0,0.0273972602739726,1.0,0.0136986301369863,0.0,0.0,96.6887417218543,146.5706804541534,audio_61.wav
91.0,61.0,0.6703296703296703,6.394537504003702,3.7362637362637363,0.06593406593406594,7.0,13.428571428571429,6.298687910013887,2.0,0.2857142857142857,2.0,0.0,0.0,0.0,0.0,0.0,0.0,0.0,90.88686478810232,196.46350721834213,audio_639.wav
85.0,62.0,0.7294117647058823,6.724844192378342,3.835294117647059,0.023529411764705882,11.0,8.272727272727273,5.7539063267078765,1.0,0.09090909090909091,1.0,1.0,0.0,0.0,0.0,0.0,0.0,0.18181818181818182,97.7760736196319,206.64955324392412,audio_703.wav
131.0,82.0,0.6259541984732825,7.164373264620511,4.8396946564885495,0.16793893129770993,12.0,10.916666666666666,5.073761479962924,3.0,0.25,0.0,0.0,2.0,0.015267175572519083,0.0,0.0,0.0,0.0,130.83713502463078,186.62161420971688,audio_509.wav
119.0,70.0,0.5882352941176471,6.416889479197479,3.9411764705882355,0.04201680672268908,8.0,15.0,7.810249675906654,1.0,0.125,2.0,0.0,0.0,0.0,0.0,0.0,0.0,0.0,118.85205395367224,193.15469120211148,audio_672.wav
112.0,68.0,0.6071428571428571,6.425396041156863,4.285714285714286,0.125,7.0,16.142857142857142,10.161953853587852,1.0,0.14285714285714285,3.0,0.0,0.0,0.0,0.0,0.0,0.0,0.0,111.86075666227975,165.53076484893788,audio_344.wav
124.0,84.0,0.6774193548387096,7.543422685124546,4.516129032258065,0.10483870967741936,4.0,31.0,26.02883016964074,1.0,0.25,1.0,0.0,1.0,0.008064516129032258,0.0,0.0,0.0,0.0,123.84583773323831,226.59788409143695,audio_592.wav
112.0,66.0,0.5892857142857143,6.236413804652249,3.919642857142857,0.07142857142857142,6.0,19.166666666666668,19.15216842959448,0.0,0.0,0.0,0.0,4.0,0.03571428571428571,0.0,0.0,0.0,0.0,111.86075666227975,171.27074037659102,audio_705.wav
75.0,54.0,0.72,6.235382907247958,5.12,0.2,5.0,15.4,8.49941174435031,1.0,0.2,2.0,0.0,0.0,0.0,0.0,0.0,0.0,0.0,74.90675669349092,75.0818016932754,audio_497.wav
98.0,58.0,0.5918367346938775,5.858884758402822,3.8877551020408165,0.08163265306122448,6.0,16.5,11.427306477614632,1.0,0.16666666666666666,1.0,1.0,0.0,0.0,0.0,0.0,0.0,0.0,97.8781620794948,227.90165307769144,audio_702.wav
135.0,82.0,0.6074074074074074,7.0574363197557375,3.77037037037037,0.022222222222222223,4.0,34.75,24.620875289071265,2.0,0.5,1.0,0.0,0.0,0.0,0.0,0.0,1.0,0.0,134.83216204828364,159.10142132048404,audio_598.wav
79.0,49.0,0.620253164556962,5.512930714537517,3.721518987341772,0.0379746835443038,4.0,20.5,15.580436450882884,1.0,0.25,3.0,1.0,0.0,0.0,0.0,0.0,0.0,0.0,105.1930758988016,141.2189609085551,audio_99.wav
53.0,34.0,0.6415094339622641,4.670259174255427,3.811320754716981,0.05660377358490566,2.0,26.5,6.5,0.0,0.0,0.0,0.0,0.0,0.0,0.0,0.0,0.0,0.0,119.82478451321181,189.49035690461403,audio_194.wav
1.0,1.0,1.0,1.0,3.0,0.0,1.0,1.0,0.0,0.0,0.0,0.0,0.0,0.0,0.0,0.0,0.0,0.0,0.0,0.9986684420772305,0.9986684420772305,audio_5055.wav
101.0,58.0,0.5742574257425742,5.771215703217937,4.0495049504950495,0.0891089108910891,16.0,6.5,3.7080992435478315,0.0,0.0,0.0,0.0,3.0,0.0297029702970297,0.0,0.0,0.0,0.0,100.87443234723443,141.99506944330585,audio_178.wav
101.0,67.0,0.6633663366336634,6.666749174406927,3.702970297029703,0.039603960396039604,2.0,52.5,31.5,1.0,0.5,1.0,0.0,1.0,0.009900990099009901,0.0,0.0,0.0,0.0,131.81560497734418,201.29368722861304,audio_609.wav
94.0,58.0,0.6170212765957447,5.982243228301002,4.191489361702128,0.0425531914893617,4.0,24.75,8.98262211161084,2.0,0.5,4.0,2.0,0.0,0.0,1.0,0.010638297872340425,0.0,0.0,141.14114114114113,162.97129740321415,audio_77.wav
101.0,62.0,0.6138613861386139,6.169230579301932,4.128712871287129,0.0297029702970297,4.0,25.75,19.929563467371782,4.0,1.0,4.0,0.0,0.0,0.0,0.0,0.0,0.0,0.0,134.63076512929885,177.31376238779728,audio_18.wav
79.0,46.0,0.5822784810126582,5.17540434425971,4.3164556962025316,0.13924050632911392,7.0,11.428571428571429,5.447335989982176,0.0,0.0,2.0,0.0,0.0,0.0,0.0,0.0,0.0,0.0,105.1930758988016,139.84345154905617,audio_9.wav
63.0,43.0,0.6825396825396826,5.417490779798923,4.126984126984127,0.07936507936507936,6.0,11.0,2.886751345948129,1.0,0.16666666666666666,2.0,0.0,0.0,0.0,0.0,0.0,0.0,0.0,87.98882681564245,91.99513570644474,audio_138.wav
112.0,61.0,0.5446428571428571,5.763958213390715,4.071428571428571,0.10714285714285714,14.0,8.285714285714286,3.126581232605613,1.0,0.07142857142857142,0.0,0.0,0.0,0.0,2.0,0.017857142857142856,0.0,0.0,111.8508655126498,197.7557545684353,audio_269.wav
99.0,64.0,0.6464646464646465,6.432242017658957,4.313131313131313,0.1111111111111111,5.0,20.8,10.833282051160673,0.0,0.0,3.0,2.0,1.0,0.010101010101010102,0.0,0.0,0.0,0.0,98.876918835408,139.0203459626844,audio_717.wav
128.0,83.0,0.6484375,7.33623285481043,3.828125,0.0390625,10.0,13.5,11.065712810298304,2.0,0.2,4.0,2.0,2.0,0.015625,0.0,0.0,0.0,0.0,127.84086475689115,152.01671145844185,audio_529.wav
164.0,92.0,0.5609756097560976,7.183993046875879,4.591463414634147,0.12195121951219512,11.0,15.181818181818182,8.255226243451993,0.0,0.0,0.0,0.0,0.0,0.0,1.0,0.006097560975609756,0.0,0.0,163.79610796976678,225.33691371327598,audio_578.wav
90.0,55.0,0.6111111111111112,5.7975090436420285,3.8555555555555556,0.05555555555555555,13.0,7.153846153846154,8.244776004291854,0.0,0.0,2.0,0.0,1.0,0.011111111111111112,0.0,0.0,0.0,0.07692307692307693,89.88015978695074,165.3354486004368,audio_171.wav
122.0,83.0,0.680327868852459,7.514466921529038,5.0,0.12295081967213115,6.0,20.666666666666668,5.343739847293799,3.0,0.5,0.0,0.0,0.0,0.0,0.0,0.0,0.0,0.0,121.84832422141189,185.47507907467133,audio_596.wav
265.0,34.0,0.12830188679245283,2.088603397235434,2.267924528301887,0.0,4.0,67.75,105.2719692035824,0.0,0.0,0.0,0.0,0.0,0.0,0.0,0.0,0.0,0.0,264.6705403170012,264.6705403170012,audio_5066.wav
135.0,55.0,0.4074074074074074,4.733646312031287,3.977777777777778,0.08148148148148149,4.0,33.75,11.453711188955307,0.0,0.0,5.0,2.0,1.0,0.007407407407407408,0.0,0.0,0.0,0.0,134.83216204828364,166.59817553496777,audio_501.wav
92.0,49.0,0.532608695652174,5.108603144398332,3.967391304347826,0.05434782608695652,2.0,46.0,9.0,1.0,0.5,1.0,0.0,1.0,0.010869565217391304,0.0,0.0,0.0,0.0,122.50332889480691,145.9283240788708,audio_8.wav
90.0,55.0,0.6111111111111112,5.7975090436420285,3.6666666666666665,0.044444444444444446,7.0,13.0,10.071175275436895,0.0,0.0,1.0,0.0,1.0,0.011111111111111112,0.0,0.0,0.0,0.0,119.84021304926763,120.05345186252255,audio_84.wav
69.0,38.0,0.5507246376811594,4.57466241725923,4.391304347826087,0.057971014492753624,4.0,17.75,4.14578098794425,2.0,0.5,0.0,0.0,0.0,0.0,0.0,0.0,0.0,0.0,97.04641350210971,151.52175290113357,audio_11.wav
37.0,25.0,0.6756756756756757,4.109974682633933,4.648648648648648,0.08108108108108109,3.0,12.333333333333334,5.557777333511022,0.0,0.0,0.0,0.0,1.0,0.02702702702702703,0.0,0.0,0.0,0.0,36.95073235685753,158.74542098375272,audio_142.wav
108.0,68.0,0.6296296296296297,6.543303050815759,4.194444444444445,0.046296296296296294,7.0,16.285714285714285,7.832428663927313,0.0,0.0,0.0,0.0,0.0,0.0,0.0,0.0,0.0,0.0,140.625,197.05468512321266,audio_610.wav
103.0,65.0,0.6310679611650486,6.404640308067906,4.271844660194175,0.05825242718446602,5.0,21.0,12.93058390019569,0.0,0.0,0.0,2.0,0.0,0.0,1.0,0.009708737864077669,0.0,0.0,102.87194585906084,166.68808280724778,audio_654.wav
154.0,83.0,0.538961038961039,6.688330601410656,3.935064935064935,0.03896103896103896,8.0,20.125,10.457503287113994,3.0,0.375,8.0,2.0,2.0,0.012987012987012988,0.0,0.0,0.0,0.0,153.79494007989348,213.17618511881844,audio_170.wav
82.0,59.0,0.7195121951219512,6.515460038415946,4.634146341463414,0.08536585365853659,5.0,16.4,6.529931086925803,0.0,0.0,0.0,0.0,1.0,0.012195121951219513,0.0,0.0,0.0,0.0,81.89081225033289,125.43642396722755,audio_255.wav
96.0,55.0,0.5729166666666666,5.613413993878117,4.21875,0.041666666666666664,5.0,19.8,7.19444229944198,1.0,0.2,2.0,0.0,1.0,0.010416666666666666,1.0,0.010416666666666666,0.0,0.0,95.87217043941412,147.3032119874958,audio_162.wav
217.0,14.0,0.06451612903225806,0.9503819266229829,3.193548387096774,0.0,7.0,34.0,53.88877434122992,0.0,0.0,0.0,0.0,0.0,0.0,0.0,0.0,0.0,0.0,216.73021603316704,216.73021603316704,audio_5069.wav
103.0,55.0,0.5339805825242718,5.4193110299036125,4.194174757281553,0.04854368932038835,8.0,13.125,8.084514518510064,2.0,0.25,1.0,0.0,0.0,0.0,0.0,0.0,0.0,0.0,102.87194585906084,159.62429841955048,audio_769.wav
127.0,76.0,0.5984251968503937,6.743909471562465,4.062992125984252,0.05511811023622047,7.0,18.571428571428573,5.924697529522205,1.0,0.14285714285714285,2.0,0.0,0.0,0.0,0.0,0.0,0.0,0.0,126.97738215380384,159.1262409736096,audio_720.wav
101.0,59.0,0.5841584158415841,5.8707194222389365,4.227722772277228,0.0594059405940594,5.0,21.0,7.536577472566709,2.0,0.4,7.0,5.0,6.0,0.0594059405940594,0.0,0.0,0.0,0.0,100.87443234723443,147.49232194914603,audio_623.wav
100.0,61.0,0.61,6.1,4.38,0.12,9.0,12.11111111111111,4.280302285390716,1.0,0.1111111111111111,0.0,0.0,0.0,0.0,0.0,0.0,1.0,0.0,99.87567559132121,146.6748427307126,audio_718.wav
66.0,51.0,0.7727272727272727,6.277666039945969,4.333333333333333,0.015151515151515152,6.0,11.333333333333334,2.8674417556808756,1.0,0.16666666666666666,0.0,0.0,1.0,0.015151515151515152,0.0,0.0,0.0,0.0,87.88282290279628,87.88282290279628,audio_136.wav
75.0,50.0,0.6666666666666666,5.773502691896257,4.253333333333333,0.06666666666666667,4.0,18.75,5.584576975922169,0.0,0.0,2.0,0.0,0.0,0.0,0.0,0.0,0.0,0.0,99.86684420772303,99.86684420772303,audio_119.wav
112.0,63.0,0.5625,5.952940449895329,3.8482142857142856,0.0625,2.0,56.0,18.0,0.0,0.0,1.0,1.0,1.0,0.008928571428571428,3.0,0.026785714285714284,0.0,0.0,111.86075666227975,165.08327445490048,audio_542.wav
159.0,68.0,0.4276729559748428,5.39275078288338,3.452830188679245,0.0,19.0,8.68421052631579,4.377606069879643,2.0,0.10526315789473684,5.0,0.0,1.0,0.006289308176100629,6.0,0.03773584905660377,0.0,0.0,158.80232419020075,158.80232419020075,audio_5073.wav
101.0,61.0,0.6039603960396039,6.069726860280934,4.0594059405940595,0.04950495049504951,3.0,33.666666666666664,2.0548046676563256,0.0,0.0,4.0,0.0,0.0,0.0,0.0,0.0,0.0,0.0,100.87443234723443,140.64336341888617,audio_322.wav
38.0,28.0,0.7368421052631579,4.542199791661352,4.421052631578948,0.02631578947368421,3.0,14.0,2.449489742783178,0.0,0.0,0.0,0.0,1.0,0.02631578947368421,0.0,0.0,0.0,0.0,37.95275672470206,37.95275672470206,audio_5039.wav
107.0,69.0,0.6448598130841121,6.670481774415078,4.065420560747664,0.04672897196261682,4.0,27.25,22.851422275210794,0.0,0.0,2.0,3.0,1.0,0.009345794392523364,1.0,0.009345794392523364,0.0,0.0,106.86697288271371,154.18937341679379,audio_707.wav
135.0,76.0,0.562962962962963,6.5410385402614155,4.659259259259259,0.1037037037037037,4.0,34.5,12.093386622447824,1.0,0.25,3.0,0.0,0.0,0.0,0.0,0.0,0.0,0.0,134.8202396804261,193.02273170932997,audio_148.wav
87.0,52.0,0.5977011494252874,5.574985181156533,4.597701149425287,0.12643678160919541,3.0,29.0,15.641824275533422,2.0,0.6666666666666666,3.0,0.0,0.0,0.0,0.0,0.0,0.0,0.3333333333333333,86.89183776444946,121.28904829742422,audio_316.wav
122.0,71.0,0.5819672131147541,6.428037969018815,4.262295081967213,0.11475409836065574,4.0,30.5,32.8062494046485,0.0,0.0,2.0,1.0,0.0,0.0,0.0,0.0,0.0,0.0,121.84832422141189,168.1680503216682,audio_647.wav
123.0,74.0,0.6016260162601627,6.672355296538998,4.252032520325203,0.0975609756097561,9.0,14.444444444444445,9.06900841218305,1.0,0.1111111111111111,3.0,1.0,1.0,0.008130081300813009,0.0,0.0,0.0,0.0,122.84708097732508,201.1168814800538,audio_286.wav
90.0,49.0,0.5444444444444444,5.1650535116083525,4.388888888888889,0.1111111111111111,4.0,22.5,6.87386354243376,2.0,0.5,3.0,0.0,0.0,0.0,0.0,0.0,0.0,0.0,130.43478260869566,183.02445928612502,audio_92.wav
88.0,59.0,0.6704545454545454,6.289421132490507,4.7727272727272725,0.10227272727272728,6.0,15.0,5.830951894845301,1.0,0.16666666666666666,1.0,0.0,0.0,0.0,0.0,0.0,0.0,0.0,87.89059452036267,182.7503532184134,audio_462.wav
101.0,77.0,0.7623762376237624,7.661786364616916,4.138613861386139,0.04950495049504951,6.0,16.833333333333332,14.13525930273497,2.0,0.3333333333333333,2.0,1.0,0.0,0.0,0.0,0.0,0.0,0.0,132.1836338229781,185.54290775213127,audio_376.wav
80.0,54.0,0.675,6.037383539249432,4.2875,0.05,5.0,16.0,7.402702209328699,0.0,0.0,0.0,1.0,1.0,0.0125,0.0,0.0,0.0,0.0,106.52463382157123,153.77786882447336,audio_76.wav
68.0,36.0,0.5294117647058824,4.365641250653994,4.117647058823529,0.058823529411764705,3.0,23.0,4.242640687119285,1.0,0.3333333333333333,4.0,0.0,0.0,0.0,1.0,0.014705882352941176,0.0,0.0,90.54593874833554,156.9137776539066,audio_105.wav
63.0,47.0,0.746031746031746,5.921443410477893,3.7936507936507935,0.031746031746031744,6.0,10.5,3.5,0.0,0.0,1.0,2.0,0.0,0.0,0.0,0.0,0.0,0.0,62.78789464340774,190.45239413509466,audio_355.wav
79.0,54.0,0.6835443037974683,6.075474665000529,4.189873417721519,0.06329113924050633,4.0,20.0,13.874436925511608,2.0,0.5,0.0,0.0,0.0,0.0,0.0,0.0,0.0,0.0,78.90178371714376,134.98723966423026,audio_663.wav
116.0,63.0,0.5431034482758621,5.849403152577134,4.025862068965517,0.06896551724137931,3.0,39.666666666666664,16.97710877099579,2.0,0.6666666666666666,9.0,0.0,0.0,0.0,0.0,0.0,0.0,0.0,115.85578368593261,197.64601733921174,audio_767.wav
96.0,63.0,0.65625,6.429910574805843,4.458333333333333,0.09375,6.0,16.166666666666668,8.668269082630562,1.0,0.16666666666666666,2.0,4.0,0.0,0.0,0.0,0.0,0.0,0.0,95.88064856766836,140.63588047114033,audio_655.wav
118.0,71.0,0.6016949152542372,6.536079787078096,4.169491525423729,0.1016949152542373,6.0,19.833333333333332,14.599276998841034,0.0,0.0,2.0,0.0,2.0,0.01694915254237288,0.0,0.0,0.0,0.16666666666666666,117.97898499329807,164.55613368397928,audio_372.wav
129.0,86.0,0.6666666666666666,7.571877794400365,4.403100775193798,0.08527131782945736,7.0,19.428571428571427,7.631834508110332,1.0,0.14285714285714285,1.0,0.0,0.0,0.0,1.0,0.007751937984496124,0.0,0.0,128.83962151280437,161.0160098198523,audio_667.wav
91.0,53.0,0.5824175824175825,5.555909634626167,4.0,0.03296703296703297,4.0,23.0,24.279621084357967,2.0,0.5,2.0,0.0,0.0,0.0,4.0,0.04395604395604396,0.0,0.0,90.88686478810232,96.923392479587,audio_517.wav
98.0,71.0,0.7244897959183674,7.172083066320696,4.622448979591836,0.07142857142857142,5.0,20.0,12.083045973594572,0.0,0.0,4.0,0.0,0.0,0.0,0.0,0.0,0.0,0.0,97.72799042664585,157.1748295230681,audio_765.wav
85.0,51.0,0.6,5.531726674375733,4.317647058823529,0.0,2.0,44.5,38.5,1.0,0.5,3.0,0.0,0.0,0.0,3.0,0.03529411764705882,0.0,0.0,113.18242343541944,113.18242343541944,audio_38.wav
125.0,78.0,0.624,6.976532089799344,4.152,0.04,10.0,12.6,5.083306010855534,2.0,0.2,4.0,0.0,3.0,0.024,0.0,0.0,0.0,0.1,124.8445944891515,186.5833225254741,audio_371.wav
96.0,50.0,0.5208333333333334,5.103103630798288,4.416666666666667,0.09375,4.0,24.0,15.215124054702938,0.0,0.0,5.0,0.0,1.0,0.010416666666666666,0.0,0.0,0.0,0.0,95.88064856766836,164.17544757594766,audio_507.wav
84.0,15.0,0.17857142857142858,1.6366341767699428,3.4047619047619047,0.011904761904761904,10.0,9.3,6.694027188471825,0.0,0.0,1.0,0.0,0.0,0.0,20.0,0.23809523809523808,0.0,0.0,83.88814913448735,83.88814913448735,audio_5056.wav
112.0,70.0,0.625,6.614378277661476,4.160714285714286,0.08035714285714286,6.0,19.5,6.5,1.0,0.16666666666666666,2.0,0.0,3.0,0.026785714285714284,0.0,0.0,0.0,0.0,111.86075666227975,182.9313299991803,audio_282.wav
122.0,79.0,0.6475409836065574,7.152323937358964,4.508196721311475,0.10655737704918032,8.0,15.375,9.512327528002807,2.0,0.25,1.0,0.0,1.0,0.00819672131147541,0.0,0.0,0.0,0.0,121.84832422141189,167.0927579240873,audio_459.wav
99.0,62.0,0.6262626262626263,6.231234454607115,4.7272727272727275,0.10101010101010101,8.0,12.375,6.854514935427598,0.0,0.0,1.0,0.0,0.0,0.0,0.0,0.0,0.0,0.0,98.876918835408,158.46167536872832,audio_303.wav
92.0,65.0,0.7065217391304348,6.776718456854931,4.021739130434782,0.05434782608695652,6.0,16.0,4.47213595499958,1.0,0.16666666666666666,3.0,0.0,0.0,0.0,0.0,0.0,0.0,0.0,126.15791165232297,177.73471251791506,audio_297.wav
102.0,56.0,0.5490196078431373,5.5448262406693765,3.627450980392157,0.049019607843137254,7.0,14.857142857142858,9.417742699342577,1.0,0.14285714285714285,3.0,0.0,0.0,0.0,1.0,0.00980392156862745,1.0,0.0,101.87318910314764,137.00974256761512,audio_432.wav
150.0,66.0,0.44,5.388877434122992,4.013333333333334,0.03333333333333333,7.0,21.428571428571427,21.698302388219503,0.0,0.0,1.0,0.0,1.0,0.006666666666666667,1.0,0.006666666666666667,0.0,0.0,149.81351338698184,240.09344752837626,audio_454.wav
132.0,64.0,0.48484848484848486,5.570484990582331,3.9545454545454546,0.09848484848484848,4.0,33.5,32.53075467922624,4.0,1.0,0.0,0.0,4.0,0.030303030303030304,0.0,0.0,0.0,0.0,131.835891780544,200.1705512369575,audio_482.wav
88.0,57.0,0.6477272727272727,6.076220416134897,4.181818181818182,0.045454545454545456,5.0,17.6,9.393614852653903,1.0,0.2,0.0,0.0,1.0,0.011363636363636364,0.0,0.0,0.0,0.0,97.3259555466463,178.67253112033274,audio_484.wav
98.0,55.0,0.5612244897959183,5.555838995037159,3.877551020408163,0.09183673469387756,7.0,14.428571428571429,5.778213833187624,0.0,0.0,4.0,0.0,2.0,0.02040816326530612,0.0,0.0,0.0,0.14285714285714285,97.8781620794948,150.244980390431,audio_757.wav
78.0,52.0,0.6666666666666666,5.887840577551898,3.9871794871794872,0.07692307692307693,9.0,9.11111111111111,7.263981834969401,2.0,0.2222222222222222,1.0,0.0,0.0,0.0,0.0,0.0,0.0,0.0,77.90302696123055,220.5599608214,audio_773.wav
125.0,77.0,0.616,6.887089370699352,4.592,0.056,9.0,15.222222222222221,8.560604570781432,0.0,0.0,0.0,0.0,1.0,0.008,0.0,0.0,0.0,0.0,124.8445944891515,156.77369090492573,audio_668.wav
123.0,75.0,0.6097560975609756,6.762522260005742,4.32520325203252,0.13008130081300814,5.0,24.6,7.337574531137657,2.0,0.4,3.0,0.0,0.0,0.0,0.0,0.0,0.0,0.2,122.83621837549934,122.83621837549934,audio_240.wav
86.0,44.0,0.5116279069767442,4.74464202095129,3.8255813953488373,0.046511627906976744,3.0,29.0,13.638181696985855,0.0,0.0,5.0,0.0,1.0,0.011627906976744186,6.0,0.06976744186046512,0.0,0.0,85.89308100853624,142.99638243866374,audio_163.wav
133.0,74.0,0.556390977443609,6.4166137744784875,3.9323308270676693,0.07518796992481203,5.0,26.6,7.683749084919419,3.0,0.6,1.0,1.0,0.0,0.0,0.0,0.0,0.0,0.0,132.83464853645722,205.850855344884,audio_659.wav
140.0,69.0,0.4928571428571429,5.831564357626764,3.8285714285714287,0.05,6.0,23.833333333333332,23.455039733261785,0.0,0.0,5.0,4.0,1.0,0.007142857142857143,0.0,0.0,0.0,0.0,139.8259458278497,178.08161287300902,audio_532.wav
79.0,52.0,0.6582278481012658,5.850457084815324,3.6835443037974684,0.0379746835443038,7.0,11.428571428571429,6.433331570970116,1.0,0.14285714285714285,6.0,0.0,0.0,0.0,1.0,0.012658227848101266,0.0,0.0,78.90178371714376,175.87424321508843,audio_464.wav
107.0,63.0,0.5887850467289719,6.09043988098768,3.9158878504672896,0.018691588785046728,4.0,27.25,27.012728481217888,0.0,0.0,4.0,0.0,2.0,0.018691588785046728,0.0,0.0,2.0,0.0,142.47669773635153,142.5399925820807,audio_5.wav
138.0,67.0,0.4855072463768116,5.703418756083616,3.789855072463768,0.08695652173913043,5.0,28.0,8.07465169527454,1.0,0.2,6.0,2.0,1.0,0.007246376811594203,0.0,0.0,0.0,0.0,137.95401532822393,212.67319937547364,audio_231.wav
122.0,91.0,0.7459016393442623,8.238752889869186,4.450819672131147,0.09016393442622951,8.0,15.75,7.644442425710328,2.0,0.25,2.0,1.0,2.0,0.01639344262295082,0.0,0.0,0.0,0.0,121.97827262018953,185.29948276741374,audio_384.wav
97.0,55.0,0.5670103092783505,5.584403908234905,3.88659793814433,0.020618556701030927,1.0,98.0,0.0,2.0,2.0,2.0,0.0,0.0,0.0,0.0,0.0,0.0,0.0,159.8023064250412,168.94580173893405,audio_54.wav
103.0,55.0,0.5339805825242718,5.4193110299036125,3.9805825242718447,0.07766990291262135,6.0,17.333333333333332,12.092238098144703,0.0,0.0,5.0,2.0,0.0,0.0,2.0,0.019417475728155338,0.0,0.16666666666666666,102.87194585906084,153.210822143765,audio_656.wav
91.0,46.0,0.5054945054945055,4.822110248920825,4.670329670329671,0.13186813186813187,8.0,11.375,6.909006802717739,1.0,0.125,0.0,0.0,0.0,0.0,0.0,0.0,0.0,0.0,90.88686478810232,147.94676688873795,audio_444.wav
315.0,37.0,0.11746031746031746,2.0847138283303406,3.066666666666667,0.0031746031746031746,16.0,20.5625,53.58284327795605,0.0,0.0,0.0,0.0,0.0,0.0,0.0,0.0,0.0,0.0,309.65997818863246,309.65997818863246,audio_5062.wav
102.0,64.0,0.6274509803921569,6.336944275050716,4.794117647058823,0.16666666666666666,3.0,34.333333333333336,17.820088539498215,1.0,0.3333333333333333,2.0,0.0,0.0,0.0,1.0,0.00980392156862745,0.0,0.0,101.87318910314764,101.87318910314764,audio_312.wav
69.0,39.0,0.5652173913043478,4.695048270344999,4.115942028985507,0.07246376811594203,4.0,17.25,15.81731646013318,0.0,0.0,1.0,1.0,0.0,0.0,1.0,0.014492753623188406,0.0,0.0,92.0,170.64577319587627,audio_120.wav
111.0,69.0,0.6216216216216216,6.549190170692244,4.198198198198198,0.10810810810810811,8.0,14.125,5.395310463726809,2.0,0.25,2.0,0.0,0.0,0.0,1.0,0.009009009009009009,0.0,0.125,131.33682299479017,192.96995819147577,audio_446.wav
95.0,67.0,0.7052631578947368,6.874054958970533,4.6,0.15789473684210525,4.0,24.5,17.741194999210173,5.0,1.25,3.0,0.0,1.0,0.010526315789473684,0.0,0.0,0.0,0.0,94.88189181175515,155.249525975365,audio_546.wav
126.0,77.0,0.6111111111111112,6.8597052090855595,3.8968253968253967,0.10317460317460317,8.0,16.25,11.087718430768343,2.0,0.25,4.0,1.0,1.0,0.007936507936507936,0.0,0.0,0.0,0.125,125.84335124506472,186.0845417942905,audio_430.wav
82.0,52.0,0.6341463414634146,5.74243935589202,4.585365853658536,0.06097560975609756,10.0,8.2,8.8068155425216,0.0,0.0,1.0,0.0,3.0,0.036585365853658534,1.0,0.012195121951219513,0.0,0.0,81.89805398488339,135.3323649364955,audio_179.wav
128.0,72.0,0.5625,6.363961030678928,4.1171875,0.0390625,8.0,16.125,9.211914838946353,3.0,0.375,0.0,0.0,0.0,0.0,0.0,0.0,0.0,0.0,127.84086475689115,159.8010809461139,audio_674.wav
95.0,60.0,0.631578947368421,6.155870112510925,4.526315789473684,0.05263157894736842,7.0,13.571428571428571,5.314592925068078,0.0,0.0,3.0,0.0,6.0,0.06315789473684211,0.0,0.0,0.0,0.14285714285714285,94.88189181175515,178.55398318069248,audio_737.wav
126.0,64.0,0.5079365079365079,5.701573160798387,4.174603174603175,0.06349206349206349,9.0,15.0,11.14550233153366,1.0,0.1111111111111111,0.0,0.0,2.0,0.015873015873015872,0.0,0.0,0.0,0.0,125.84335124506472,186.72827383904465,audio_669.wav
145.0,103.0,0.7103448275862069,8.553684424935216,5.455172413793103,0.1724137931034483,5.0,29.0,11.260550608207398,0.0,0.0,3.0,1.0,0.0,0.0,1.0,0.006896551724137931,0.0,0.0,144.81972960741578,174.0677494580728,audio_540.wav
145.0,79.0,0.5448275862068965,6.560592908445457,3.6758620689655173,0.07586206896551724,9.0,16.666666666666668,5.96284793999944,1.0,0.1111111111111111,6.0,0.0,0.0,0.0,0.0,0.0,0.0,0.1111111111111111,194.28885672452995,196.04078509896215,audio_692.wav
113.0,66.0,0.584070796460177,6.208757731331742,4.3097345132743365,0.11504424778761062,3.0,38.666666666666664,40.00277768133386,0.0,0.0,0.0,0.0,0.0,0.0,0.0,0.0,0.0,0.0,123.61435239206536,153.30863925937444,audio_572.wav
99.0,69.0,0.696969696969697,6.934760925288564,4.959595959595959,0.1717171717171717,5.0,20.2,2.481934729198171,1.0,0.2,1.0,0.0,1.0,0.010101010101010102,0.0,0.0,0.0,0.0,97.99554565701558,158.91169566002526,audio_479.wav
87.0,48.0,0.5517241379310345,5.146140167221414,4.517241379310345,0.06896551724137931,3.0,29.333333333333332,17.326921891156037,0.0,0.0,1.0,0.0,4.0,0.04597701149425287,1.0,0.011494252873563218,0.0,0.0,85.99626237509074,157.41336956019623,audio_419.wav
71.0,5.0,0.07042253521126761,0.5933908290969266,4.197183098591549,0.0,14.0,6.071428571428571,0.25753937681885636,0.0,0.0,0.0,0.0,0.0,0.0,1.0,0.014084507042253521,0.0,0.0,94.54061251664446,94.54061251664446,audio_5037.wav
121.0,60.0,0.49586776859504134,5.454545454545454,4.380165289256198,0.08264462809917356,4.0,30.75,3.897114317029974,0.0,0.0,5.0,0.0,5.0,0.04132231404958678,0.0,0.0,0.0,0.0,120.84956746549867,158.7968605317986,audio_433.wav
133.0,67.0,0.5037593984962406,5.8096367958116035,4.015037593984962,0.045112781954887216,9.0,15.0,5.456901847914967,0.0,0.0,3.0,4.0,4.0,0.03007518796992481,0.0,0.0,0.0,0.0,132.83464853645722,216.34718320082064,audio_405.wav
70.0,52.0,0.7428571428571429,6.215188768538847,4.1,0.04285714285714286,4.0,17.5,3.905124837953327,1.0,0.25,0.0,0.0,1.0,0.014285714285714285,0.0,0.0,0.0,0.0,69.90679094540613,136.8960503482586,audio_267.wav
143.0,84.0,0.5874125874125874,7.0244328840595625,4.3426573426573425,0.08391608391608392,11.0,13.454545454545455,11.05657876037147,4.0,0.36363636363636365,4.0,1.0,0.0,0.0,0.0,0.0,0.0,0.0,142.82221609558934,201.704470285516,audio_358.wav
128.0,85.0,0.6640625,7.513009550107067,4.53125,0.0625,6.0,21.833333333333332,18.123802642442953,2.0,0.3333333333333333,2.0,0.0,0.0,0.0,0.0,0.0,0.0,0.0,127.97720406052673,194.85666171550753,audio_331.wav
81.0,42.0,0.5185185185185185,4.666666666666667,3.962962962962963,0.04938271604938271,1.0,82.0,0.0,1.0,1.0,1.0,0.0,3.0,0.037037037037037035,1.0,0.012345679012345678,0.0,1.0,80.89929722897018,122.18316897886469,audio_487.wav
124.0,58.0,0.46774193548387094,5.208553758776472,3.9274193548387095,0.016129032258064516,5.0,25.2,12.512393855693642,0.0,0.0,2.0,1.0,0.0,0.0,0.0,0.0,0.0,0.0,123.84583773323831,175.4409661684586,audio_494.wav
105.0,73.0,0.6952380952380952,7.124070532524293,4.257142857142857,0.05714285714285714,6.0,17.666666666666668,6.79869268479038,0.0,0.0,1.0,0.0,0.0,0.0,0.0,0.0,0.0,0.0,116.26471907883278,192.48349121333658,audio_536.wav
89.0,55.0,0.6179775280898876,5.82998834003498,4.067415730337078,0.056179775280898875,6.0,15.666666666666666,6.599663291074443,1.0,0.16666666666666666,2.0,0.0,0.0,0.0,0.0,0.0,0.0,0.0,88.88935127627587,116.87772157084227,audio_634.wav
135.0,82.0,0.6074074074074074,7.0574363197557375,4.385185185185185,0.07407407407407407,4.0,34.25,17.55526986406076,0.0,0.0,6.0,0.0,1.0,0.007407407407407408,1.0,0.007407407407407408,0.0,0.0,134.83216204828364,178.65558982787803,audio_317.wav
120.0,49.0,0.4083333333333333,4.473067552958857,3.6166666666666667,0.008333333333333333,2.0,62.0,11.0,1.0,0.5,0.0,0.0,2.0,0.016666666666666666,0.0,0.0,0.0,0.0,122.72722914516011,122.72722914516011,audio_5054.wav
142.0,80.0,0.5633802816901409,6.713450866373513,4.492957746478873,0.11971830985915492,6.0,24.333333333333332,8.556998435328957,0.0,0.0,6.0,2.0,1.0,0.007042253521126761,0.0,0.0,0.0,0.16666666666666666,141.82345933967613,200.3410664160798,audio_723.wav
130.0,84.0,0.6461538461538462,7.367287362179046,4.6,0.11538461538461539,10.0,13.2,5.929586832149437,2.0,0.2,0.0,1.0,1.0,0.007692307692307693,0.0,0.0,0.0,0.0,129.82689747003997,172.66172413752435,audio_155.wav
103.0,55.0,0.5339805825242718,5.4193110299036125,3.466019417475728,0.019417475728155338,2.0,54.0,10.0,1.0,0.5,4.0,1.0,1.0,0.009708737864077669,0.0,0.0,0.0,0.0,133.7430747922438,210.05075228336418,audio_410.wav
30.0,26.0,0.8666666666666667,4.74692883171144,4.266666666666667,0.03333333333333333,1.0,30.0,0.0,0.0,0.0,1.0,0.0,0.0,0.0,0.0,0.0,0.0,0.0,89.7308075772682,132.51329284071147,audio_251.wav
141.0,75.0,0.5319148936170213,6.316139407998892,4.326241134751773,0.02127659574468085,7.0,21.142857142857142,14.237060003772564,3.0,0.42857142857142855,2.0,0.0,2.0,0.014184397163120567,0.0,0.0,0.0,0.0,140.8247025837629,203.62444955827021,audio_779.wav
132.0,83.0,0.6287878787878788,7.2242227221614606,4.128787878787879,0.10606060606060606,3.0,44.333333333333336,27.047283700134393,1.0,0.3333333333333333,3.0,0.0,0.0,0.0,0.0,0.0,0.0,0.0,131.835891780544,182.3714651329571,audio_382.wav
69.0,48.0,0.6956521739130435,5.778520948116921,4.507246376811594,0.11594202898550725,2.0,35.0,29.0,0.0,0.0,0.0,0.0,0.0,0.0,0.0,0.0,0.0,0.0,68.91421615801164,180.94878357186704,audio_559.wav
41.0,32.0,0.7804878048780488,4.997560380435394,4.2926829268292686,0.12195121951219512,1.0,41.0,0.0,0.0,0.0,0.0,0.0,0.0,0.0,0.0,0.0,0.0,0.0,40.94540612516644,134.82352477398553,audio_161.wav
180.0,98.0,0.5444444444444444,7.304488726499312,3.6222222222222222,0.06111111111111111,32.0,5.9375,6.388160435524456,2.0,0.0625,2.0,0.0,1.0,0.005555555555555556,0.0,0.0,0.0,0.0,179.77621606437816,239.74154507363778,audio_535.wav
77.0,60.0,0.7792207792207793,6.837634587578276,5.012987012987013,0.05194805194805195,9.0,9.0,6.394442031083626,0.0,0.0,1.0,1.0,0.0,0.0,0.0,0.0,0.0,0.0,104.72079413268885,180.32749009182265,audio_363.wav
57.0,38.0,0.6666666666666666,5.033222956847166,3.7017543859649122,0.05263157894736842,6.0,9.666666666666666,3.9015666369065416,2.0,0.3333333333333333,0.0,0.0,3.0,0.05263157894736842,0.0,0.0,0.0,0.0,56.9291350870531,56.9291350870531,audio_5057.wav
123.0,81.0,0.6585365853658537,7.303524040806201,4.211382113821138,0.04065040650406504,11.0,11.636363636363637,8.271228635486741,0.0,0.0,0.0,0.0,0.0,0.0,0.0,0.0,0.0,0.0,122.84708097732508,179.61936237371245,audio_660.wav
135.0,77.0,0.5703703703703704,6.627104836843802,4.355555555555555,0.05925925925925926,6.0,22.666666666666668,11.86966254317657,1.0,0.16666666666666666,4.0,2.0,1.0,0.007407407407407408,0.0,0.0,0.0,0.0,134.83216204828364,186.51627115870613,audio_293.wav
90.0,51.0,0.5666666666666667,5.375872022286245,3.911111111111111,0.05555555555555555,2.0,45.0,29.0,1.0,0.5,2.0,0.0,0.0,0.0,1.0,0.011111111111111112,0.0,0.0,119.84021304926763,183.15586005222306,audio_74.wav
141.0,94.0,0.6666666666666666,7.916228058025278,4.24113475177305,0.09929078014184398,5.0,28.2,13.029197979921864,3.0,0.6,1.0,3.0,2.0,0.014184397163120567,0.0,0.0,0.0,0.0,140.82455607389127,186.51333463249165,audio_215.wav
72.0,46.0,0.6388888888888888,5.421151989096865,4.180555555555555,0.05555555555555555,2.0,36.5,19.5,0.0,0.0,0.0,0.0,3.0,0.041666666666666664,2.0,0.027777777777777776,0.0,0.0,71.72386312696119,149.58412881449024,audio_228.wav
124.0,66.0,0.532258064516129,5.926974966883572,4.153225806451613,0.04032258064516129,1.0,125.0,0.0,0.0,0.0,1.0,0.0,5.0,0.04032258064516129,0.0,0.0,0.0,0.0,123.97791643363524,140.86051528132157,audio_602.wav
131.0,62.0,0.4732824427480916,5.416965151298435,4.2748091603053435,0.061068702290076333,7.0,19.285714285714285,11.067510827569466,1.0,0.14285714285714285,1.0,0.0,0.0,0.0,0.0,0.0,0.0,0.0,130.83713502463078,210.86339125681909,audio_396.wav
118.0,62.0,0.5254237288135594,5.707562630969605,4.262711864406779,0.05084745762711865,8.0,14.75,9.692135987490063,0.0,0.0,5.0,4.0,6.0,0.05084745762711865,0.0,0.0,0.0,0.0,117.85329719775903,179.8955388084756,audio_576.wav
244.0,59.0,0.24180327868852458,3.7770879580204313,3.5860655737704916,0.020491803278688523,6.0,45.333333333333336,68.53142020676032,0.0,0.0,1.0,1.0,0.0,0.0,0.0,0.0,1.0,0.0,243.69664844282377,243.69664844282377,audio_5040.wav
78.0,49.0,0.6282051282051282,5.548157467308519,3.8076923076923075,0.07692307692307693,4.0,19.5,7.123903424387503,1.0,0.25,2.0,0.0,0.0,0.0,2.0,0.02564102564102564,0.0,0.0,77.98602750340564,129.1300521647614,audio_198.wav
130.0,62.0,0.47692307692307695,5.437759719703582,3.776923076923077,0.046153846153846156,9.0,14.555555555555555,7.661028522639199,0.0,0.0,1.0,0.0,5.0,0.038461538461538464,1.0,0.007692307692307693,0.0,0.1111111111111111,129.83837826871758,175.56394089251273,audio_600.wav
82.0,54.0,0.6585365853658537,5.963302408041713,4.573170731707317,0.04878048780487805,4.0,20.5,10.404326023342406,0.0,0.0,0.0,1.0,0.0,0.0,2.0,0.024390243902439025,0.0,0.0,81.89805398488339,164.70121037482414,audio_710.wav
74.0,45.0,0.6081081081081081,5.2311437434718675,4.662162162162162,0.13513513513513514,3.0,24.666666666666668,19.754043186705406,0.0,0.0,3.0,0.0,0.0,0.0,0.0,0.0,0.0,0.0,73.90146471371506,106.66959795014961,audio_246.wav
111.0,63.0,0.5675675675675675,5.979695373240744,3.972972972972973,0.07207207207207207,9.0,12.555555555555555,4.499657051403686,4.0,0.4444444444444444,2.0,0.0,1.0,0.009009009009009009,0.0,0.0,0.0,0.0,110.86199990636655,126.73259269707428,audio_490.wav
95.0,63.0,0.6631578947368421,6.463663618136471,4.894736842105263,0.08421052631578947,6.0,17.0,9.092121131323903,4.0,0.6666666666666666,0.0,0.0,2.0,0.021052631578947368,1.0,0.010526315789473684,0.0,0.0,94.88189181175515,140.0259917251388,audio_657.wav
68.0,43.0,0.6323529411764706,5.214515938281159,4.264705882352941,0.07352941176470588,3.0,23.0,6.97614984548545,0.0,0.0,1.0,0.0,1.0,0.014705882352941176,0.0,0.0,0.0,0.0,66.84723338675242,146.54508476197503,audio_688.wav
101.0,57.0,0.5643564356435643,5.671711984196938,4.554455445544554,0.0891089108910891,6.0,18.333333333333332,15.118053960598088,0.0,0.0,0.0,0.0,2.0,0.019801980198019802,0.0,0.0,0.0,0.16666666666666666,100.87443234723443,161.53359099870474,audio_698.wav
78.0,50.0,0.6410256410256411,5.661385170722978,4.141025641025641,0.02564102564102564,2.0,39.5,11.5,0.0,0.0,2.0,0.0,0.0,0.0,0.0,0.0,0.0,0.5,77.90302696123055,165.53704065894885,audio_499.wav
87.0,70.0,0.8045977011494253,7.504787743864563,5.494252873563219,0.26436781609195403,7.0,12.571428571428571,5.900536122303825,0.0,0.0,0.0,0.0,0.0,0.0,0.0,0.0,0.0,0.0,86.89183776444946,187.55768719465095,audio_463.wav
116.0,70.0,0.603448275862069,6.499336836196815,4.051724137931035,0.0603448275862069,3.0,38.666666666666664,14.38363267359428,1.0,0.3333333333333333,2.0,2.0,1.0,0.008620689655172414,0.0,0.0,0.0,0.0,115.85578368593261,136.28089736219889,audio_604.wav
102.0,64.0,0.6274509803921569,6.336944275050716,4.03921568627451,0.0784313725490196,9.0,11.666666666666666,6.429100507328637,5.0,0.5555555555555556,2.0,0.0,4.0,0.0392156862745098,0.0,0.0,0.0,0.0,135.81890812250333,154.16541385679307,audio_97.wav
63.0,49.0,0.7777777777777778,6.173419725817378,5.301587301587301,0.1746031746031746,2.0,32.0,0.0,0.0,0.0,1.0,0.0,0.0,0.0,1.0,0.015873015873015872,0.0,0.0,62.91611185086551,115.31100634003609,audio_234.wav
108.0,68.0,0.6296296296296297,6.543303050815759,3.8333333333333335,0.09259259259259259,5.0,22.6,20.480234373658913,4.0,0.8,3.0,0.0,1.0,0.009259259259259259,1.0,0.009259259259259259,0.0,0.2,106.75398087942298,162.39236800610144,audio_782.wav
76.0,51.0,0.6710526315789473,5.8501012136993245,4.368421052631579,0.013157894736842105,4.0,20.75,22.498611068241523,0.0,0.0,2.0,0.0,0.0,0.0,0.0,0.0,0.0,0.0,81.95938651781572,153.28113914327204,audio_758.wav
135.0,66.0,0.4888888888888889,5.680375574437545,3.962962962962963,0.05185185185185185,4.0,34.5,41.403502267320334,4.0,1.0,2.0,0.0,0.0,0.0,0.0,0.0,0.0,0.0,134.83216204828364,207.87346164311762,audio_727.wav
30.0,25.0,0.8333333333333334,4.564354645876384,5.666666666666667,0.26666666666666666,1.0,30.0,0.0,0.0,0.0,0.0,0.0,0.0,0.0,0.0,0.0,0.0,1.0,29.962702677396365,130.85529423837465,audio_643.wav
91.0,65.0,0.7142857142857143,6.81385143869247,4.7032967032967035,0.14285714285714285,6.0,15.333333333333334,11.08552609887726,2.0,0.3333333333333333,0.0,0.0,0.0,0.0,0.0,0.0,0.0,0.0,90.96967677440853,146.41042399314682,audio_261.wav
122.0,59.0,0.48360655737704916,5.341609016508593,3.3360655737704916,0.04918032786885246,12.0,10.333333333333334,5.527707983925667,0.0,0.0,3.0,0.0,6.0,0.04918032786885246,1.0,0.00819672131147541,0.0,0.0,121.8481974540052,177.03808993740657,audio_205.wav
108.0,76.0,0.7037037037037037,7.31310340973526,4.777777777777778,0.14814814814814814,5.0,22.6,13.879481258317977,0.0,0.0,2.0,0.0,0.0,0.0,0.0,0.0,0.0,0.0,143.80825565912116,143.80825565912116,audio_128.wav
140.0,71.0,0.5071428571428571,6.000595208572467,3.75,0.05,6.0,23.833333333333332,13.582055154586225,2.0,0.3333333333333333,5.0,6.0,0.0,0.0,0.0,0.0,0.0,0.0,137.62665697272556,216.57473154258406,audio_650.wav
116.0,59.0,0.5086206896551724,5.4780124762230304,3.5344827586206895,0.034482758620689655,5.0,23.6,12.09297316626478,4.0,0.8,2.0,0.0,0.0,0.0,0.0,0.0,0.0,0.0,154.46071904127828,245.22068331403506,audio_35.wav
80.0,62.0,0.775,6.931810730249348,3.7625,0.0375,2.0,40.5,23.5,0.0,0.0,2.0,0.0,0.0,0.0,0.0,0.0,0.0,0.0,79.89347536617844,209.7203728362184,audio_141.wav
86.0,61.0,0.7093023255813954,6.577799165409743,4.616279069767442,0.09302325581395349,7.0,12.428571428571429,5.948760803902004,0.0,0.0,3.0,0.0,0.0,0.0,0.0,0.0,0.0,0.0,85.88548601864181,154.3009958205093,audio_260.wav
146.0,83.0,0.5684931506849316,6.869128875399654,4.410958904109589,0.136986301369863,7.0,21.285714285714285,7.264675505766355,1.0,0.14285714285714285,2.0,1.0,1.0,0.00684931506849315,0.0,0.0,0.0,0.0,145.97399838153828,203.84032036565364,audio_722.wav
153.0,29.0,0.1895424836601307,2.3445110420178854,3.411764705882353,0.006535947712418301,7.0,25.285714285714285,34.99271061118826,2.0,0.2857142857142857,0.0,0.0,0.0,0.0,0.0,0.0,0.0,0.0,156.59115720524017,156.59115720524017,audio_5047.wav
110.0,74.0,0.6727272727272727,7.055623160417383,4.709090909090909,0.09090909090909091,8.0,14.625,7.087621251167418,1.0,0.125,3.0,0.0,2.0,0.01818181818181818,0.0,0.0,0.0,0.0,109.86324315045334,137.73043321888773,audio_324.wav
147.0,87.0,0.5918367346938775,7.175639059928206,4.08843537414966,0.061224489795918366,3.0,50.333333333333336,27.523727137790686,2.0,0.6666666666666666,4.0,0.0,1.0,0.006802721088435374,0.0,0.0,0.0,0.0,146.8172431192422,233.85611271380617,audio_279.wav
109.0,61.0,0.5596330275229358,5.842740339849024,3.9357798165137616,0.07339449541284404,7.0,15.857142857142858,7.772268862134539,3.0,0.42857142857142855,2.0,0.0,0.0,0.0,0.0,0.0,0.0,0.0,131.79820666774987,204.991879922245,audio_450.wav
112.0,67.0,0.5982142857142857,6.330904922904556,3.9107142857142856,0.07142857142857142,3.0,38.0,22.19609575278199,2.0,0.6666666666666666,5.0,0.0,0.0,0.0,1.0,0.008928571428571428,0.0,0.0,155.77190542420027,191.2552551791434,audio_32.wav
60.0,43.0,0.7166666666666667,5.551276129563964,4.75,0.1,1.0,61.0,0.0,0.0,0.0,0.0,0.0,1.0,0.016666666666666666,1.0,0.016666666666666666,0.0,0.0,59.92010652463382,130.53324620491503,audio_254.wav
71.0,16.0,0.22535211267605634,1.8988506531101652,4.154929577464789,0.0,31.0,2.2903225806451615,2.2025432277563306,0.0,0.0,0.0,0.0,1.0,0.014084507042253521,6.0,0.08450704225352113,0.0,0.0,70.91172966983807,174.80498221156714,audio_544.wav
121.0,83.0,0.6859504132231405,7.545454545454546,3.809917355371901,0.05785123966942149,5.0,26.2,16.581917862539303,2.0,0.4,1.0,0.0,0.0,0.0,0.0,0.0,1.0,0.2,120.95968010663111,199.00139310112056,audio_176.wav
83.0,64.0,0.7710843373493976,7.024912639340182,4.566265060240964,0.0963855421686747,2.0,41.5,15.5,0.0,0.0,1.0,0.0,1.0,0.012048192771084338,0.0,0.0,0.0,0.0,82.89681074079661,82.89681074079661,audio_301.wav
149.0,87.0,0.5838926174496645,7.127317708515653,4.120805369127517,0.09395973154362416,8.0,19.25,9.079509898667439,1.0,0.125,3.0,1.0,0.0,0.0,1.0,0.006711409395973154,0.0,0.0,148.81460180858014,222.96199697118854,audio_213.wav
124.0,81.0,0.6532258064516129,7.274014732084384,4.451612903225806,0.0967741935483871,3.0,41.666666666666664,28.394052585395805,1.0,0.3333333333333333,2.0,0.0,0.0,0.0,0.0,0.0,0.0,0.0,123.84583773323831,220.68078800833712,audio_295.wav
99.0,59.0,0.5959595959595959,5.929723110029351,4.313131313131313,0.030303030303030304,8.0,12.5,4.415880433163924,1.0,0.125,0.0,0.0,0.0,0.0,0.0,0.0,0.0,0.0,131.8242343541944,203.89297786102048,audio_40.wav
89.0,55.0,0.6179775280898876,5.82998834003498,4.269662921348314,0.0898876404494382,3.0,30.333333333333332,29.48822740612863,0.0,0.0,1.0,1.0,1.0,0.011235955056179775,1.0,0.011235955056179775,0.0,0.0,88.88935127627587,91.18219241784023,audio_496.wav
78.0,58.0,0.7435897435897436,6.567206798038654,3.6666666666666665,0.05128205128205128,5.0,15.6,11.842297074469968,1.0,0.2,4.0,0.0,0.0,0.0,1.0,0.01282051282051282,0.0,0.0,120.37037037037037,173.63001457285048,audio_45.wav
124.0,74.0,0.5967741935483871,6.645396174990672,4.467741935483871,0.10483870967741936,6.0,21.166666666666668,14.287718113431861,2.0,0.3333333333333333,1.0,0.0,0.0,0.0,0.0,0.0,0.0,0.0,123.83488681757656,183.55190775576625,audio_146.wav
73.0,48.0,0.6575342465753424,5.617975065414267,4.342465753424658,0.0547945205479452,1.0,73.0,0.0,0.0,0.0,1.0,0.0,0.0,0.0,1.0,0.0136986301369863,0.0,0.0,99.56963978466361,210.68705781191818,audio_415.wav
90.0,73.0,0.8111111111111111,7.694875639743056,5.477777777777778,0.23333333333333334,4.0,22.5,10.641898326896381,1.0,0.25,1.0,0.0,0.0,0.0,0.0,0.0,0.0,0.0,89.88810803218908,150.1886724355302,audio_595.wav
139.0,82.0,0.5899280575539568,6.955149223375762,4.136690647482014,0.050359712230215826,9.0,16.22222222222222,10.921719215273939,2.0,0.2222222222222222,4.0,0.0,0.0,0.0,1.0,0.007194244604316547,0.0,0.0,138.97524503447823,210.2149508224495,audio_783.wav
114.0,78.0,0.6842105263157895,7.305369330337213,4.008771929824562,0.07017543859649122,5.0,23.2,19.260321908005587,1.0,0.2,3.0,0.0,1.0,0.008771929824561403,0.0,0.0,1.0,0.0,113.8582701741062,211.87446928897046,audio_673.wav
72.0,49.0,0.6805555555555556,5.774705379690139,3.638888888888889,0.027777777777777776,2.0,36.5,27.5,1.0,0.5,0.0,0.0,1.0,0.013888888888888888,0.0,0.0,0.0,0.5,95.8721704394141,140.69998555201082,audio_48.wav
68.0,50.0,0.7352941176470589,6.063390625908324,5.132352941176471,0.10294117647058823,9.0,7.666666666666667,5.715476066494082,0.0,0.0,0.0,0.0,0.0,0.0,0.0,0.0,0.0,0.0,67.91545940209843,130.88329066418518,audio_777.wav
89.0,48.0,0.5393258426966292,5.087989824030529,3.943820224719101,0.033707865168539325,9.0,10.222222222222221,4.661372658534007,1.0,0.1111111111111111,0.0,0.0,0.0,0.0,0.0,0.0,0.0,0.0,88.73186340028727,160.3999069159039,audio_330.wav
67.0,46.0,0.6865671641791045,5.61979444039004,4.537313432835821,0.05970149253731343,6.0,11.5,4.4628092796652945,0.0,0.0,2.0,0.0,1.0,0.014925373134328358,0.0,0.0,0.0,0.0,66.91663302801925,129.91735574951687,audio_200.wav
79.0,51.0,0.6455696202531646,5.737948294722722,3.8227848101265822,0.08860759493670886,4.0,19.75,5.717298313014636,0.0,0.0,0.0,1.0,0.0,0.0,0.0,0.0,0.0,0.0,78.8948069241012,176.6090981685247,audio_259.wav
85.0,64.0,0.7529411764705882,6.941774650196997,4.341176470588235,0.03529411764705882,5.0,18.0,11.29601699715435,0.0,0.0,1.0,1.0,0.0,0.0,0.0,0.0,0.0,0.0,84.89432425262304,138.6430288651078,audio_721.wav
95.0,65.0,0.6842105263157895,6.668859288553502,4.231578947368421,0.11578947368421053,4.0,24.0,9.669539802906858,0.0,0.0,2.0,0.0,1.0,0.010526315789473684,1.0,0.010526315789473684,0.0,0.0,98.33901945646126,150.65475376275427,audio_223.wav
142.0,96.0,0.676056338028169,8.056141039648216,4.119718309859155,0.08450704225352113,9.0,15.777777777777779,9.818098681944232,1.0,0.1111111111111111,3.0,0.0,0.0,0.0,1.0,0.007042253521126761,0.0,0.0,141.8109187749667,179.8767430121331,audio_175.wav
62.0,42.0,0.6774193548387096,5.334005334008001,3.8225806451612905,0.06451612903225806,5.0,12.6,9.520504188329523,2.0,0.4,1.0,2.0,0.0,0.0,0.0,0.0,1.0,0.0,108.3748327127393,223.45796336382725,audio_400.wav
112.0,77.0,0.6875,7.275816105427624,4.348214285714286,0.08035714285714286,7.0,16.0,7.309485031694876,1.0,0.14285714285714285,2.0,2.0,1.0,0.008928571428571428,1.0,0.008928571428571428,0.0,0.0,111.86075666227975,152.7686704018626,audio_506.wav
120.0,62.0,0.5166666666666667,5.659799760886717,3.841666666666667,0.05,2.0,60.0,35.0,1.0,0.5,3.0,0.0,1.0,0.008333333333333333,0.0,0.0,0.0,0.0,119.85081070958546,222.88761793467344,audio_153.wav
39.0,22.0,0.5641025641025641,3.522819383711917,3.2564102564102564,0.0,6.0,7.0,3.265986323710904,0.0,0.0,3.0,0.0,0.0,0.0,0.0,0.0,0.0,0.5,38.951513480615276,38.951513480615276,audio_5050.wav
110.0,57.0,0.5181818181818182,5.434736758699876,4.281818181818182,0.01818181818181818,11.0,10.0,4.348458452036872,1.0,0.09090909090909091,0.0,0.0,0.0,0.0,0.0,0.0,0.0,0.0,109.86324315045334,228.75477639336765,audio_281.wav
119.0,75.0,0.6302521008403361,6.875238727711585,4.336134453781512,0.08403361344537816,8.0,14.875,8.358192089202067,3.0,0.375,1.0,0.0,0.0,0.0,0.0,0.0,0.0,0.0,118.85205395367224,166.0941549899469,audio_543.wav
67.0,43.0,0.6417910447761194,5.2532861073211246,8.955223880597014,0.07462686567164178,5.0,34.2,45.01288704360119,0.0,0.0,2.0,0.0,1.0,0.014925373134328358,0.0,0.0,0.0,0.0,66.91670264618521,91.78501584978123,audio_445.wav
95.0,63.0,0.6631578947368421,6.463663618136471,4.105263157894737,0.021052631578947368,7.0,13.571428571428571,4.271404682207444,3.0,0.42857142857142855,0.0,1.0,0.0,0.0,0.0,0.0,0.0,0.0,126.66666666666667,139.37051532941945,audio_124.wav
38.0,29.0,0.7631578947368421,4.704421212792114,4.131578947368421,0.05263157894736842,2.0,19.0,3.0,2.0,1.0,1.0,0.0,0.0,0.0,0.0,0.0,0.0,0.0,109.40499040307101,109.40499040307101,audio_249.wav
88.0,67.0,0.7613636363636364,7.142223997912949,5.125,0.19318181818181818,5.0,17.6,11.341957503006261,0.0,0.0,1.0,0.0,0.0,0.0,0.0,0.0,0.0,0.0,87.89059452036267,131.09364632259752,audio_420.wav
125.0,77.0,0.616,6.887089370699352,4.48,0.032,7.0,18.0,14.735767952260145,2.0,0.2857142857142857,0.0,1.0,0.0,0.0,0.0,0.0,0.0,0.0,124.84446460451353,228.84340963067882,audio_203.wav
66.0,48.0,0.7272727272727273,5.908391567007971,4.242424242424242,0.06060606060606061,5.0,13.2,6.368673331236263,0.0,0.0,0.0,0.0,1.0,0.015151515151515152,0.0,0.0,0.0,0.0,96.88147462901092,193.52607523692407,audio_278.wav
122.0,62.0,0.5081967213114754,5.613216254636149,4.254098360655738,0.11475409836065574,8.0,15.375,6.362733296312206,1.0,0.125,4.0,0.0,1.0,0.00819672131147541,0.0,0.0,0.0,0.0,121.84832422141189,176.1432804404377,audio_516.wav
73.0,46.0,0.6301369863013698,5.383892771022007,3.808219178082192,0.0547945205479452,5.0,14.8,1.8330302779823362,1.0,0.2,0.0,0.0,3.0,0.0410958904109589,0.0,0.0,0.0,0.0,172.8219696969697,220.77963030914594,audio_326.wav
117.0,76.0,0.6495726495726496,7.026202485519568,4.162393162393163,0.08547008547008547,8.0,14.75,7.980444849756184,1.0,0.125,1.0,2.0,2.0,0.017094017094017096,1.0,0.008547008547008548,0.0,0.125,116.85454044184583,138.3773447748539,audio_603.wav
84.0,52.0,0.6190476190476191,5.673665146135802,3.761904761904762,0.09523809523809523,4.0,21.0,12.68857754044952,1.0,0.25,2.0,1.0,0.0,0.0,0.0,0.0,0.0,0.0,83.8954802142331,155.5394747411145,audio_199.wav
53.0,42.0,0.7924528301886793,5.769143685844939,3.9622641509433962,0.03773584905660377,1.0,53.0,0.0,0.0,0.0,0.0,1.0,0.0,0.0,0.0,0.0,0.0,0.0,57.15588796637149,129.28062174418793,audio_406.wav
138.0,85.0,0.6159420289855072,7.235680511449363,4.2898550724637685,0.13043478260869565,7.0,20.0,12.501428489805246,1.0,0.14285714285714285,4.0,0.0,0.0,0.0,0.0,0.0,0.0,0.0,137.82843231602328,195.80310765500823,audio_538.wav
131.0,82.0,0.6259541984732825,7.164373264620511,4.3816793893129775,0.061068702290076333,8.0,16.625,7.967708265241644,0.0,0.0,2.0,6.0,0.0,0.0,0.0,0.0,0.0,0.0,144.5419218696663,243.93973526342944,audio_631.wav
84.0,25.0,0.2976190476190476,2.727723627949905,3.4285714285714284,0.05952380952380952,36.0,2.5,3.2446537223219645,0.0,0.0,5.0,0.0,0.0,0.0,25.0,0.2976190476190476,0.0,0.0,83.89556749670983,83.89556749670983,audio_5061.wav
49.0,38.0,0.7755102040816326,5.428571428571429,4.428571428571429,0.061224489795918366,3.0,17.333333333333332,6.79869268479038,0.0,0.0,0.0,0.0,1.0,0.02040816326530612,0.0,0.0,0.0,0.0,111.04920726352468,197.39593629840238,audio_196.wav
120.0,67.0,0.5583333333333333,6.116235225474355,4.116666666666666,0.125,5.0,24.4,8.890444308357148,4.0,0.8,3.0,0.0,6.0,0.05,2.0,0.016666666666666666,0.0,0.0,119.85081070958546,182.99113102239022,audio_756.wav
124.0,81.0,0.6532258064516129,7.274014732084384,3.8306451612903225,0.06451612903225806,4.0,31.5,29.364093720052047,3.0,0.75,3.0,0.0,0.0,0.0,0.0,0.0,0.0,0.0,121.89789617584265,184.81587091670377,audio_649.wav
69.0,41.0,0.5942028985507246,4.935819976516537,4.028985507246377,0.10144927536231885,1.0,71.0,0.0,0.0,0.0,0.0,0.0,0.0,0.0,3.0,0.043478260869565216,0.0,0.0,92.0,128.95481458398254,audio_27.wav
104.0,58.0,0.5576923076923077,5.687367919007337,3.951923076923077,0.07692307692307693,10.0,10.9,5.008991914547277,0.0,0.0,1.0,1.0,1.0,0.009615384615384616,0.0,0.0,0.0,0.0,103.87070261497406,231.78876596169428,audio_681.wav
71.0,49.0,0.6901408450704225,5.815230125149881,4.647887323943662,0.1267605633802817,3.0,24.0,1.632993161855452,0.0,0.0,3.0,0.0,0.0,0.0,0.0,0.0,0.0,0.0,70.91172966983807,170.94537802785126,audio_556.wav
65.0,40.0,0.6153846153846154,4.9613893835683385,4.676923076923077,0.06153846153846154,2.0,32.5,20.5,0.0,0.0,1.0,0.0,1.0,0.015384615384615385,0.0,0.0,0.0,0.0,64.91912159434705,145.46243476643804,audio_185.wav
126.0,78.0,0.6190476190476191,6.948792289723034,4.817460317460317,0.047619047619047616,6.0,21.333333333333332,11.883695646650592,0.0,0.0,1.0,0.0,2.0,0.015873015873015872,1.0,0.007936507936507936,0.0,0.0,125.97756024708099,170.78856133835905,audio_369.wav
142.0,81.0,0.5704225352112676,6.797369002203181,4.816901408450704,0.056338028169014086,7.0,20.571428571428573,12.476917463370315,0.0,0.0,0.0,1.0,1.0,0.007042253521126761,0.0,0.0,0.0,0.0,141.8109187749667,192.39132102156088,audio_241.wav
75.0,41.0,0.5466666666666666,4.73427220735493,3.52,0.0,2.0,38.5,36.5,0.0,0.0,2.0,0.0,0.0,0.0,2.0,0.02666666666666667,0.0,0.0,99.86684420772303,228.440968162308,audio_98.wav
131.0,85.0,0.648854961832061,7.4264844816188225,4.076335877862595,0.05343511450381679,8.0,17.125,10.457503287113994,0.0,0.0,3.0,0.0,0.0,0.0,0.0,0.0,0.0,0.125,130.83713502463078,178.88820487771127,audio_389.wav
78.0,47.0,0.6025641025641025,5.321702060479599,4.038461538461538,0.01282051282051282,5.0,16.0,11.50651989091402,0.0,0.0,0.0,0.0,1.0,0.01282051282051282,0.0,0.0,0.0,0.0,77.90302696123055,173.45483014541696,audio_357.wav
98.0,56.0,0.5714285714285714,5.656854249492381,3.9285714285714284,0.08163265306122448,5.0,19.8,11.196428001822724,1.0,0.2,2.0,0.0,0.0,0.0,0.0,0.0,0.0,0.0,130.49267643142477,173.68174191700268,audio_112.wav
135.0,73.0,0.5407407407407407,6.282839650514254,4.0962962962962965,0.08888888888888889,3.0,45.333333333333336,26.911377189252544,0.0,0.0,2.0,1.0,1.0,0.007407407407407408,0.0,0.0,0.0,0.0,134.83216204828364,173.67377372371158,audio_675.wav
91.0,49.0,0.5384615384615384,5.136595699937399,4.516483516483516,0.03296703296703297,1.0,91.0,0.0,0.0,0.0,2.0,7.0,0.0,0.0,1.0,0.01098901098901099,0.0,0.0,121.17177097203728,192.84722843040842,audio_113.wav
132.0,66.0,0.5,5.744562646538029,3.9015151515151514,0.06818181818181818,8.0,16.5,8.888194417315589,2.0,0.25,5.0,0.0,0.0,0.0,1.0,0.007575757575757576,0.0,0.0,131.835891780544,195.71681832933663,audio_483.wav
90.0,63.0,0.7,6.640783086353596,4.2444444444444445,0.1111111111111111,4.0,24.25,20.06707502353046,0.0,0.0,2.0,3.0,4.0,0.044444444444444446,0.0,0.0,0.0,0.0,89.88810803218908,91.33300993795186,audio_474.wav
100.0,59.0,0.59,5.9,4.35,0.08,9.0,11.333333333333334,4.570436400267363,1.0,0.1111111111111111,1.0,6.0,2.0,0.02,0.0,0.0,0.0,0.0,101.82834922456651,171.16694547166006,audio_725.wav
90.0,57.0,0.6333333333333333,6.008327554319921,4.711111111111111,0.05555555555555555,6.0,16.166666666666668,3.760171390892826,0.0,0.0,0.0,0.0,0.0,0.0,1.0,0.011111111111111112,0.0,0.0,89.88810803218908,199.47453389996141,audio_774.wav
98.0,45.0,0.45918367346938777,4.545686450484949,4.091836734693878,0.09183673469387756,1.0,98.0,0.0,1.0,1.0,2.0,0.0,0.0,0.0,1.0,0.01020408163265306,0.0,0.0,97.8781620794948,191.8271420650673,audio_588.wav
125.0,73.0,0.584,6.529318494299385,4.016,0.064,10.0,12.8,8.657944328765344,1.0,0.1,3.0,0.0,0.0,0.0,2.0,0.016,0.0,0.0,124.8445944891515,173.62014587942446,audio_395.wav
142.0,88.0,0.6197183098591549,7.3847959530108644,4.345070422535211,0.07746478873239436,8.0,18.75,10.951598056904755,1.0,0.125,5.0,2.0,1.0,0.007042253521126761,0.0,0.0,0.0,0.0,141.8233117907274,177.76017267863034,audio_210.wav
105.0,56.0,0.5333333333333333,5.465040408511786,3.9714285714285715,0.047619047619047616,10.0,10.7,13.957435294494472,0.0,0.0,3.0,0.0,2.0,0.01904761904761905,0.0,0.0,0.0,0.0,103.21999272954417,163.7402952789779,audio_309.wav
122.0,62.0,0.5081967213114754,5.613216254636149,4.295081967213115,0.07377049180327869,5.0,24.4,8.685620300243386,1.0,0.2,6.0,1.0,2.0,0.01639344262295082,0.0,0.0,0.0,0.0,121.84832422141189,171.03767810883087,audio_457.wav
113.0,60.0,0.5309734513274337,5.6443252103015835,4.123893805309734,0.10619469026548672,6.0,19.5,11.29527924990495,2.0,0.3333333333333333,7.0,0.0,0.0,0.0,2.0,0.017699115044247787,0.0,0.16666666666666666,112.85951341819296,133.12146495310327,audio_492.wav
81.0,50.0,0.6172839506172839,5.555555555555555,3.7037037037037037,0.04938271604938271,6.0,14.0,5.94418483337567,0.0,0.0,2.0,1.0,7.0,0.08641975308641975,0.0,0.0,0.0,0.0,79.62685153421978,185.27971823427723,audio_738.wav
145.0,95.0,0.6551724137931034,7.889320586105296,4.23448275862069,0.07586206896551724,10.0,14.8,5.878775382679628,1.0,0.1,1.0,0.0,0.0,0.0,1.0,0.006896551724137931,0.0,0.0,144.81972960741578,250.47306344830986,audio_305.wav
99.0,79.0,0.797979797979798,7.939798740547776,5.383838383838384,0.20202020202020202,4.0,25.0,15.215124054702938,1.0,0.25,2.0,0.0,0.0,0.0,1.0,0.010101010101010102,0.0,0.0,131.8242343541944,131.8242343541944,audio_123.wav
37.0,24.0,0.6486486486486487,3.945575695328575,4.1891891891891895,0.05405405405405406,1.0,37.0,0.0,0.0,0.0,1.0,0.0,0.0,0.0,0.0,0.0,0.0,0.0,36.95073235685753,36.95073235685753,audio_5053.wav
86.0,46.0,0.5348837209302325,4.960307567358167,3.63953488372093,0.023255813953488372,3.0,29.333333333333332,29.53340857778225,4.0,1.3333333333333333,4.0,1.0,1.0,0.011627906976744186,0.0,0.0,0.0,0.3333333333333333,121.29760225669958,184.33073795406952,audio_89.wav
81.0,52.0,0.6419753086419753,5.777777777777778,3.8395061728395063,0.06172839506172839,4.0,21.25,17.239127008059313,1.0,0.25,0.0,0.0,3.0,0.037037037037037035,0.0,0.0,0.0,0.0,80.89929722897018,118.77757453788898,audio_747.wav
81.0,53.0,0.654320987654321,5.888888888888889,4.481481481481482,0.1728395061728395,1.0,81.0,0.0,0.0,0.0,0.0,0.0,0.0,0.0,1.0,0.012345679012345678,0.0,0.0,107.85619174434088,107.85619174434088,audio_115.wav
77.0,53.0,0.6883116883116883,6.039910552360811,4.298701298701299,0.07792207792207792,7.0,11.0,5.756983337031396,1.0,0.14285714285714285,4.0,0.0,1.0,0.012987012987012988,1.0,0.012987012987012988,0.0,0.0,76.94870086608927,145.876848578101,audio_235.wav
96.0,52.0,0.5416666666666666,5.30722777603022,3.5520833333333335,0.03125,6.0,16.833333333333332,10.106378623863687,1.0,0.16666666666666666,1.0,0.0,0.0,0.0,0.0,0.0,0.0,0.0,95.88064856766836,122.94753248961104,audio_414.wav
91.0,46.0,0.5054945054945055,4.822110248920825,3.89010989010989,0.03296703296703297,3.0,31.0,17.663521732655695,0.0,0.0,2.0,0.0,0.0,0.0,0.0,0.0,0.0,0.0,121.17177097203728,121.17177097203728,audio_56.wav
101.0,75.0,0.7425742574257426,7.462778926574919,4.425742574257426,0.07920792079207921,4.0,25.5,29.53387885124472,2.0,0.5,0.0,4.0,2.0,0.019801980198019802,0.0,0.0,0.0,0.25,134.3085106382979,134.3085106382979,audio_43.wav
132.0,90.0,0.6818181818181818,7.833494518006403,4.393939393939394,0.09848484848484848,7.0,19.428571428571427,10.083326305726453,2.0,0.2857142857142857,2.0,1.0,3.0,0.022727272727272728,0.0,0.0,0.0,0.0,131.835891780544,208.83000003750112,audio_394.wav
126.0,74.0,0.5873015873015873,6.592443967173135,4.515873015873016,0.07142857142857142,7.0,18.0,9.16515138991168,1.0,0.14285714285714285,0.0,2.0,3.0,0.023809523809523808,0.0,0.0,0.0,0.0,125.84335124506472,174.20224163822354,audio_423.wav
109.0,79.0,0.7247706422018348,7.5668276532470955,4.559633027522936,0.07339449541284404,4.0,27.25,8.870597499605086,0.0,0.0,0.0,0.0,1.0,0.009174311926605505,0.0,0.0,0.0,0.0,108.98058783279228,211.30399043597959,audio_579.wav
110.0,65.0,0.5909090909090909,6.1975068300963505,4.1454545454545455,0.1,3.0,37.666666666666664,8.806563209081938,2.0,0.6666666666666666,6.0,0.0,0.0,0.0,0.0,0.0,0.0,0.3333333333333333,109.86324315045334,184.43633634846864,audio_172.wav
123.0,78.0,0.6341463414634146,7.033023150405971,5.512195121951219,0.2764227642276423,6.0,20.5,2.692582403567252,0.0,0.0,0.0,0.0,0.0,0.0,0.0,0.0,0.0,0.0,122.83621837549934,157.33724196273175,audio_144.wav
103.0,50.0,0.4854368932038835,4.926646390821466,4.145631067961165,0.07766990291262135,6.0,17.333333333333332,10.466878978738388,0.0,0.0,0.0,0.0,2.0,0.019417475728155338,2.0,0.019417475728155338,0.0,0.0,103.0916011831346,195.63900123195876,audio_151.wav
82.0,43.0,0.524390243902439,4.748555621218401,3.8658536585365852,0.024390243902439025,5.0,16.6,8.138795979750322,0.0,0.0,2.0,0.0,0.0,0.0,1.0,0.012195121951219513,0.0,0.0,81.91808191808191,144.31812319136262,audio_65.wav
109.0,83.0,0.7614678899082569,7.949958167335557,4.853211009174312,0.08256880733944955,8.0,13.75,3.072051431861127,1.0,0.125,0.0,0.0,1.0,0.009174311926605505,1.0,0.009174311926605505,0.0,0.0,107.81815577786409,177.3282605470485,audio_481.wav
114.0,63.0,0.5526315789473685,5.900490612964672,4.43859649122807,0.07894736842105263,9.0,12.88888888888889,5.465943944999486,1.0,0.1111111111111111,7.0,0.0,0.0,0.0,0.0,0.0,0.0,0.0,113.84820239680425,159.4990211325417,audio_262.wav
86.0,69.0,0.8023255813953488,7.440461351037251,4.848837209302325,0.10465116279069768,5.0,17.4,3.4985711369071804,0.0,0.0,0.0,0.0,1.0,0.011627906976744186,0.0,0.0,0.0,0.0,110.79916041721468,168.4422246055305,audio_229.wav
103.0,63.0,0.6116504854368932,6.207574452435047,4.485436893203883,0.05825242718446602,5.0,20.6,8.039900496896713,3.0,0.6,2.0,0.0,0.0,0.0,0.0,0.0,0.0,0.0,137.15046604527294,177.4563915736597,audio_22.wav
126.0,67.0,0.5317460317460317,5.968834402710811,3.888888888888889,0.09523809523809523,8.0,15.75,11.177544453054079,0.0,0.0,1.0,0.0,1.0,0.007936507936507936,1.0,0.007936507936507936,0.0,0.0,125.84335124506472,161.3686363926145,audio_434.wav
132.0,63.0,0.4772727272727273,5.483446162604482,3.742424242424242,0.06818181818181818,1.0,134.0,0.0,4.0,4.0,1.0,0.0,0.0,0.0,2.0,0.015151515151515152,0.0,0.0,131.835891780544,167.94113919010752,audio_488.wav
94.0,55.0,0.5851063829787234,5.672816854423363,4.24468085106383,0.031914893617021274,6.0,16.0,13.784048752090222,0.0,0.0,0.0,0.0,1.0,0.010638297872340425,0.0,0.0,0.0,0.0,93.88313505584195,182.56743070282732,audio_439.wav
97.0,49.0,0.5051546391752577,4.975196209154734,3.917525773195876,0.07216494845360824,7.0,14.142857142857142,5.166611805721464,1.0,0.14285714285714285,5.0,0.0,0.0,0.0,0.0,0.0,0.0,0.0,96.87083888149134,153.6324949358957,audio_160.wav
108.0,75.0,0.6944444444444444,7.216878364870322,4.388888888888889,0.12037037037037036,5.0,21.6,10.209799214480176,0.0,0.0,1.0,0.0,0.0,0.0,0.0,0.0,0.0,0.0,107.86572963862692,160.8477046138452,audio_594.wav
104.0,72.0,0.6923076923076923,7.060180864974626,4.163461538461538,0.028846153846153848,6.0,17.833333333333332,9.06305074954835,3.0,0.5,1.0,0.0,1.0,0.009615384615384616,1.0,0.009615384615384616,0.0,0.0,102.23694517973898,173.79426094778145,audio_651.wav
118.0,50.0,0.423728813559322,4.6028730894916166,3.4322033898305087,0.025423728813559324,7.0,17.0,6.718843437888484,1.0,0.14285714285714285,5.0,0.0,0.0,0.0,0.0,0.0,0.0,0.0,117.85329719775903,198.6272943229141,audio_569.wav
36.0,30.0,0.8333333333333334,5.0,4.166666666666667,0.1388888888888889,1.0,36.0,0.0,0.0,0.0,1.0,0.0,0.0,0.0,0.0,0.0,0.0,0.0,35.95524321287564,61.147333756249836,audio_440.wav
126.0,75.0,0.5952380952380952,6.681531047810609,4.198412698412699,0.06349206349206349,6.0,21.333333333333332,9.231588282750819,1.0,0.16666666666666666,0.0,2.0,0.0,0.0,1.0,0.007936507936507936,0.0,0.0,125.84335124506472,180.83018048016595,audio_658.wav
52.0,35.0,0.6730769230769231,4.853626716970755,3.6923076923076925,0.07692307692307693,4.0,13.0,3.1622776601683795,0.0,0.0,0.0,0.0,1.0,0.019230769230769232,0.0,0.0,0.0,0.0,79.87442818261674,162.4113373046541,audio_274.wav
1.0,1.0,1.0,1.0,3.0,0.0,1.0,1.0,0.0,0.0,0.0,0.0,0.0,0.0,0.0,0.0,0.0,0.0,0.0,0.9987567559132121,0.9987567559132121,audio_5065.wav
114.0,50.0,0.43859649122807015,4.68292905790847,3.5789473684210527,0.043859649122807015,6.0,19.333333333333332,7.133644853010899,3.0,0.5,4.0,0.0,1.0,0.008771929824561403,0.0,0.0,1.0,0.0,113.84820239680425,147.1427380235004,audio_158.wav
107.0,78.0,0.7289719626168224,7.540544614556175,5.009345794392523,0.1308411214953271,7.0,15.428571428571429,6.5869382190848595,1.0,0.14285714285714285,0.0,0.0,0.0,0.0,0.0,0.0,0.0,0.0,106.86697288271371,160.5544588843372,audio_493.wav
139.0,79.0,0.5683453237410072,6.700692544471771,4.223021582733813,0.10071942446043165,11.0,13.090909090909092,10.483359501909728,1.0,0.09090909090909091,3.0,0.0,3.0,0.02158273381294964,0.0,0.0,0.0,0.0,138.8271890719365,175.61771021212945,audio_646.wav
69.0,51.0,0.7391304347826086,6.139678507374229,4.72463768115942,0.08695652173913043,4.0,17.25,5.11737237261468,0.0,0.0,0.0,0.0,0.0,0.0,1.0,0.014492753623188406,0.0,0.0,68.93106893106892,80.17476518057688,audio_64.wav
83.0,51.0,0.6144578313253012,5.597977259474208,4.204819277108434,0.03614457831325301,4.0,21.0,16.38596960817394,0.0,0.0,0.0,0.0,0.0,0.0,0.0,0.0,0.0,0.0,83.57948442534908,182.27733769219304,audio_451.wav
109.0,64.0,0.5871559633027523,6.130088225415369,4.330275229357798,0.05504587155963303,6.0,18.666666666666668,6.69991708074726,0.0,0.0,0.0,0.0,0.0,0.0,0.0,0.0,0.0,0.0,108.86448639454012,153.96402279774222,audio_277.wav
93.0,43.0,0.46236559139784944,4.458892287340829,4.505376344086022,0.11827956989247312,3.0,32.0,10.98483803552272,3.0,1.0,2.0,0.0,0.0,0.0,2.0,0.021505376344086023,0.0,0.0,92.88437829992873,126.88141303254595,audio_491.wav
115.0,63.0,0.5478260869565217,5.874780291913977,4.060869565217391,0.06956521739130435,4.0,29.75,21.706853756359994,3.0,0.75,2.0,0.0,3.0,0.02608695652173913,0.0,0.0,0.0,0.0,153.12916111850865,168.05403062323657,audio_52.wav
32.0,28.0,0.875,4.949747468305833,3.9375,0.125,2.0,17.0,2.0,0.0,0.0,0.0,0.0,0.0,0.0,0.0,0.0,0.0,0.0,79.57559681697613,198.60948646555843,audio_743.wav
74.0,43.0,0.581081081081081,4.998648465984229,3.9864864864864864,0.06756756756756757,2.0,37.5,30.5,1.0,0.5,0.0,1.0,1.0,0.013513513513513514,1.0,0.013513513513513514,0.0,0.0,73.90146471371506,161.16637511640255,audio_243.wav
82.0,58.0,0.7073170731707317,6.405028512341099,4.146341463414634,0.0975609756097561,6.0,13.666666666666666,7.6521601888326645,0.0,0.0,2.0,1.0,0.0,0.0,0.0,0.0,0.0,0.0,81.89805398488339,137.37369111151529,audio_661.wav
114.0,56.0,0.49122807017543857,5.2448805448574864,4.026315789473684,0.06140350877192982,9.0,12.777777777777779,5.115939748098373,0.0,0.0,2.0,0.0,0.0,0.0,0.0,0.0,0.0,0.1111111111111111,113.8582701741062,164.43456286568244,audio_456.wav
88.0,70.0,0.7954545454545454,7.462025072446365,4.9772727272727275,0.09090909090909091,3.0,29.666666666666668,29.95923155816176,0.0,0.0,2.0,0.0,0.0,0.0,1.0,0.011363636363636364,0.0,0.0,134.35114503816794,134.5223802472403,audio_90.wav
50.0,34.0,0.68,4.808326112068523,4.36,0.1,8.0,6.25,3.072051431861127,1.0,0.125,1.0,1.0,1.0,0.02,0.0,0.0,0.0,0.0,49.937837795660606,146.63898091097406,audio_735.wav
79.0,49.0,0.620253164556962,5.512930714537517,3.7974683544303796,0.05063291139240506,3.0,26.666666666666668,8.73053390247253,1.0,0.3333333333333333,3.0,0.0,0.0,0.0,1.0,0.012658227848101266,0.0,0.0,78.90178371714376,129.6320687336384,audio_775.wav
114.0,64.0,0.5614035087719298,5.9941491941228415,3.7982456140350878,0.017543859649122806,5.0,23.4,14.430523206037957,0.0,0.0,1.0,0.0,0.0,0.0,1.0,0.008771929824561403,0.0,0.0,113.8582701741062,182.76367612817634,audio_587.wav
89.0,45.0,0.5056179775280899,4.7699904600286205,4.022471910112359,0.0449438202247191,6.0,14.833333333333334,9.423669962151452,0.0,0.0,5.0,0.0,0.0,0.0,0.0,0.0,0.0,0.0,118.508655126498,165.71343765592889,audio_103.wav
93.0,60.0,0.6451612903225806,6.221710168382551,4.376344086021505,0.1935483870967742,2.0,46.5,29.5,1.0,0.5,1.0,0.0,0.0,0.0,0.0,0.0,0.0,0.0,125.00000000000001,202.3032281465361,audio_111.wav
98.0,51.0,0.5204081632653061,5.151777977216275,3.938775510204082,0.02040816326530612,6.0,16.333333333333332,12.119772641798562,0.0,0.0,5.0,0.0,1.0,0.01020408163265306,1.0,0.01020408163265306,0.0,0.0,97.8781620794948,166.73996121627408,audio_421.wav
134.0,72.0,0.5373134328358209,6.219852664185793,4.335820895522388,0.09701492537313433,11.0,12.272727272727273,6.716207115368682,0.0,0.0,1.0,0.0,2.0,0.014925373134328358,0.0,0.0,0.0,0.0,133.83340529237043,165.39814751609063,audio_683.wav
115.0,62.0,0.5391304347826087,5.781529811089945,3.5130434782608697,0.034782608695652174,8.0,14.375,14.755825120947998,1.0,0.125,0.0,0.0,1.0,0.008695652173913044,0.0,0.0,0.0,0.125,114.8570269300194,226.06242107989723,audio_152.wav
83.0,45.0,0.5421686746987951,4.939391699536065,4.289156626506024,0.14457831325301204,5.0,16.6,15.239422561238992,1.0,0.2,1.0,0.0,0.0,0.0,0.0,0.0,0.0,0.0,110.66666666666667,110.66666666666667,audio_134.wav
91.0,60.0,0.6593406593406593,6.28970902033151,4.43956043956044,0.07692307692307693,4.0,23.0,15.652475842498529,0.0,0.0,0.0,0.0,1.0,0.01098901098901099,0.0,0.0,0.0,0.0,121.17177097203728,121.17177097203728,audio_12.wav
68.0,46.0,0.6764705882352942,5.578319375835658,4.352941176470588,0.1323529411764706,4.0,17.25,7.562241731127087,1.0,0.25,2.0,0.0,0.0,0.0,1.0,0.014705882352941176,0.0,0.0,67.96601699150425,109.20055367229368,audio_232.wav
87.0,56.0,0.6436781609195402,6.003830195091651,4.390804597701149,0.12643678160919541,3.0,29.333333333333332,26.787227470485924,1.0,0.3333333333333333,1.0,0.0,0.0,0.0,2.0,0.022988505747126436,0.0,0.0,115.84553928095872,182.94821490934012,audio_36.wav
64.0,52.0,0.8125,6.5,4.515625,0.015625,4.0,16.25,4.02336923485777,0.0,0.0,0.0,0.0,2.0,0.03125,0.0,0.0,0.0,0.0,63.91478029294275,125.77725112693778,audio_268.wav
64.0,31.0,0.484375,3.875,3.8125,0.046875,5.0,12.8,5.979966555090421,0.0,0.0,2.0,0.0,0.0,0.0,0.0,0.0,0.0,0.0,64.90872210953347,65.26184674528749,audio_68.wav
70.0,46.0,0.6571428571428571,5.498051602938211,3.914285714285714,0.07142857142857142,7.0,10.0,3.779644730092272,0.0,0.0,1.0,0.0,2.0,0.02857142857142857,2.0,0.02857142857142857,0.0,0.0,69.91297291392485,146.79279802381774,audio_729.wav
97.0,63.0,0.6494845360824743,6.3966808403418005,4.319587628865979,0.1134020618556701,7.0,14.142857142857142,4.9114609821917385,0.0,0.0,2.0,0.0,0.0,0.0,0.0,0.0,0.0,0.0,112.87820015515904,159.04161935475386,audio_247.wav
62.0,41.0,0.6612903225806451,5.2070052070078106,4.693548387096774,0.04838709677419355,5.0,13.0,5.0990195135927845,0.0,0.0,0.0,0.0,2.0,0.03225806451612903,0.0,0.0,0.0,0.0,71.40663390663391,167.5161033269142,audio_224.wav
121.0,55.0,0.45454545454545453,5.0,3.6363636363636362,0.0743801652892562,1.0,127.0,0.0,2.0,2.0,6.0,0.0,1.0,0.008264462809917356,2.0,0.01652892561983471,0.0,1.0,120.84956746549867,155.4630789696486,audio_425.wav
150.0,69.0,0.46,5.63382640840131,4.1066666666666665,0.06666666666666667,3.0,50.333333333333336,44.15377170248942,3.0,1.0,7.0,6.0,0.0,0.0,0.0,0.0,0.0,0.0,149.65408082775335,194.8712007659634,audio_392.wav
121.0,65.0,0.5371900826446281,5.909090909090909,3.9008264462809916,0.08264462809917356,11.0,11.363636363636363,6.183154935684346,0.0,0.0,3.0,2.0,1.0,0.008264462809917356,1.0,0.008264462809917356,0.0,0.09090909090909091,120.84956746549867,189.08328625073466,audio_615.wav
89.0,57.0,0.6404494382022472,6.041987916036252,3.831460674157303,0.0449438202247191,4.0,22.75,9.390819985496474,1.0,0.25,3.0,0.0,2.0,0.02247191011235955,0.0,0.0,0.0,0.0,88.88149134487351,133.7230052648573,audio_245.wav
91.0,55.0,0.6043956043956044,5.7655666019705505,4.395604395604396,0.07692307692307693,1.0,92.0,0.0,0.0,0.0,0.0,0.0,0.0,0.0,0.0,0.0,0.0,0.0,90.87882822902797,200.00668462570243,audio_271.wav
130.0,72.0,0.5538461538461539,6.314817739010611,3.792307692307692,0.05384615384615385,10.0,13.3,10.363879582472965,1.0,0.1,3.0,0.0,0.0,0.0,0.0,0.0,0.0,0.0,129.83837826871758,222.57478204500399,audio_321.wav
83.0,12.0,0.14457831325301204,1.317171119876284,2.8072289156626504,0.0,12.0,7.0,0.816496580927726,0.0,0.0,0.0,0.0,0.0,0.0,0.0,0.0,0.0,0.0,82.89681074079661,82.89681074079661,audio_5043.wav
144.0,89.0,0.6180555555555556,7.416666666666667,3.951388888888889,0.0763888888888889,7.0,20.714285714285715,14.189677190673162,3.0,0.42857142857142855,4.0,1.0,2.0,0.013888888888888888,0.0,0.0,0.0,0.0,143.8208232243996,193.59875441885669,audio_187.wav
138.0,87.0,0.6304347826086957,7.405931817601113,4.108695652173913,0.07971014492753623,5.0,28.4,8.380930735902785,4.0,0.8,4.0,2.0,0.0,0.0,0.0,0.0,0.0,0.0,137.82828892338296,232.48844802947042,audio_221.wav
146.0,84.0,0.5753424657534246,6.9518894642598905,3.8767123287671232,0.07534246575342465,10.0,14.8,4.214261501141095,0.0,0.0,5.0,2.0,0.0,0.0,0.0,0.0,0.0,0.2,145.81833465807182,246.24271642905546,audio_219.wav
133.0,62.0,0.46616541353383456,5.376081811049543,4.037593984962406,0.07518796992481203,6.0,22.5,6.13052471924984,0.0,0.0,2.0,0.0,0.0,0.0,1.0,0.007518796992481203,0.0,0.0,132.83464853645722,133.2785404279742,audio_601.wav
100.0,50.0,0.5,5.0,3.96,0.03,1.0,105.0,0.0,1.0,1.0,3.0,0.0,3.0,0.03,0.0,0.0,0.0,0.0,133.15579227696404,202.40758974534123,audio_100.wav
122.0,87.0,0.7131147540983607,7.876609905699112,4.729508196721311,0.12295081967213115,6.0,20.666666666666668,8.595864638818417,1.0,0.16666666666666666,3.0,0.0,1.0,0.00819672131147541,0.0,0.0,0.0,0.0,132.42936422145738,172.19869082691267,audio_227.wav
83.0,54.0,0.6506024096385542,5.927270039443279,4.421686746987952,0.10843373493975904,1.0,84.0,0.0,0.0,0.0,1.0,0.0,6.0,0.07228915662650602,1.0,0.012048192771084338,0.0,0.0,82.89681074079661,156.73657068592053,audio_411.wav
96.0,57.0,0.59375,5.817538139110049,3.8333333333333335,0.0625,6.0,16.0,7.895146188218008,2.0,0.3333333333333333,4.0,0.0,5.0,0.052083333333333336,0.0,0.0,0.0,0.0,130.62798097843418,168.7214279519225,audio_28.wav
62.0,45.0,0.7258064516129032,5.715005715008572,4.129032258064516,0.14516129032258066,2.0,32.0,25.0,0.0,0.0,3.0,0.0,0.0,0.0,1.0,0.016129032258064516,0.0,0.0,61.922918866619156,163.5211643773298,audio_653.wav
116.0,72.0,0.6206896551724138,6.685032174373868,3.9224137931034484,0.04310344827586207,14.0,8.642857142857142,5.472099921512802,0.0,0.0,1.0,1.0,4.0,0.034482758620689655,0.0,0.0,0.0,0.0,154.46071904127828,155.0113811412472,audio_29.wav
107.0,56.0,0.5233644859813084,5.413724338655716,4.392523364485982,0.04672897196261682,4.0,26.75,3.344772040064913,0.0,0.0,4.0,0.0,4.0,0.037383177570093455,0.0,0.0,0.0,0.0,106.86697288271371,179.50662158341137,audio_470.wav
94.0,67.0,0.7127659574468085,6.910522349933915,3.9680851063829787,0.0425531914893617,3.0,32.0,20.607442021431645,1.0,0.3333333333333333,1.0,0.0,0.0,0.0,0.0,0.0,0.0,0.0,95.40776139601516,143.52455755831303,audio_356.wav
67.0,46.0,0.6865671641791045,5.61979444039004,3.701492537313433,0.05970149253731343,9.0,7.888888888888889,3.6038388311615233,0.0,0.0,1.0,0.0,1.0,0.014925373134328358,2.0,0.029850746268656716,0.0,0.0,66.91670264618521,153.48922818576858,audio_365.wav
85.0,61.0,0.7176470588235294,6.616378963469013,4.458823529411765,0.12941176470588237,3.0,28.666666666666668,16.73983937265296,2.0,0.6666666666666666,2.0,1.0,1.0,0.011764705882352941,0.0,0.0,0.0,0.0,113.18242343541944,168.8551292325701,audio_58.wav
93.0,61.0,0.6559139784946236,6.325405337855594,3.763440860215054,0.06451612903225806,4.0,23.5,13.665650368716449,1.0,0.25,0.0,0.0,2.0,0.021505376344086023,4.0,0.043010752688172046,0.0,0.0,92.88437829992873,161.43869513489787,audio_708.wav
124.0,79.0,0.6370967741935484,7.094409430057609,4.032258064516129,0.08064516129032258,8.0,16.875,14.02174650319995,3.0,0.375,4.0,0.0,0.0,0.0,1.0,0.008064516129032258,0.0,0.0,123.84583773323831,178.51518377054632,audio_319.wav
87.0,48.0,0.5517241379310345,5.146140167221414,3.8160919540229883,0.04597701149425287,12.0,8.25,3.538478957593691,0.0,0.0,2.0,0.0,0.0,0.0,3.0,0.034482758620689655,0.0,0.0,116.18929172109561,116.18929172109561,audio_5067.wav
80.0,61.0,0.7625,6.8200073313743586,5.3625,0.2,4.0,20.25,7.361215932167728,1.0,0.25,1.0,0.0,0.0,0.0,0.0,0.0,0.0,0.0,106.52463382157123,131.77340036593156,audio_135.wav
68.0,53.0,0.7794117647058824,6.4271940634628235,5.632352941176471,0.23529411764705882,4.0,17.75,2.7726341266023544,0.0,0.0,1.0,0.0,1.0,0.014705882352941176,0.0,0.0,0.0,0.0,77.33525091900768,156.2705415122017,audio_612.wav
109.0,85.0,0.7798165137614679,8.141523424379786,4.63302752293578,0.03669724770642202,4.0,28.0,21.66794868002045,2.0,0.5,1.0,0.0,3.0,0.027522935779816515,0.0,0.0,1.0,0.0,108.98058783279228,169.24011038284257,audio_373.wav
106.0,66.0,0.6226415094339622,6.410486691557943,4.216981132075472,0.0660377358490566,13.0,8.384615384615385,4.0485222667510055,2.0,0.15384615384615385,0.0,0.0,3.0,0.02830188679245283,0.0,0.0,0.0,0.0,105.86821612680049,218.54198619506255,audio_680.wav
110.0,64.0,0.5818181818181818,6.102160571171791,3.672727272727273,0.03636363636363636,7.0,16.0,8.34950811211569,1.0,0.14285714285714285,0.0,0.0,3.0,0.02727272727272727,1.0,0.00909090909090909,1.0,0.0,146.6275659824047,184.06177995391707,audio_63.wav
105.0,63.0,0.6,6.148170459575759,3.876190476190476,0.08571428571428572,6.0,17.833333333333332,11.186549463033222,2.0,0.3333333333333333,3.0,0.0,1.0,0.009523809523809525,0.0,0.0,0.0,0.0,104.86945937088727,170.75409531512418,audio_700.wav
125.0,71.0,0.568,6.350433056099402,4.272,0.04,3.0,41.666666666666664,24.25329301810833,1.0,0.3333333333333333,0.0,0.0,0.0,0.0,0.0,0.0,0.0,0.0,124.8445944891515,198.33116135115208,audio_429.wav
123.0,76.0,0.6178861788617886,6.852689223472485,4.463414634146342,0.13008130081300814,8.0,15.75,3.491060010942235,2.0,0.25,2.0,0.0,0.0,0.0,0.0,0.0,0.0,0.0,120.91484862603747,160.33503400727113,audio_745.wav
50.0,36.0,0.72,5.091168824543142,4.26,0.04,4.0,12.5,4.330127018922194,0.0,0.0,1.0,0.0,0.0,0.0,0.0,0.0,0.0,0.0,49.991095336143246,134.48277171368764,audio_731.wav
133.0,90.0,0.6766917293233082,7.80398972571708,4.646616541353383,0.13533834586466165,7.0,19.142857142857142,11.204955172072902,4.0,0.5714285714285714,2.0,0.0,0.0,0.0,1.0,0.007518796992481203,0.0,0.0,132.83464853645722,184.73183521570763,audio_461.wav
77.0,45.0,0.5844155844155844,5.128225940683707,3.6103896103896105,0.025974025974025976,8.0,10.0,4.183300132670378,3.0,0.375,1.0,0.0,0.0,0.0,1.0,0.012987012987012988,0.0,0.0,102.52996005326231,166.8334321097881,audio_79.wav
190.0,57.0,0.3,4.135214625627067,3.2526315789473683,0.015789473684210527,10.0,19.2,22.754340245324627,0.0,0.0,11.0,0.0,0.0,0.0,6.0,0.031578947368421054,0.0,0.0,189.7637836235103,189.7637836235103,audio_5038.wav
138.0,75.0,0.5434782608695652,6.384423980690615,3.7971014492753623,0.06521739130434782,10.0,14.1,6.073713855624086,2.0,0.2,4.0,0.0,0.0,0.0,1.0,0.007246376811594203,0.0,0.0,137.82843231602328,183.7202521770743,audio_760.wav
100.0,48.0,0.48,4.8,4.07,0.11,6.0,17.333333333333332,19.804601036683934,0.0,0.0,0.0,0.0,3.0,0.03,0.0,0.0,0.0,0.0,133.15579227696404,193.52490752353853,audio_72.wav
120.0,78.0,0.65,7.12039324756716,4.25,0.08333333333333333,5.0,25.8,30.13569312293978,2.0,0.4,5.0,0.0,0.0,0.0,0.0,0.0,0.0,0.0,119.85081070958546,185.63428380476157,audio_696.wav
61.0,41.0,0.6721311475409836,5.249512077248736,4.19672131147541,0.03278688524590164,2.0,30.5,16.5,0.0,0.0,0.0,0.0,0.0,0.0,1.0,0.01639344262295082,0.0,0.0,81.96962252820856,188.57238419762615,audio_744.wav
90.0,70.0,0.7777777777777778,7.378647873726218,4.688888888888889,0.03333333333333333,9.0,10.444444444444445,7.274172134814627,1.0,0.1111111111111111,1.0,0.0,0.0,0.0,0.0,0.0,0.0,0.0,89.88810803218908,141.63686400768708,audio_662.wav
111.0,66.0,0.5945945945945946,6.264442771966494,4.2792792792792795,0.05405405405405406,9.0,12.333333333333334,3.7712361663282534,0.0,0.0,1.0,2.0,0.0,0.0,0.0,0.0,0.0,0.0,110.86199990636655,156.34718399195188,audio_570.wav
77.0,52.0,0.6753246753246753,5.925949975901173,3.883116883116883,0.06493506493506493,4.0,19.25,7.790218225441442,0.0,0.0,0.0,0.0,3.0,0.03896103896103896,0.0,0.0,0.0,0.0,127.90697674418607,186.18717179294825,audio_10.wav
113.0,66.0,0.584070796460177,6.208757731331742,4.3097345132743365,0.10619469026548672,5.0,22.8,21.885154785835994,0.0,0.0,4.0,1.0,1.0,0.008849557522123894,2.0,0.017699115044247787,0.0,0.0,112.85951341819296,166.88534303773673,audio_628.wav
123.0,56.0,0.45528455284552843,5.049349954137621,3.2764227642276422,0.016260162601626018,8.0,16.125,17.90556826799976,1.0,0.125,1.0,0.0,2.0,0.016260162601626018,0.0,0.0,0.0,0.0,122.84708097732508,207.3929494711378,audio_606.wav
119.0,61.0,0.5126050420168067,5.591860831872089,3.899159663865546,0.04201680672268908,2.0,59.5,6.5,1.0,0.5,2.0,1.0,0.0,0.0,0.0,0.0,0.0,0.0,158.4553928095872,196.49864791144847,audio_73.wav
103.0,60.0,0.5825242718446602,5.911975668985759,4.330097087378641,0.06796116504854369,9.0,12.222222222222221,4.46661138716484,0.0,0.0,1.0,0.0,1.0,0.009708737864077669,0.0,0.0,0.0,0.0,102.87194585906084,165.26111152585884,audio_605.wav
85.0,55.0,0.6470588235294118,5.965587590013045,4.623529411764705,0.1411764705882353,4.0,21.25,12.43734296383275,0.0,0.0,0.0,0.0,0.0,0.0,0.0,0.0,0.0,0.0,113.18242343541944,209.43863399882056,audio_106.wav
124.0,61.0,0.49193548387096775,5.477961711816635,3.806451612903226,0.08064516129032258,8.0,15.875,7.423568885650621,1.0,0.125,6.0,2.0,0.0,0.0,0.0,0.0,0.0,0.125,123.97791643363524,201.06610453781505,audio_306.wav
101.0,63.0,0.6237623762376238,6.268734298322932,4.198019801980198,0.039603960396039604,4.0,25.5,16.99264546796643,3.0,0.75,1.0,0.0,0.0,0.0,0.0,0.0,0.0,0.0,134.4873501997337,178.26104334891127,audio_75.wav
131.0,85.0,0.648854961832061,7.4264844816188225,4.694656488549619,0.0916030534351145,9.0,14.666666666666666,6.599663291074444,0.0,0.0,2.0,0.0,0.0,0.0,0.0,0.0,0.0,0.0,130.83713502463078,162.83461053324518,audio_550.wav
96.0,65.0,0.6770833333333334,6.634034720037775,4.520833333333333,0.11458333333333333,6.0,16.166666666666668,14.299378385867765,0.0,0.0,3.0,0.0,0.0,0.0,0.0,0.0,0.0,0.0,95.88064856766836,170.79896014501588,audio_340.wav
75.0,47.0,0.6266666666666667,5.427092530382482,3.6133333333333333,0.05333333333333334,6.0,12.5,3.4034296427770228,2.0,0.3333333333333333,1.0,1.0,0.0,0.0,0.0,0.0,0.0,0.0,97.11671270718233,167.22848076567604,audio_272.wav
140.0,64.0,0.45714285714285713,5.408987230262506,4.207142857142857,0.07857142857142857,9.0,15.777777777777779,8.363648562915028,0.0,0.0,3.0,0.0,4.0,0.02857142857142857,0.0,0.0,0.0,0.1111111111111111,139.8259458278497,192.75821962723543,audio_518.wav
97.0,59.0,0.6082474226804123,5.990542374288353,3.4536082474226806,0.010309278350515464,10.0,9.7,15.07348665704123,2.0,0.2,0.0,0.0,3.0,0.030927835051546393,1.0,0.010309278350515464,0.0,0.0,133.05898491083676,184.09300064246148,audio_34.wav
90.0,41.0,0.45555555555555555,4.321779468896785,3.9444444444444446,0.03333333333333333,1.0,90.0,0.0,0.0,0.0,1.0,0.0,1.0,0.011111111111111112,0.0,0.0,0.0,0.0,120.0,176.2193927522037,audio_87.wav
145.0,75.0,0.5172413793103449,6.228410989030498,4.503448275862069,0.013793103448275862,9.0,16.444444444444443,5.079613089183315,0.0,0.0,5.0,1.0,2.0,0.013793103448275862,0.0,0.0,0.0,0.0,142.54174875787973,186.25984347222618,audio_211.wav
99.0,50.0,0.5050505050505051,5.02518907629606,4.393939393939394,0.06060606060606061,3.0,34.0,19.8158185969358,0.0,0.0,0.0,0.0,1.0,0.010101010101010102,2.0,0.020202020202020204,0.0,0.0,98.876918835408,136.71561077748677,audio_431.wav
121.0,70.0,0.5785123966942148,6.363636363636363,4.371900826446281,0.0743801652892562,4.0,30.75,14.686303142724515,1.0,0.25,2.0,0.0,0.0,0.0,0.0,0.0,0.0,0.0,120.84956746549867,189.23120016435968,audio_555.wav
122.0,65.0,0.5327868852459017,5.884823492763704,4.229508196721311,0.04918032786885246,11.0,11.272727272727273,5.188990251938304,0.0,0.0,1.0,0.0,0.0,0.0,1.0,0.00819672131147541,0.0,0.0,121.84832422141189,175.88922763211025,audio_648.wav
55.0,43.0,0.7818181818181819,5.798118817183882,3.9272727272727272,0.01818181818181818,6.0,10.0,2.0,0.0,0.0,2.0,1.0,0.0,0.0,0.0,0.0,0.0,0.0,54.93162157522667,54.93162157522667,audio_5051.wav
110.0,65.0,0.5909090909090909,6.1975068300963505,4.245454545454545,0.03636363636363636,6.0,18.333333333333332,10.949378470437894,1.0,0.16666666666666666,0.0,0.0,0.0,0.0,0.0,0.0,0.0,0.0,109.86324315045334,159.7406235153686,audio_422.wav
131.0,80.0,0.6106870229007634,6.989632453288303,4.541984732824427,0.1297709923664122,10.0,13.7,12.7283148923964,3.0,0.3,4.0,0.0,0.0,0.0,0.0,0.0,0.0,0.0,130.83713502463078,187.2889143797158,audio_627.wav
113.0,73.0,0.6460176991150443,6.86726233920026,4.68141592920354,0.09734513274336283,6.0,19.0,4.795831523312719,1.0,0.16666666666666666,0.0,0.0,0.0,0.0,0.0,0.0,0.0,0.0,150.66666666666666,153.1522410546139,audio_122.wav
79.0,52.0,0.6582278481012658,5.850457084815324,5.10126582278481,0.10126582278481013,4.0,20.0,7.842193570679061,2.0,0.5,1.0,0.0,0.0,0.0,0.0,0.0,0.0,0.0,105.1930758988016,182.78920287353483,audio_88.wav
81.0,48.0,0.5925925925925926,5.333333333333333,4.209876543209877,0.09876543209876543,7.0,11.571428571428571,6.9045976991968985,1.0,0.14285714285714285,4.0,0.0,1.0,0.012345679012345678,2.0,0.024691358024691357,0.0,0.14285714285714285,80.89929722897018,132.15459190967516,audio_165.wav
111.0,71.0,0.6396396396396397,6.7390217698427435,3.855855855855856,0.06306306306306306,5.0,22.8,11.651609330903607,2.0,0.4,4.0,2.0,2.0,0.018018018018018018,0.0,0.0,0.0,0.0,110.86199990636655,155.43458076995825,audio_276.wav
137.0,81.0,0.5912408759124088,6.920297027505764,3.897810218978102,0.058394160583941604,5.0,27.6,13.573503600765722,1.0,0.2,4.0,0.0,1.0,0.0072992700729927005,0.0,0.0,0.0,0.0,134.67751432331002,174.00836825212076,audio_746.wav
51.0,35.0,0.6862745098039216,4.900980294098034,4.196078431372549,0.09803921568627451,2.0,26.0,4.0,0.0,0.0,1.0,0.0,0.0,0.0,0.0,0.0,0.0,0.0,50.932090545938756,111.76402477855616,audio_252.wav
57.0,46.0,0.8070175438596491,6.092848842499201,4.526315789473684,0.07017543859649122,3.0,19.0,5.354126134736337,2.0,0.6666666666666666,0.0,0.0,0.0,0.0,0.0,0.0,0.0,0.0,56.92410119840213,119.54061251664449,audio_266.wav
71.0,51.0,0.7183098591549296,6.052586456788652,4.802816901408451,0.16901408450704225,5.0,15.0,8.78635305459552,0.0,0.0,0.0,0.0,2.0,0.028169014084507043,0.0,0.0,0.0,0.0,70.98735537732341,147.91703539720848,audio_611.wav
27.0,24.0,0.8888888888888888,4.618802153517006,3.185185185185185,0.0,1.0,29.0,0.0,0.0,0.0,0.0,0.0,0.0,0.0,0.0,0.0,0.0,0.0,26.96643240965673,26.96643240965673,audio_5058.wav
98.0,64.0,0.6530612244897959,6.464976285134148,4.13265306122449,0.061224489795918366,5.0,20.0,12.214745187681975,0.0,0.0,4.0,0.0,0.0,0.0,0.0,0.0,0.0,0.2,130.66666666666666,182.35763781156274,audio_81.wav
77.0,53.0,0.6883116883116883,6.039910552360811,4.2727272727272725,0.09090909090909091,6.0,13.666666666666666,7.695597587076797,0.0,0.0,1.0,0.0,1.0,0.012987012987012988,0.0,0.0,0.0,0.0,102.94117647058823,171.5431343414037,audio_3.wav
79.0,48.0,0.6075949367088608,5.400421924444915,3.8987341772151898,0.06329113924050633,4.0,19.75,8.347903928532,1.0,0.25,2.0,0.0,0.0,0.0,0.0,0.0,0.0,0.0,105.1930758988016,153.18125245658015,audio_21.wav
118.0,46.0,0.3898305084745763,4.234643242332288,2.5338983050847457,0.059322033898305086,66.0,1.8181818181818181,2.7353415991264867,1.0,0.015151515151515152,2.0,0.0,0.0,0.0,0.0,0.0,0.0,0.0,116.92622747766346,191.9073901633126,audio_190.wav
128.0,71.0,0.5546875,6.2755726830306084,3.8984375,0.0546875,5.0,26.0,16.136914203155445,3.0,0.6,2.0,2.0,2.0,0.015625,0.0,0.0,0.0,0.0,127.95734755081638,200.9801270431671,audio_189.wav
126.0,67.0,0.5317460317460317,5.968834402710811,4.285714285714286,0.07142857142857142,1.0,127.0,0.0,1.0,1.0,2.0,0.0,0.0,0.0,2.0,0.015873015873015872,0.0,0.0,125.84335124506472,179.07329957976629,audio_519.wav
84.0,54.0,0.6428571428571429,5.8918830363717944,3.7023809523809526,0.05952380952380952,6.0,14.333333333333334,4.189935029992179,1.0,0.16666666666666666,0.0,0.0,0.0,0.0,0.0,0.0,0.0,0.0,83.89556749670983,131.81394108261185,audio_748.wav
107.0,50.0,0.4672897196261682,4.833682445228318,3.7570093457943927,0.037383177570093455,7.0,15.428571428571429,10.224021334333079,0.0,0.0,5.0,0.0,0.0,0.0,0.0,0.0,0.0,0.0,106.86697288271371,164.88596407006574,audio_505.wav
47.0,38.0,0.8085106382978723,5.542869676919993,4.25531914893617,0.06382978723404255,4.0,12.5,5.123475382979799,0.0,0.0,0.0,0.0,0.0,0.0,0.0,0.0,0.0,0.0,46.941567527920974,146.3572757036165,audio_361.wav
104.0,52.0,0.5,5.099019513592785,3.394230769230769,0.038461538461538464,9.0,12.222222222222221,12.380789579719217,0.0,0.0,2.0,0.0,0.0,0.0,0.0,0.0,0.0,0.1111111111111111,103.87070261497406,103.87070261497406,audio_5052.wav
95.0,66.0,0.6947368421052632,6.771457123762017,4.515789473684211,0.11578947368421053,4.0,24.25,3.344772040064913,0.0,0.0,2.0,0.0,1.0,0.010526315789473684,0.0,0.0,0.0,0.0,128.72628726287263,130.2566409294637,audio_16.wav
134.0,78.0,0.582089552238806,6.7381737195346085,4.223880597014926,0.08208955223880597,8.0,17.0,6.324555320336759,0.0,0.0,2.0,5.0,1.0,0.007462686567164179,0.0,0.0,0.0,0.0,133.83340529237043,206.75832230015038,audio_327.wav
79.0,49.0,0.620253164556962,5.512930714537517,4.582278481012659,0.0,6.0,13.666666666666666,9.195409482755814,0.0,0.0,1.0,0.0,2.0,0.02531645569620253,3.0,0.0379746835443038,0.0,0.0,78.90178371714376,124.13026230585494,audio_313.wav
75.0,42.0,0.56,4.849742261192856,4.173333333333333,0.013333333333333334,4.0,19.0,2.5495097567963922,4.0,1.0,1.0,4.0,4.0,0.05333333333333334,0.0,0.0,0.0,0.25,74.90675669349092,107.22647769831059,audio_589.wav
128.0,62.0,0.484375,5.480077554195743,3.8984375,0.09375,9.0,14.222222222222221,7.238443322178814,2.0,0.2222222222222222,2.0,0.0,0.0,0.0,1.0,0.0078125,0.0,0.0,127.84086475689115,181.35705005082247,audio_416.wav
140.0,74.0,0.5285714285714286,6.254141484991022,3.75,0.05714285714285714,8.0,17.75,6.552671211040578,1.0,0.125,3.0,2.0,2.0,0.014285714285714285,0.0,0.0,0.0,0.0,139.61141489520833,200.37286103428252,audio_762.wav
64.0,46.0,0.71875,5.75,3.921875,0.015625,3.0,21.666666666666668,8.993825042154693,1.0,0.3333333333333333,3.0,0.0,0.0,0.0,1.0,0.015625,0.0,0.0,63.920432378445575,153.9062535816222,audio_714.wav
89.0,48.0,0.5393258426966292,5.087989824030529,3.9887640449438204,0.07865168539325842,8.0,11.375,5.677532474587882,1.0,0.125,0.0,0.0,2.0,0.02247191011235955,0.0,0.0,0.0,0.0,88.88935127627587,167.27688950612244,audio_455.wav
67.0,44.0,0.6567164179104478,5.37545555167743,4.044776119402985,0.04477611940298507,6.0,11.5,7.847504911329036,0.0,0.0,0.0,0.0,2.0,0.029850746268656716,2.0,0.029850746268656716,0.0,0.0,104.52418096723869,110.38212957089712,audio_42.wav
101.0,77.0,0.7623762376237624,7.661786364616916,4.9405940594059405,0.12871287128712872,5.0,20.6,13.836184445142381,0.0,0.0,0.0,0.0,0.0,0.0,0.0,0.0,0.0,0.0,100.87443234723443,166.32371396077505,audio_561.wav
60.0,45.0,0.75,5.809475019311125,4.366666666666666,0.1,3.0,21.333333333333332,16.858891488535722,1.0,0.3333333333333333,0.0,0.0,1.0,0.016666666666666666,0.0,0.0,0.0,0.3333333333333333,59.812214568012514,111.90612408449354,audio_226.wav
83.0,54.0,0.6506024096385542,5.927270039443279,4.168674698795181,0.08433734939759036,7.0,11.857142857142858,5.890150893739515,0.0,0.0,1.0,1.0,0.0,0.0,0.0,0.0,0.0,0.0,110.51930758988016,187.91202770283888,audio_110.wav
111.0,59.0,0.5315315315315315,5.600032174939744,4.387387387387387,0.08108108108108109,10.0,11.4,6.390618123468184,0.0,0.0,2.0,5.0,13.0,0.11711711711711711,0.0,0.0,0.0,0.0,109.11827802837527,159.87766912851043,audio_739.wav
119.0,55.0,0.46218487394957986,5.041841733655162,3.7394957983193278,0.03361344537815126,3.0,40.333333333333336,39.41516910474387,0.0,0.0,0.0,1.0,0.0,0.0,0.0,0.0,0.0,0.0,118.85205395367224,173.31388635060756,audio_504.wav
144.0,82.0,0.5694444444444444,6.833333333333333,3.8194444444444446,0.09027777777777778,1.0,146.0,0.0,1.0,1.0,0.0,0.0,2.0,0.013888888888888888,0.0,0.0,0.0,0.0,143.82097285150255,215.58785371274908,audio_379.wav
125.0,66.0,0.528,5.903219460599445,3.616,0.056,3.0,41.666666666666664,11.897712198383164,0.0,0.0,3.0,0.0,0.0,0.0,3.0,0.024,0.0,0.0,124.8445944891515,124.8445944891515,audio_520.wav
129.0,55.0,0.4263565891472868,4.842479984790931,3.2325581395348837,0.015503875968992248,4.0,33.0,30.108138434649195,1.0,0.25,2.0,0.0,1.0,0.007751937984496124,0.0,0.0,0.0,0.0,128.83962151280437,128.83962151280437,audio_5068.wav
82.0,49.0,0.5975609756097561,5.41114477766748,4.121951219512195,0.08536585365853659,2.0,41.5,2.5,3.0,1.5,0.0,2.0,0.0,0.0,0.0,0.0,0.0,0.0,110.21505376344086,124.34375977053682,audio_30.wav
48.0,30.0,0.625,4.330127018922194,3.25,0.020833333333333332,2.0,24.5,9.5,0.0,0.0,2.0,3.0,0.0,0.0,0.0,0.0,0.0,0.0,47.93608521970706,47.93608521970706,audio_5041.wav
134.0,64.0,0.47761194029850745,5.528757923720705,4.134328358208955,0.07462686567164178,12.0,11.5,5.86657196893268,5.0,0.4166666666666667,1.0,0.0,0.0,0.0,1.0,0.007462686567164179,0.0,0.0,133.83340529237043,176.08886914563638,audio_485.wav
85.0,45.0,0.5294117647058824,4.880935300919764,3.588235294117647,0.03529411764705882,8.0,11.125,3.4437443284889775,1.0,0.125,0.0,2.0,1.0,0.011764705882352941,0.0,0.0,0.0,0.0,83.55904173344051,83.99962326836722,audio_475.wav
132.0,87.0,0.6590909090909091,7.572378034072856,4.765151515151516,0.09848484848484848,11.0,12.363636363636363,5.068130859915037,0.0,0.0,1.0,0.0,2.0,0.015151515151515152,0.0,0.0,0.0,0.0,131.8242343541944,161.67783368006772,audio_145.wav
92.0,62.0,0.6739130434782609,6.463946835769319,4.086956521739131,0.043478260869565216,8.0,12.0,3.968626966596886,0.0,0.0,0.0,2.0,0.0,0.0,0.0,0.0,0.0,0.0,91.88562154401552,136.5099350251888,audio_308.wav
114.0,74.0,0.6491228070175439,6.930735005704535,3.763157894736842,0.07017543859649122,12.0,9.833333333333334,6.348665651580303,3.0,0.25,2.0,1.0,6.0,0.05263157894736842,1.0,0.008771929824561403,0.0,0.0,113.85815171931635,176.44340672890183,audio_184.wav
106.0,60.0,0.5660377358490566,5.827715174143584,4.349056603773585,0.11320754716981132,5.0,21.8,7.782030583337488,0.0,0.0,1.0,2.0,1.0,0.009433962264150943,0.0,0.0,0.0,0.0,105.86821612680049,160.05504477377568,audio_586.wav
83.0,57.0,0.6867469879518072,6.256562819412349,4.734939759036145,0.04819277108433735,6.0,14.0,5.41602560309064,0.0,0.0,1.0,0.0,0.0,0.0,0.0,0.0,0.0,0.0,82.89681074079661,128.66253515080996,audio_398.wav
127.0,64.0,0.5039370078740157,5.679081660263129,3.661417322834646,0.06299212598425197,6.0,21.666666666666668,10.126971687308874,2.0,0.3333333333333333,2.0,0.0,2.0,0.015748031496062992,0.0,0.0,0.0,0.0,130.50333483546325,196.5801201121546,audio_726.wav
98.0,65.0,0.6632653061224489,6.56599153958937,4.214285714285714,0.061224489795918366,9.0,12.11111111111111,9.971564509415366,0.0,0.0,3.0,0.0,2.0,0.02040816326530612,0.0,0.0,0.0,0.1111111111111111,97.8781620794948,155.204215285811,audio_466.wav
103.0,73.0,0.7087378640776699,7.19290373059934,4.165048543689321,0.07766990291262135,7.0,15.0,9.471762545286158,0.0,0.0,3.0,1.0,1.0,0.009708737864077669,0.0,0.0,0.0,0.0,102.87183883411916,194.19848858814385,audio_218.wav
93.0,50.0,0.5376344086021505,5.184758473652126,4.075268817204301,0.0967741935483871,10.0,9.6,6.036555309114628,2.0,0.2,3.0,0.0,2.0,0.021505376344086023,0.0,0.0,0.0,0.1,95.77539125985189,178.60899093736074,audio_644.wav
88.0,55.0,0.625,5.8630196997792865,3.590909090909091,0.06818181818181818,8.0,11.625,4.741769184597665,1.0,0.125,0.0,0.0,0.0,0.0,0.0,0.0,0.0,0.0,87.67268862911796,225.07018573445208,audio_351.wav
63.0,51.0,0.8095238095238095,6.425396041156863,4.587301587301587,0.047619047619047616,5.0,12.8,1.9390719429665317,0.0,0.0,0.0,0.0,0.0,0.0,0.0,0.0,0.0,0.0,104.0748898678414,151.66272590135063,audio_248.wav
117.0,69.0,0.5897435897435898,6.379052256590135,4.794871794871795,0.08547008547008547,7.0,17.0,24.553149347021513,0.0,0.0,1.0,0.0,0.0,0.0,0.0,0.0,0.0,0.0,155.79227696404794,219.96502051601001,audio_83.wav
102.0,65.0,0.6372549019607843,6.435959029348384,3.6470588235294117,0.049019607843137254,2.0,51.0,16.0,0.0,0.0,2.0,0.0,0.0,0.0,0.0,0.0,0.0,0.0,135.81890812250333,163.65124724016988,audio_71.wav
114.0,76.0,0.6666666666666666,7.118052168020874,4.315789473684211,0.13157894736842105,6.0,19.833333333333332,8.314979788844282,1.0,0.16666666666666666,4.0,0.0,0.0,0.0,0.0,0.0,0.0,0.0,113.8582701741062,179.87869307958633,audio_287.wav
63.0,44.0,0.6984126984126984,5.543478937468666,3.619047619047619,0.031746031746031744,9.0,7.222222222222222,2.57240820062005,0.0,0.0,1.0,0.0,0.0,0.0,1.0,0.015873015873015872,0.0,0.0,62.76567481402764,225.44711359215177,audio_367.wav
106.0,71.0,0.6698113207547169,6.896129622736575,4.377358490566038,0.1320754716981132,10.0,10.8,5.546169849544818,0.0,0.0,0.0,1.0,2.0,0.018867924528301886,0.0,0.0,0.0,0.0,105.86821612680049,212.55053087309827,audio_166.wav
1.0,1.0,1.0,1.0,3.0,0.0,1.0,1.0,0.0,0.0,0.0,0.0,0.0,0.0,0.0,0.0,0.0,0.0,0.0,1.3315579227696404,43.14630851909685,audio_94.wav
139.0,78.0,0.5611510791366906,6.615873651503773,4.129496402877698,0.04316546762589928,8.0,17.375,4.688749833377763,1.0,0.125,4.0,0.0,1.0,0.007194244604316547,0.0,0.0,0.0,0.125,185.08655126498002,185.08655126498002,audio_108.wav
174.0,71.0,0.40804597701149425,5.382496109410214,6.655172413793103,0.5172413793103449,8.0,21.875,30.53456033742749,0.0,0.0,0.0,0.0,0.0,0.0,81.0,0.46551724137931033,0.0,0.0,173.78367552889893,263.328531806974,audio_511.wav
1.0,1.0,1.0,1.0,3.0,0.0,1.0,1.0,0.0,0.0,0.0,0.0,0.0,0.0,0.0,0.0,0.0,0.0,0.0,0.9998219067228651,0.9998219067228651,audio_5059.wav
90.0,56.0,0.6222222222222222,5.902918298980975,3.8333333333333335,0.07777777777777778,9.0,10.444444444444445,5.123174170399335,1.0,0.1111111111111111,1.0,0.0,3.0,0.03333333333333333,0.0,0.0,1.0,0.0,122.1056439942113,173.9306949579162,audio_310.wav
89.0,55.0,0.6179775280898876,5.82998834003498,4.438202247191011,0.033707865168539325,6.0,15.166666666666666,6.962199524735141,1.0,0.16666666666666666,2.0,0.0,0.0,0.0,0.0,0.0,0.0,0.0,118.35106382978725,118.35106382978725,audio_50.wav
60.0,39.0,0.65,5.034878350069642,3.8333333333333335,0.08333333333333333,4.0,15.75,7.39509972887452,1.0,0.25,0.0,0.0,2.0,0.03333333333333333,0.0,0.0,0.0,0.0,79.89347536617842,138.1344387905058,audio_6.wav
119.0,70.0,0.5882352941176471,6.416889479197479,3.899159663865546,0.06722689075630252,7.0,17.571428571428573,7.128557114214085,2.0,0.2857142857142857,2.0,0.0,4.0,0.03361344537815126,0.0,0.0,0.0,0.0,118.85205395367224,163.69417064032154,audio_515.wav
58.0,41.0,0.7068965517241379,5.383563747248624,4.862068965517241,0.20689655172413793,5.0,11.6,5.161395160225576,1.0,0.2,0.0,0.0,0.0,0.0,0.0,0.0,0.0,0.0,69.53324808184142,160.53292115987662,audio_742.wav
99.0,56.0,0.5656565656565656,5.628211765451588,4.313131313131313,0.050505050505050504,9.0,11.222222222222221,3.8232556742411674,0.0,0.0,1.0,0.0,3.0,0.030303030303030304,0.0,0.0,0.0,0.0,98.876918835408,159.01336304408812,audio_545.wav
109.0,57.0,0.5229357798165137,5.4596098257605625,4.256880733944954,0.08256880733944955,2.0,54.5,47.5,0.0,0.0,1.0,0.0,1.0,0.009174311926605505,0.0,0.0,0.0,0.5,108.86448639454012,170.73158547903196,audio_489.wav
128.0,88.0,0.6875,7.7781745930520225,4.53125,0.09375,4.0,32.5,20.74246851269154,1.0,0.25,5.0,1.0,0.0,0.0,0.0,0.0,0.0,0.25,127.84086475689115,185.02877629913988,audio_697.wav
108.0,66.0,0.6111111111111112,6.3508529610858835,4.194444444444445,0.09259259259259259,11.0,10.272727272727273,9.046253961933727,0.0,0.0,1.0,0.0,1.0,0.009259259259259259,1.0,0.009259259259259259,0.0,0.0,107.70023434773215,162.6863158215994,audio_225.wav
105.0,53.0,0.5047619047619047,5.172270386627226,4.114285714285714,0.0761904761904762,2.0,53.5,19.5,4.0,2.0,4.0,0.0,3.0,0.02857142857142857,2.0,0.01904761904761905,0.0,0.0,104.86945937088727,190.83063743096307,audio_553.wav
76.0,48.0,0.631578947368421,5.505977612893481,4.697368421052632,0.039473684210526314,2.0,38.5,21.5,1.0,0.5,3.0,1.0,0.0,0.0,1.0,0.013157894736842105,0.0,0.0,85.71428571428572,151.6900404088424,audio_237.wav
126.0,87.0,0.6904761904761905,7.750576015460307,4.476190476190476,0.047619047619047616,13.0,10.076923076923077,7.5900900821809305,3.0,0.23076923076923078,2.0,2.0,1.0,0.007936507936507936,0.0,0.0,0.0,0.0,125.84322032134966,242.44098108107306,audio_197.wav
152.0,81.0,0.5328947368421053,6.569967555795883,4.302631578947368,0.05921052631578947,10.0,15.2,4.894895300208167,1.0,0.1,0.0,0.0,0.0,0.0,1.0,0.006578947368421052,0.0,0.0,151.81102689880825,220.73249794850932,audio_449.wav
97.0,53.0,0.5463917525773195,5.381334675208182,3.9896907216494846,0.030927835051546393,7.0,14.0,7.671840904055744,0.0,0.0,3.0,0.0,0.0,0.0,0.0,0.0,0.0,0.0,96.87940532358158,137.92338287532178,audio_567.wav
77.0,51.0,0.6623376623376623,5.8119893994415355,4.233766233766234,0.05194805194805195,5.0,15.4,10.365326815879952,2.0,0.4,3.0,1.0,1.0,0.012987012987012988,0.0,0.0,0.0,0.0,76.90427020531733,134.75638826464274,audio_477.wav
80.0,47.0,0.5875,5.254759747124505,4.0,0.05,6.0,13.833333333333334,7.127801593447699,0.0,0.0,0.0,0.0,1.0,0.0125,0.0,0.0,0.0,0.0,105.53466085309933,179.08195902881283,audio_728.wav
43.0,33.0,0.7674418604651163,5.032452820975954,5.511627906976744,0.16279069767441862,2.0,21.5,1.5,0.0,0.0,1.0,0.0,0.0,0.0,0.0,0.0,0.0,0.0,43.565397170148835,91.1332689919721,audio_377.wav
109.0,57.0,0.5229357798165137,5.4596098257605625,3.834862385321101,0.07339449541284404,5.0,22.4,17.568153004798198,2.0,0.4,5.0,3.0,0.0,0.0,0.0,0.0,0.0,0.0,108.86448639454012,151.81868109596223,audio_633.wav
75.0,53.0,0.7066666666666667,6.119912853410033,3.933333333333333,0.04,6.0,13.0,8.793937305515279,2.0,0.3333333333333333,1.0,1.0,0.0,0.0,0.0,0.0,1.0,0.0,98.15616372993422,189.3306811339598,audio_690.wav
149.0,86.0,0.5771812080536913,7.045394516463748,4.395973154362416,0.15436241610738255,13.0,11.615384615384615,5.000591680967695,2.0,0.15384615384615385,2.0,0.0,0.0,0.0,0.0,0.0,0.0,0.07692307692307693,148.8147566310686,214.0950200214583,audio_525.wav
88.0,60.0,0.6818181818181818,6.396021490668312,4.6022727272727275,0.045454545454545456,4.0,22.25,8.496322733983215,0.0,0.0,4.0,0.0,0.0,0.0,0.0,0.0,0.0,0.0,121.04539202200827,175.5681667385083,audio_31.wav
103.0,65.0,0.6310679611650486,6.404640308067906,4.398058252427185,0.02912621359223301,7.0,14.714285714285714,11.816626128520124,1.0,0.14285714285714285,3.0,0.0,0.0,0.0,0.0,0.0,0.0,0.0,102.87194585906084,143.89611807213146,audio_676.wav
91.0,63.0,0.6923076923076923,6.604194471348086,4.8901098901098905,0.10989010989010989,6.0,15.5,6.726812023536855,0.0,0.0,2.0,0.0,0.0,0.0,0.0,0.0,0.0,0.0,90.96967677440853,149.21215435933604,audio_263.wav
60.0,7.0,0.11666666666666667,0.9036961141150639,3.2666666666666666,0.0,4.0,17.0,0.0,0.0,0.0,0.0,0.0,0.0,0.0,0.0,0.0,0.0,0.0,59.92540535479273,59.92540535479273,audio_5070.wav
129.0,74.0,0.5736434108527132,6.515336706809617,4.046511627906977,0.08527131782945736,9.0,14.333333333333334,4.447221354708778,0.0,0.0,2.0,1.0,0.0,0.0,0.0,0.0,0.0,0.0,128.83962151280437,204.73192039809214,audio_510.wav
95.0,66.0,0.6947368421052632,6.771457123762017,4.2,0.05263157894736842,7.0,13.571428571428571,8.748177652797064,0.0,0.0,1.0,0.0,1.0,0.010526315789473684,1.0,0.010526315789473684,0.0,0.0,94.88189181175515,228.8215904938111,audio_577.wav
134.0,90.0,0.6716417910447762,7.7748158302322405,4.656716417910448,0.1417910447761194,6.0,22.666666666666668,9.445751543536502,1.0,0.16666666666666666,1.0,2.0,0.0,0.0,0.0,0.0,0.0,0.0,144.67359594410092,202.3317788191039,audio_230.wav
76.0,49.0,0.6447368421052632,5.620685479828762,3.763157894736842,0.07894736842105263,4.0,19.25,13.386093530227555,0.0,0.0,0.0,1.0,1.0,0.013157894736842105,1.0,0.013157894736842105,0.0,0.0,75.90551344940413,148.42481545544504,audio_314.wav
55.0,45.0,0.8181818181818182,6.067798762169179,4.054545454545455,0.01818181818181818,3.0,18.666666666666668,15.2825245151302,0.0,0.0,0.0,1.0,1.0,0.01818181818181818,0.0,0.0,0.0,0.0,54.99020486975757,148.33014344140093,audio_641.wav
119.0,75.0,0.6302521008403361,6.875238727711585,3.9243697478991595,0.06722689075630252,4.0,30.25,29.422567868899545,1.0,0.25,0.0,0.0,2.0,0.01680672268907563,1.0,0.008403361344537815,0.0,0.0,138.64431010984504,201.50787929008533,audio_689.wav
110.0,62.0,0.5636363636363636,5.911468053322673,4.372727272727273,0.07272727272727272,8.0,14.125,5.797359312652615,1.0,0.125,2.0,0.0,0.0,0.0,1.0,0.00909090909090909,0.0,0.0,109.86324315045334,156.14882251324784,audio_352.wav
43.0,36.0,0.8372093023255814,5.489948531973768,4.4186046511627906,0.046511627906976744,1.0,45.0,0.0,1.0,1.0,2.0,0.0,1.0,0.023255813953488372,0.0,0.0,0.0,0.0,109.05056268822317,157.5767299480193,audio_193.wav
103.0,12.0,0.11650485436893204,1.1823951337971519,3.1844660194174756,0.0,13.0,8.384615384615385,3.793485540288601,0.0,0.0,0.0,0.0,0.0,0.0,0.0,0.0,0.0,0.0,102.87194585906084,102.87194585906084,audio_5049.wav
112.0,71.0,0.6339285714285714,6.708869395913783,4.580357142857143,0.16071428571428573,7.0,16.714285714285715,5.283783431116265,1.0,0.14285714285714285,1.0,0.0,5.0,0.044642857142857144,0.0,0.0,0.0,0.14285714285714285,111.86075666227975,136.0315600965958,audio_300.wav
49.0,30.0,0.6122448979591837,4.285714285714286,4.795918367346939,0.1836734693877551,1.0,49.0,0.0,0.0,0.0,0.0,0.0,0.0,0.0,0.0,0.0,0.0,0.0,48.9390810397474,176.6100851224057,audio_581.wav
71.0,37.0,0.5211267605633803,4.391092135317257,3.4788732394366195,0.028169014084507043,2.0,35.5,18.5,0.0,0.0,1.0,0.0,0.0,0.0,2.0,0.028169014084507043,0.0,0.0,70.91172966983807,149.35985151433795,audio_164.wav
132.0,57.0,0.4318181818181818,4.961213194737389,3.659090909090909,0.045454545454545456,7.0,19.0,24.20743687382041,1.0,0.14285714285714285,7.0,2.0,0.0,0.0,3.0,0.022727272727272728,0.0,0.0,131.835891780544,154.23232615276964,audio_502.wav
131.0,74.0,0.5648854961832062,6.465410019291681,3.946564885496183,0.015267175572519083,3.0,46.333333333333336,32.601976763516795,0.0,0.0,3.0,0.0,3.0,0.022900763358778626,0.0,0.0,0.0,0.0,133.9772251501331,188.93398064571548,audio_380.wav
79.0,46.0,0.5822784810126582,5.17540434425971,4.227848101265823,0.13924050632911392,10.0,7.9,3.144837038703278,0.0,0.0,0.0,0.0,0.0,0.0,0.0,0.0,0.0,0.0,109.41828254847645,110.98176702621295,audio_15.wav
30.0,22.0,0.7333333333333333,4.016632088371218,4.733333333333333,0.03333333333333333,1.0,30.0,0.0,0.0,0.0,0.0,0.0,0.0,0.0,0.0,0.0,0.0,0.0,65.17016654598117,94.3207444503975,audio_238.wav
80.0,46.0,0.575,5.142956348249516,4.5375,0.1,12.0,6.75,2.553592241007427,0.0,0.0,0.0,1.0,0.0,0.0,0.0,0.0,0.0,0.0,121.76560121765601,150.20553187149804,audio_53.wav
52.0,38.0,0.7307692307692307,5.269651864139677,4.365384615384615,0.1346153846153846,5.0,10.6,5.351635264103861,0.0,0.0,0.0,0.0,1.0,0.019230769230769232,0.0,0.0,0.0,0.0,112.24106647000497,154.2065690670988,audio_283.wav
105.0,70.0,0.6666666666666666,6.831300510639733,4.419047619047619,0.0761904761904762,8.0,13.375,5.6995065575889985,0.0,0.0,0.0,0.0,0.0,0.0,0.0,0.0,0.0,0.125,104.86945937088727,133.987468834506,audio_614.wav
107.0,59.0,0.5514018691588785,5.703745285369415,3.3457943925233646,0.0,8.0,13.375,5.543859215384171,1.0,0.125,1.0,1.0,6.0,0.056074766355140186,1.0,0.009345794392523364,0.0,0.0,142.47669773635153,211.78714409390338,audio_121.wav
130.0,66.0,0.5076923076923077,5.788582927426393,4.315384615384615,0.05384615384615385,3.0,43.333333333333336,19.293061504650375,0.0,0.0,1.0,1.0,0.0,0.0,0.0,0.0,0.0,0.0,129.8382431886941,191.42613561210607,audio_216.wav
126.0,74.0,0.5873015873015873,6.592443967173135,3.8174603174603177,0.05555555555555555,11.0,11.818181818181818,5.407371766532019,2.0,0.18181818181818182,2.0,1.0,1.0,0.007936507936507936,0.0,0.0,0.0,0.0,125.84335124506472,188.78074549753026,audio_552.wav
89.0,48.0,0.5393258426966292,5.087989824030529,4.303370786516854,0.056179775280898875,5.0,18.4,8.404760555780278,0.0,0.0,3.0,0.0,4.0,0.0449438202247191,0.0,0.0,0.0,0.0,88.88935127627587,169.83154769775263,audio_514.wav
140.0,93.0,0.6642857142857143,7.859934568975204,4.735714285714286,0.18571428571428572,5.0,28.6,9.478396488858229,3.0,0.6,0.0,0.0,0.0,0.0,0.0,0.0,1.0,0.0,139.8259458278497,218.88811384156347,audio_593.wav
70.0,39.0,0.5571428571428572,4.661391576404135,4.071428571428571,0.12857142857142856,8.0,9.125,5.441449714919729,0.0,0.0,0.0,0.0,0.0,0.0,0.0,0.0,0.0,0.0,69.91297291392485,109.64413746359851,audio_565.wav
78.0,52.0,0.6666666666666666,5.887840577551898,4.589743589743589,0.14102564102564102,5.0,15.8,4.1182520563948,1.0,0.2,3.0,0.0,0.0,0.0,1.0,0.01282051282051282,0.0,0.0,77.89613848202397,161.66005795543745,audio_140.wav
71.0,55.0,0.7746478873239436,6.527299120066193,4.732394366197183,0.11267605633802817,3.0,23.666666666666668,17.913371790059205,0.0,0.0,1.0,1.0,0.0,0.0,0.0,0.0,0.0,0.0,94.54061251664446,142.41167852005574,audio_117.wav
132.0,78.0,0.5909090909090909,6.789028582272215,4.159090909090909,0.06060606060606061,9.0,14.777777777777779,8.560604570781432,2.0,0.2222222222222222,2.0,1.0,0.0,0.0,0.0,0.0,0.0,0.0,131.835891780544,178.6672376759573,audio_495.wav
85.0,51.0,0.6,5.531726674375733,4.247058823529412,0.07058823529411765,3.0,29.666666666666668,30.070288030250428,0.0,0.0,2.0,0.0,0.0,0.0,1.0,0.011764705882352941,0.0,0.0,84.89432425262304,183.84075627010506,audio_652.wav
111.0,54.0,0.4864864864864865,5.125453177063495,3.6396396396396398,0.05405405405405406,6.0,19.166666666666668,25.221793926857956,1.0,0.16666666666666666,2.0,1.0,6.0,0.05405405405405406,2.0,0.018018018018018018,0.0,0.16666666666666666,136.02941176470588,218.27145612343298,audio_645.wav
70.0,45.0,0.6428571428571429,5.378528742004772,3.9714285714285715,0.07142857142857142,3.0,23.666666666666668,2.494438257849294,1.0,0.3333333333333333,0.0,0.0,1.0,0.014285714285714285,1.0,0.014285714285714285,0.0,0.0,69.90679094540613,167.20835779295464,audio_242.wav
100.0,57.0,0.57,5.7,3.69,0.02,1.0,103.0,0.0,0.0,0.0,4.0,0.0,2.0,0.02,1.0,0.01,0.0,0.0,133.15579227696404,196.63399620178558,audio_4.wav
98.0,43.0,0.4387755102040816,4.343655941574506,3.316326530612245,0.02040816326530612,3.0,33.666666666666664,17.15290710702481,0.0,0.0,2.0,0.0,0.0,0.0,0.0,0.0,0.0,0.0,130.49267643142477,241.76841408767473,audio_93.wav
33.0,22.0,0.6666666666666666,3.8297084310253524,4.181818181818182,0.06060606060606061,1.0,33.0,0.0,2.0,2.0,2.0,0.0,0.0,0.0,0.0,0.0,0.0,0.0,32.958972945136,150.96768309347192,audio_582.wav
101.0,68.0,0.6732673267326733,6.766252893427926,3.8613861386138613,0.10891089108910891,5.0,20.8,14.09113196304683,0.0,0.0,0.0,0.0,1.0,0.009900990099009901,2.0,0.019801980198019802,0.0,0.0,102.84652362627338,171.26548604997177,audio_222.wav
78.0,8.0,0.10256410256410256,0.9058216273156765,3.371794871794872,0.0,1.0,94.0,0.0,0.0,0.0,14.0,0.0,0.0,0.0,0.0,0.0,0.0,0.0,77.90302696123055,77.90302696123055,audio_5042.wav
64.0,45.0,0.703125,5.625,4.40625,0.125,2.0,33.0,8.0,1.0,0.5,0.0,0.0,1.0,0.015625,0.0,0.0,0.0,0.0,63.91478029294275,122.21336212652471,audio_253.wav
117.0,65.0,0.5555555555555556,6.009252125773315,4.256410256410256,0.05128205128205128,7.0,17.428571428571427,16.508501211342534,4.0,0.5714285714285714,2.0,0.0,0.0,0.0,0.0,0.0,0.0,0.0,116.85454044184583,211.55004985025147,audio_167.wav
107.0,56.0,0.5233644859813084,5.413724338655716,3.9813084112149535,0.08411214953271028,7.0,15.285714285714286,11.535216707535058,1.0,0.14285714285714285,3.0,0.0,3.0,0.028037383177570093,1.0,0.009345794392523364,0.0,0.0,106.86697288271371,172.55610975011987,audio_583.wav
123.0,71.0,0.5772357723577236,6.401854406138769,4.365853658536586,0.07317073170731707,10.0,12.5,5.608029957123981,1.0,0.1,1.0,1.0,0.0,0.0,0.0,0.0,0.0,0.0,122.84708097732508,213.14554211754898,audio_682.wav
9.0,7.0,0.7777777777777778,2.3333333333333335,5.333333333333333,0.1111111111111111,2.0,5.0,1.0,0.0,0.0,0.0,0.0,0.0,0.0,0.0,0.0,0.0,0.0,8.98881080321891,8.98881080321891,audio_5045.wav
126.0,67.0,0.5317460317460317,5.968834402710811,3.8253968253968256,0.031746031746031744,6.0,21.333333333333332,17.93197020841702,4.0,0.6666666666666666,2.0,0.0,2.0,0.015873015873015872,1.0,0.007936507936507936,0.0,0.0,125.84335124506472,226.59350051772523,audio_173.wav
152.0,107.0,0.7039473684210527,8.678846030495796,4.625,0.11842105263157894,7.0,22.142857142857142,11.281192584228362,0.0,0.0,3.0,0.0,1.0,0.006578947368421052,0.0,0.0,0.0,0.0,151.97292982187545,189.57904054926823,audio_338.wav
121.0,72.0,0.5950413223140496,6.545454545454546,4.56198347107438,0.049586776859504134,9.0,13.555555555555555,9.190709211071207,1.0,0.1111111111111111,3.0,0.0,0.0,0.0,0.0,0.0,0.0,0.0,120.8494417371691,166.94292561115722,audio_188.wav
100.0,52.0,0.52,5.2,4.21,0.09,5.0,20.4,7.49933330370107,1.0,0.2,2.0,0.0,1.0,0.01,0.0,0.0,0.0,0.0,133.15579227696404,137.08198592353054,audio_59.wav
122.0,70.0,0.5737704918032787,6.337502222976297,4.409836065573771,0.03278688524590164,7.0,17.857142857142858,10.722853717025831,0.0,0.0,2.0,7.0,2.0,0.01639344262295082,0.0,0.0,0.0,0.0,121.84832422141189,238.10582067997993,audio_318.wav
112.0,57.0,0.5089285714285714,5.385993740381488,4.071428571428571,0.09821428571428571,3.0,38.0,8.602325267042627,2.0,0.6666666666666666,4.0,0.0,1.0,0.008928571428571428,2.0,0.017857142857142856,0.0,0.0,152.38095238095238,198.7852139968151,audio_17.wav
114.0,61.0,0.5350877192982456,5.713173450648333,4.078947368421052,0.13157894736842105,10.0,11.5,13.336041391657421,1.0,0.1,2.0,2.0,0.0,0.0,0.0,0.0,0.0,0.0,113.8582701741062,191.35709834746928,audio_551.wav
57.0,35.0,0.6140350877192983,4.635863249727653,4.280701754385965,0.05263157894736842,4.0,14.75,4.380353866983808,0.0,0.0,0.0,0.0,0.0,0.0,0.0,0.0,0.0,0.0,87.65030858611019,169.98319417495264,audio_275.wav
131.0,78.0,0.5954198473282443,6.814891641956096,4.297709923664122,0.10687022900763359,8.0,17.0,14.2828568570857,2.0,0.25,3.0,0.0,0.0,0.0,1.0,0.007633587786259542,0.0,0.0,130.83713502463078,194.71548843194742,audio_368.wav
54.0,38.0,0.7037037037037037,5.171145012542265,4.481481481481482,0.16666666666666666,2.0,27.0,16.0,0.0,0.0,0.0,0.0,1.0,0.018518518518518517,0.0,0.0,0.0,0.0,53.93286481931346,138.64163238012728,audio_730.wav
1.0,1.0,1.0,1.0,3.0,0.0,1.0,1.0,0.0,0.0,0.0,0.0,0.0,0.0,0.0,0.0,0.0,0.0,0.0,0.9987567559132121,0.9987567559132121,audio_5060.wav
116.0,62.0,0.5344827586206896,5.756555483488608,3.6810344827586206,0.06896551724137931,1.0,116.0,0.0,3.0,3.0,5.0,0.0,0.0,0.0,0.0,0.0,0.0,0.0,115.85578368593261,178.70895993681614,audio_685.wav
68.0,41.0,0.6029411764705882,4.971980313244826,3.573529411764706,0.07352941176470588,6.0,11.333333333333334,4.459696053419884,1.0,0.16666666666666666,1.0,0.0,0.0,0.0,0.0,0.0,0.0,0.0,90.54593874833554,132.58091941563828,audio_7.wav
137.0,87.0,0.635036496350365,7.43291162213582,4.145985401459854,0.11678832116788321,11.0,13.090909090909092,3.871916261644883,3.0,0.2727272727272727,5.0,1.0,3.0,0.021897810218978103,1.0,0.0072992700729927005,0.0,0.0,134.67737641261738,205.57084650822583,audio_204.wav
76.0,50.0,0.6578947368421053,5.735393346764043,4.0394736842105265,0.039473684210526314,3.0,26.666666666666668,25.72072229848057,1.0,0.3333333333333333,1.0,0.0,1.0,0.013157894736842105,0.0,0.0,0.0,0.0,75.90551344940413,75.90551344940413,audio_5064.wav
92.0,76.0,0.8260869565217391,7.923547734168841,4.663043478260869,0.11956521739130435,10.0,9.3,7.537240874484509,1.0,0.1,0.0,0.0,1.0,0.010869565217391304,0.0,0.0,0.0,0.0,122.50332889480691,195.93572206754635,audio_127.wav
44.0,33.0,0.75,4.9749371855331,4.340909090909091,0.022727272727272728,1.0,46.0,0.0,0.0,0.0,1.0,0.0,0.0,0.0,0.0,0.0,0.0,1.0,78.27324478178367,159.4314852926845,audio_412.wav
74.0,44.0,0.5945945945945946,5.114896104728048,4.391891891891892,0.10810810810810811,3.0,24.666666666666668,8.219218670625303,0.0,0.0,1.0,0.0,1.0,0.013513513513513514,1.0,0.013513513513513514,0.0,0.0,98.5352862849534,98.5352862849534,audio_132.wav
106.0,59.0,0.5566037735849056,5.730586587907858,3.943396226415094,0.07547169811320754,8.0,13.25,8.181534085976786,1.0,0.125,1.0,0.0,0.0,0.0,0.0,0.0,0.0,0.0,105.85885486018643,197.87995091511968,audio_156.wav
81.0,42.0,0.5185185185185185,4.666666666666667,4.679012345679013,0.1111111111111111,1.0,81.0,0.0,0.0,0.0,3.0,0.0,1.0,0.012345679012345678,0.0,0.0,0.0,1.0,80.89929722897018,132.65982519387381,audio_426.wav
110.0,64.0,0.5818181818181818,6.102160571171791,4.081818181818182,0.08181818181818182,4.0,27.75,11.388041973930374,1.0,0.25,3.0,0.0,0.0,0.0,0.0,0.0,0.0,0.0,109.98040973951514,189.20919931957312,audio_709.wav
89.0,56.0,0.6292134831460674,5.935988128035616,3.966292134831461,0.0898876404494382,6.0,15.0,9.183318209303941,0.0,0.0,1.0,1.0,0.0,0.0,0.0,0.0,0.0,0.0,94.56463632348986,163.04745633662193,audio_291.wav
121.0,84.0,0.6942148760330579,7.636363636363637,4.628099173553719,0.09917355371900827,8.0,15.125,3.7228181529588578,1.0,0.125,0.0,0.0,0.0,0.0,0.0,0.0,0.0,0.0,120.84956746549867,199.9728995950178,audio_523.wav
105.0,69.0,0.6571428571428571,6.733710503344879,4.066666666666666,0.08571428571428572,5.0,21.0,11.260550608207398,1.0,0.2,3.0,0.0,1.0,0.009523809523809525,0.0,0.0,0.0,0.0,104.86945937088727,133.75979259179653,audio_632.wav
105.0,62.0,0.5904761904761905,6.050580452280906,3.9047619047619047,0.0380952380952381,7.0,15.0,5.477225575051661,3.0,0.42857142857142855,2.0,0.0,0.0,0.0,0.0,0.0,0.0,0.0,109.01162790697674,167.4003653425318,audio_684.wav
48.0,35.0,0.7291666666666666,5.0518148554092255,3.5416666666666665,0.0625,5.0,9.6,3.97994974842648,0.0,0.0,1.0,0.0,1.0,0.020833333333333332,0.0,0.0,0.0,0.0,47.94032428383418,102.19440799589077,audio_512.wav
146.0,95.0,0.6506849315068494,7.862255941722496,4.157534246575342,0.04794520547945205,10.0,15.0,7.4565407529228995,0.0,0.0,1.0,2.0,1.0,0.00684931506849315,0.0,0.0,0.0,0.0,145.97399838153828,183.66149670529532,audio_764.wav
132.0,66.0,0.5,5.744562646538029,4.333333333333333,0.06818181818181818,10.0,13.3,5.814636704042653,0.0,0.0,4.0,0.0,0.0,0.0,2.0,0.015151515151515152,0.0,0.0,131.835891780544,186.4957668179427,audio_585.wav
112.0,62.0,0.5535714285714286,5.858449331643022,3.7767857142857144,0.03571428571428571,6.0,18.666666666666668,19.728715675943587,2.0,0.3333333333333333,1.0,1.0,3.0,0.026785714285714284,1.0,0.008928571428571428,0.0,0.0,110.10132557818045,177.70586966996797,audio_562.wav
121.0,76.0,0.628099173553719,6.909090909090909,4.090909090909091,0.05785123966942149,1.0,122.0,0.0,1.0,1.0,0.0,1.0,1.0,0.008264462809917356,0.0,0.0,0.0,0.0,120.84956746549867,183.11926637151637,audio_465.wav
93.0,57.0,0.6129032258064516,5.910624659963424,4.258064516129032,0.053763440860215055,9.0,10.555555555555555,5.013561854523768,0.0,0.0,2.0,0.0,0.0,0.0,0.0,0.0,0.0,0.0,123.83488681757656,134.98362299766814,audio_37.wav
91.0,64.0,0.7032967032967034,6.709022955020277,3.956043956043956,0.03296703296703297,6.0,15.166666666666666,9.26312882106017,0.0,0.0,1.0,0.0,0.0,0.0,0.0,0.0,0.0,0.0,121.01063829787235,151.05396587971333,audio_47.wav
79.0,45.0,0.569620253164557,5.062895554167108,4.151898734177215,0.10126582278481013,7.0,11.285714285714286,3.6922422809485957,1.0,0.14285714285714285,3.0,2.0,1.0,0.012658227848101266,0.0,0.0,1.0,0.0,78.8948069241012,135.3448187335481,audio_233.wav
127.0,89.0,0.7007874015748031,7.897472933803413,4.149606299212598,0.07086614173228346,6.0,22.0,11.075498483890767,3.0,0.5,5.0,0.0,2.0,0.015748031496062992,0.0,0.0,0.0,0.0,126.84210800097796,185.95870569967593,audio_621.wav
66.0,43.0,0.6515151515151515,5.292934112111308,3.6515151515151514,0.0,1.0,66.0,0.0,0.0,0.0,0.0,0.0,0.0,0.0,1.0,0.015151515151515152,0.0,0.0,65.917945890272,83.93495866647231,audio_590.wav
87.0,50.0,0.5747126436781609,5.360562674188974,3.6666666666666665,0.04597701149425287,13.0,7.538461538461538,3.8152605438883826,1.0,0.07692307692307693,1.0,0.0,0.0,0.0,0.0,0.0,0.0,0.0,86.89183776444946,163.92883624741404,audio_349.wav
105.0,68.0,0.6476190476190476,6.636120496050026,4.095238095238095,0.12380952380952381,4.0,27.0,29.146183283579344,0.0,0.0,4.0,1.0,0.0,0.0,0.0,0.0,0.0,0.0,104.98130020590081,157.7612274386771,audio_387.wav
127.0,76.0,0.5984251968503937,6.743909471562465,4.173228346456693,0.047244094488188976,11.0,12.0,5.443929062392679,0.0,0.0,3.0,1.0,1.0,0.007874015748031496,0.0,0.0,0.0,0.0,126.84210800097796,222.32541113423017,audio_630.wav
126.0,54.0,0.42857142857142855,4.810702354423639,3.3015873015873014,0.007936507936507936,8.0,16.75,14.02453207775575,1.0,0.125,0.0,0.0,0.0,0.0,0.0,0.0,0.0,0.0,125.84335124506472,125.84335124506472,audio_5046.wav
76.0,52.0,0.6842105263157895,5.9648090806346055,3.736842105263158,0.039473684210526314,6.0,13.5,5.220153254455275,0.0,0.0,2.0,1.0,0.0,0.0,1.0,0.013157894736842105,0.0,0.0,75.90543447954424,176.94570421182576,audio_183.wav
105.0,69.0,0.6571428571428571,6.733710503344879,4.552380952380952,0.06666666666666667,3.0,35.333333333333336,6.599663291074444,0.0,0.0,3.0,0.0,0.0,0.0,0.0,0.0,0.0,0.0,104.86945937088727,153.1844085434634,audio_607.wav
91.0,56.0,0.6153846153846154,5.870395085642743,3.78021978021978,0.03296703296703297,5.0,18.4,5.161395160225576,2.0,0.4,3.0,0.0,0.0,0.0,0.0,0.0,0.0,0.0,121.33333333333333,121.33333333333333,audio_133.wav
94.0,54.0,0.574468085106383,5.569674729797484,4.297872340425532,0.06382978723404255,4.0,23.5,17.356554957709783,1.0,0.25,5.0,1.0,2.0,0.02127659574468085,0.0,0.0,0.0,0.0,93.88313505584195,148.08726714219353,audio_443.wav
91.0,62.0,0.6813186813186813,6.499365987675894,4.131868131868132,0.06593406593406594,2.0,47.0,21.0,1.0,0.5,5.0,1.0,2.0,0.02197802197802198,0.0,0.0,0.0,0.0,121.17177097203728,196.7403231644037,audio_55.wav
62.0,35.0,0.5645161290322581,4.445004445006667,4.354838709677419,0.08064516129032258,2.0,31.0,5.0,0.0,0.0,0.0,0.0,0.0,0.0,0.0,0.0,0.0,0.5,69.03206650831353,146.292581542205,audio_686.wav
119.0,61.0,0.5126050420168067,5.591860831872089,4.025210084033613,0.058823529411764705,7.0,17.142857142857142,9.171829096728299,3.0,0.42857142857142855,6.0,0.0,0.0,0.0,0.0,0.0,0.0,0.0,118.85205395367224,200.76134570796114,audio_740.wav
95.0,58.0,0.6105263157894737,5.950674442093894,3.9894736842105263,0.06315789473684211,8.0,12.25,6.036348233824818,2.0,0.25,3.0,0.0,2.0,0.021052631578947368,0.0,0.0,0.0,0.125,94.88189181175515,139.37518599060414,audio_699.wav
109.0,75.0,0.6880733944954128,7.183697139158635,4.1192660550458715,0.03669724770642202,8.0,14.0,4.153311931459037,0.0,0.0,2.0,0.0,0.0,0.0,0.0,0.0,0.0,0.0,145.13981358189082,227.61480514374517,audio_44.wav
103.0,53.0,0.5145631067961165,5.222245174270754,4.155339805825243,0.06796116504854369,3.0,34.333333333333336,10.077477638553983,1.0,0.3333333333333333,1.0,0.0,0.0,0.0,0.0,0.0,0.0,0.0,102.87194585906084,185.84417415272577,audio_500.wav
72.0,55.0,0.7638888888888888,6.481812160876686,4.333333333333333,0.08333333333333333,2.0,37.0,20.0,0.0,0.0,5.0,1.0,0.0,0.0,0.0,0.0,0.0,0.5,71.90412782956058,129.33698464939826,audio_265.wav
87.0,37.0,0.42528735632183906,3.9668163788998405,4.402298850574713,0.04597701149425287,6.0,14.666666666666666,9.655165571973493,1.0,0.16666666666666666,2.0,0.0,2.0,0.022988505747126436,0.0,0.0,0.0,0.0,115.84553928095872,115.84553928095872,audio_125.wav
89.0,66.0,0.7415730337078652,6.995986008041976,5.303370786516854,0.2247191011235955,4.0,22.25,12.07010770457331,2.0,0.5,4.0,0.0,0.0,0.0,1.0,0.011235955056179775,0.0,0.0,116.31627025562625,169.9380338118653,audio_413.wav
107.0,64.0,0.5981308411214953,6.187113529892247,4.233644859813084,0.09345794392523364,8.0,13.75,3.832427429188973,2.0,0.25,4.0,0.0,0.0,0.0,0.0,0.0,0.0,0.0,106.85752330226366,169.11364557401726,audio_256.wav
125.0,79.0,0.632,7.065974808899335,4.208,0.104,9.0,14.0,7.393691004272944,1.0,0.1111111111111111,1.0,0.0,1.0,0.008,0.0,0.0,0.0,0.0,124.8445944891515,190.3254099790188,audio_350.wav
134.0,93.0,0.6940298507462687,8.03397635790665,4.276119402985074,0.12686567164179105,11.0,12.545454545454545,5.2286559434721465,0.0,0.0,3.0,3.0,0.0,0.0,0.0,0.0,0.0,0.0,133.83340529237043,224.92851911018317,audio_364.wav
78.0,42.0,0.5384615384615384,4.755563543407302,4.358974358974359,0.0641025641025641,5.0,15.6,12.2245654319489,0.0,0.0,1.0,0.0,0.0,0.0,0.0,0.0,0.0,0.2,104.27807486631015,104.93302912747136,audio_131.wav
94.0,70.0,0.7446808510638298,7.219948723811553,4.553191489361702,0.05319148936170213,2.0,48.0,38.0,1.0,0.5,3.0,0.0,3.0,0.031914893617021274,0.0,0.0,0.0,0.5,93.88313505584195,212.1822453934252,audio_168.wav
98.0,61.0,0.6224489795918368,6.161930521768485,3.704081632653061,0.05102040816326531,9.0,11.333333333333334,4.714045207910317,1.0,0.1111111111111111,1.0,1.0,1.0,0.01020408163265306,0.0,0.0,0.0,0.0,133.47463939289472,193.76486556113267,audio_557.wav
131.0,80.0,0.6106870229007634,6.989632453288303,4.022900763358779,0.06870229007633588,8.0,17.125,6.469882147303767,3.0,0.375,3.0,1.0,1.0,0.007633587786259542,0.0,0.0,0.0,0.0,130.83713502463078,210.01790853325525,audio_670.wav
103.0,67.0,0.6504854368932039,6.601706163700764,4.067961165048544,0.06796116504854369,5.0,21.4,22.33024854317569,0.0,0.0,4.0,1.0,3.0,0.02912621359223301,1.0,0.009708737864077669,0.0,0.0,102.87194585906084,169.71044914386275,audio_342.wav
83.0,50.0,0.6024096385542169,5.488212999484517,3.9036144578313254,0.08433734939759036,7.0,11.857142857142858,7.059513771774763,1.0,0.14285714285714285,2.0,0.0,0.0,0.0,0.0,0.0,0.0,0.0,110.66666666666667,110.86384558277655,audio_2.wav
155.0,48.0,0.3096774193548387,3.8554527787319945,3.464516129032258,0.01935483870967742,20.0,8.8,12.706691150728423,2.0,0.1,3.0,0.0,0.0,0.0,0.0,0.0,0.0,0.0,154.80729716654787,154.80729716654787,audio_5048.wav
263.0,26.0,0.09885931558935361,1.6032286815433392,4.8783269961977185,0.011406844106463879,5.0,52.6,85.30556839972407,0.0,0.0,1.0,0.0,0.0,0.0,220.0,0.8365019011406845,0.0,0.0,262.6730268051748,632.4585108119787,audio_741.wav
85.0,53.0,0.6235294117647059,5.7486571321943885,3.8823529411764706,0.058823529411764705,4.0,21.25,6.057020719792859,0.0,0.0,3.0,0.0,0.0,0.0,0.0,0.0,0.0,0.0,84.89432425262304,146.28132485997168,audio_294.wav
131.0,82.0,0.6259541984732825,7.164373264620511,4.358778625954199,0.07633587786259542,4.0,34.25,27.698149757700424,4.0,1.0,3.0,0.0,4.0,0.030534351145038167,0.0,0.0,0.0,0.0,130.83713502463078,182.29164636262365,audio_370.wav
132.0,62.0,0.4696969696969697,5.396407334626633,3.9545454545454546,0.03787878787878788,3.0,44.0,29.223278392404914,0.0,0.0,4.0,0.0,2.0,0.015151515151515152,0.0,0.0,0.0,0.0,131.835891780544,179.76260902410687,audio_417.wav
88.0,56.0,0.6363636363636364,5.9696200579570915,4.931818181818182,0.09090909090909091,8.0,11.5,7.088723439378913,2.0,0.25,1.0,0.0,1.0,0.011363636363636364,0.0,0.0,0.0,0.0,87.89059452036267,120.36100800337009,audio_753.wav
144.0,71.0,0.4930555555555556,5.916666666666667,4.319444444444445,0.09027777777777778,3.0,51.333333333333336,25.32894698868383,4.0,1.3333333333333333,4.0,0.0,1.0,0.006944444444444444,1.0,0.006944444444444444,0.0,0.0,143.82097285150255,168.54897384333972,audio_533.wav
141.0,87.0,0.6170212765957447,7.326721713278715,4.127659574468085,0.0425531914893617,8.0,17.625,6.081478027585071,1.0,0.125,1.0,0.0,0.0,0.0,0.0,0.0,0.0,0.0,140.81225033288948,193.57252815274302,audio_239.wav
88.0,45.0,0.5113636363636364,4.797016118001235,3.909090909090909,0.03409090909090909,7.0,13.142857142857142,4.997958767010258,2.0,0.2857142857142857,3.0,1.0,1.0,0.011363636363636364,0.0,0.0,0.0,0.0,87.89059452036267,131.682390243208,audio_566.wav
120.0,67.0,0.5583333333333333,6.116235225474355,3.841666666666667,0.041666666666666664,13.0,9.538461538461538,4.955422587201971,0.0,0.0,4.0,0.0,1.0,0.008333333333333333,0.0,0.0,0.0,0.07692307692307693,119.9786288067438,209.29101314674497,audio_736.wav
86.0,50.0,0.5813953488372093,5.391638660171921,3.9186046511627906,0.08139534883720931,4.0,21.75,11.497282287566918,2.0,0.5,0.0,0.0,1.0,0.011627906976744186,1.0,0.011627906976744186,0.0,0.0,85.89308100853624,128.33738528396623,audio_541.wav
111.0,56.0,0.5045045045045045,5.3152847762139945,3.963963963963964,0.05405405405405406,2.0,55.5,26.5,1.0,0.5,1.0,0.0,2.0,0.018018018018018018,0.0,0.0,0.0,0.0,110.86199990636655,142.09739795896076,audio_531.wav
109.0,63.0,0.5779816513761468,6.034305596893254,4.422018348623853,0.11009174311926606,5.0,22.4,10.89219904335208,1.0,0.2,4.0,1.0,0.0,0.0,0.0,0.0,0.0,0.0,108.86448639454012,206.81152825030475,audio_280.wav
87.0,67.0,0.7701149425287356,7.1831539834132245,4.64367816091954,0.022988505747126436,2.0,43.5,26.5,1.0,0.5,1.0,0.0,0.0,0.0,1.0,0.011494252873563218,0.0,0.0,132.6219512195122,186.00169557845308,audio_33.wav
151.0,83.0,0.5496688741721855,6.754444207800623,4.046357615894039,0.08609271523178808,4.0,40.25,24.539508960042376,2.0,0.5,2.0,3.0,3.0,0.019867549668874173,1.0,0.006622516556291391,0.0,0.25,150.65177469993836,224.79981868851564,audio_307.wav
89.0,57.0,0.6404494382022472,6.041987916036252,4.123595505617978,0.0449438202247191,4.0,23.25,18.046814123273947,0.0,0.0,1.0,3.0,2.0,0.02247191011235955,0.0,0.0,0.0,0.0,88.88935127627587,167.11977282843978,audio_617.wav
128.0,82.0,0.640625,7.247844507162112,3.96875,0.0703125,7.0,18.428571428571427,8.347063518852309,0.0,0.0,1.0,0.0,2.0,0.015625,0.0,0.0,0.0,0.0,127.84086475689115,159.03965047962114,audio_613.wav
38.0,25.0,0.6578947368421053,4.055535528269064,4.2631578947368425,0.10526315789473684,1.0,38.0,0.0,0.0,0.0,0.0,0.0,0.0,0.0,0.0,0.0,0.0,0.0,95.42419034614811,163.39852392844728,audio_472.wav
91.0,49.0,0.5384615384615384,5.136595699937399,3.5164835164835164,0.04395604395604396,9.0,10.11111111111111,7.709221670534068,2.0,0.2222222222222222,2.0,0.0,3.0,0.03296703296703297,0.0,0.0,0.0,0.0,90.88686478810232,122.5085573630874,audio_568.wav
137.0,81.0,0.5912408759124088,6.920297027505764,4.343065693430657,0.08029197080291971,9.0,15.333333333333334,7.0710678118654755,1.0,0.1111111111111111,2.0,0.0,0.0,0.0,0.0,0.0,0.0,0.0,136.82967556011005,223.52072952624073,audio_521.wav
126.0,78.0,0.6190476190476191,6.948792289723034,4.087301587301587,0.09523809523809523,11.0,11.818181818181818,7.649339624713684,2.0,0.18181818181818182,2.0,0.0,0.0,0.0,2.0,0.015873015873015872,0.0,0.0,125.84335124506472,184.49446392251312,audio_401.wav
90.0,52.0,0.5777777777777777,5.4812812776251905,3.7888888888888888,0.05555555555555555,2.0,45.0,14.0,0.0,0.0,0.0,0.0,1.0,0.011111111111111112,0.0,0.0,0.0,0.0,89.88810803218908,153.60787954846202,audio_573.wav
115.0,60.0,0.5217391304347826,5.595028849441883,3.5652173913043477,0.034782608695652174,4.0,29.75,26.808347580557815,0.0,0.0,1.0,0.0,4.0,0.034782608695652174,1.0,0.008695652173913044,0.0,0.0,114.85690743615245,147.97591271274308,audio_180.wav
58.0,34.0,0.5862068965517241,4.464418717230567,3.6379310344827585,0.05172413793103448,5.0,11.6,2.727636339397171,0.0,0.0,1.0,0.0,0.0,0.0,0.0,0.0,0.0,0.0,89.48157576283526,200.81690819292186,audio_320.wav
86.0,56.0,0.6511627906976745,6.038635299392551,4.348837209302325,0.06976744186046512,2.0,46.5,35.5,2.0,1.0,1.0,0.0,1.0,0.011627906976744186,0.0,0.0,0.0,0.0,114.51398135818907,210.9492728168849,audio_85.wav
94.0,47.0,0.5,4.8476798574163285,3.4574468085106385,0.02127659574468085,3.0,31.333333333333332,15.412837362262522,3.0,1.0,1.0,0.0,0.0,0.0,0.0,0.0,0.0,0.0,93.88313505584195,148.86934935577787,audio_296.wav
35.0,28.0,0.8,4.732863826479693,3.6,0.05714285714285714,2.0,18.0,4.0,0.0,0.0,1.0,1.0,0.0,0.0,0.0,0.0,0.0,0.0,104.37375745526839,104.37375745526839,audio_250.wav
115.0,77.0,0.6695652173913044,7.180287023450417,4.965217391304348,0.017391304347826087,7.0,16.571428571428573,3.155817433482074,0.0,0.0,0.0,2.0,1.0,0.008695652173913044,0.0,0.0,0.0,0.0,114.8570269300194,222.41742880192402,audio_346.wav
100.0,54.0,0.54,5.4,3.56,0.04,4.0,25.5,9.340770846134703,0.0,0.0,3.0,0.0,1.0,0.01,2.0,0.02,1.0,0.0,99.87567559132121,176.44996526210173,audio_335.wav
91.0,55.0,0.6043956043956044,5.7655666019705505,3.956043956043956,0.02197802197802198,7.0,13.0,10.703804397102395,1.0,0.14285714285714285,1.0,1.0,0.0,0.0,1.0,0.01098901098901099,0.0,0.0,126.91771269177127,126.91771269177127,audio_20.wav
1.0,1.0,1.0,1.0,3.0,0.0,1.0,1.0,0.0,0.0,0.0,0.0,0.0,0.0,0.0,0.0,0.0,0.0,0.0,0.9987567559132121,0.9987567559132121,audio_5071.wav
33.0,31.0,0.9393939393939394,5.396407334626633,4.7272727272727275,0.09090909090909091,2.0,16.5,7.5,0.0,0.0,0.0,0.0,1.0,0.030303030303030304,0.0,0.0,0.0,0.0,32.958972945136,67.13657820065865,audio_558.wav
57.0,37.0,0.6491228070175439,4.900769721140662,3.7719298245614037,0.017543859649122806,6.0,9.666666666666666,2.2110831935702664,0.0,0.0,1.0,0.0,0.0,0.0,0.0,0.0,0.0,0.0,56.9291350870531,195.34826068443078,audio_289.wav
131.0,78.0,0.5954198473282443,6.814891641956096,4.938931297709924,0.13740458015267176,14.0,9.928571428571429,5.848861741695505,0.0,0.0,1.0,1.0,0.0,0.0,0.0,0.0,0.0,0.0,128.77922902447892,206.48674803635893,audio_620.wav
92.0,49.0,0.532608695652174,5.108603144398332,4.239130434782608,0.09782608695652174,7.0,13.142857142857142,9.80420567815628,1.0,0.14285714285714285,0.0,0.0,0.0,0.0,0.0,0.0,0.0,0.0,91.88562154401552,142.6138943840303,audio_665.wav
123.0,64.0,0.5203252032520326,5.770685661871567,3.5853658536585367,0.056910569105691054,8.0,15.5,7.466592261534039,1.0,0.125,2.0,0.0,0.0,0.0,0.0,0.0,0.0,0.0,122.84708097732508,161.13951971796357,audio_751.wav
27.0,27.0,1.0,5.196152422706632,3.5925925925925926,0.0,2.0,14.0,6.0,0.0,0.0,1.0,0.0,0.0,0.0,0.0,0.0,0.0,0.0,26.96643240965673,48.52664867245689,audio_442.wav
133.0,81.0,0.6090225563909775,7.023590753145371,4.345864661654136,0.03007518796992481,7.0,19.285714285714285,11.485572138423876,0.0,0.0,1.0,5.0,0.0,0.0,1.0,0.007518796992481203,0.0,0.0,132.83464853645722,211.52799375800197,audio_362.wav
87.0,53.0,0.6091954022988506,5.682196434640312,4.344827586206897,0.13793103448275862,6.0,15.0,5.066228051190222,1.0,0.16666666666666666,3.0,0.0,0.0,0.0,2.0,0.022988505747126436,0.0,0.0,86.89183776444946,175.44905372411532,audio_311.wav
136.0,76.0,0.5588235294117647,6.516946235415335,4.3088235294117645,0.0661764705882353,8.0,17.0,6.96419413859206,0.0,0.0,2.0,2.0,0.0,0.0,0.0,0.0,0.0,0.125,135.97577931430965,208.7304759740388,audio_724.wav
94.0,55.0,0.5851063829787234,5.672816854423363,3.9361702127659575,0.07446808510638298,4.0,23.75,26.022826518270456,2.0,0.5,6.0,0.0,0.0,0.0,0.0,0.0,0.0,0.0,125.16644474034621,125.16644474034621,audio_39.wav
24.0,22.0,0.9166666666666666,4.4907311951024935,4.5,0.16666666666666666,3.0,8.0,2.160246899469287,0.0,0.0,0.0,0.0,0.0,0.0,0.0,0.0,0.0,0.0,23.9701372040666,117.694745634031,audio_290.wav
78.0,50.0,0.6410256410256411,5.661385170722978,3.7051282051282053,0.038461538461538464,3.0,26.333333333333332,6.79869268479038,1.0,0.3333333333333333,5.0,0.0,2.0,0.02564102564102564,0.0,0.0,0.0,0.0,103.86151797603196,112.45006657789614,audio_23.wav
83.0,55.0,0.6626506024096386,6.037034299432969,4.0120481927710845,0.10843373493975904,4.0,21.0,12.267844146385297,0.0,0.0,3.0,1.0,0.0,0.0,0.0,0.0,0.0,0.0,82.89681074079661,130.86102747068446,audio_624.wav
140.0,81.0,0.5785714285714286,6.845749463300984,4.057142857142857,0.07142857142857142,8.0,17.625,9.668731819633845,2.0,0.25,2.0,1.0,0.0,0.0,0.0,0.0,0.0,0.0,139.8258003570552,216.51725919136575,audio_206.wav
83.0,53.0,0.6385542168674698,5.8175057794535885,4.445783132530121,0.024096385542168676,6.0,14.666666666666666,7.386173268720112,2.0,0.3333333333333333,1.0,0.0,0.0,0.0,1.0,0.012048192771084338,0.0,0.0,82.89681074079661,176.21074283132162,audio_288.wav
80.0,57.0,0.7125,6.3727937358744,3.8375,0.025,3.0,27.0,18.239152027072603,1.0,0.3333333333333333,5.0,0.0,1.0,0.0125,0.0,0.0,0.0,0.3333333333333333,106.66666666666666,124.42600276625174,audio_60.wav
109.0,70.0,0.6422018348623854,6.704783996548059,3.8256880733944953,0.027522935779816515,3.0,37.0,20.848661028149188,0.0,0.0,4.0,0.0,1.0,0.009174311926605505,0.0,0.0,1.0,0.0,145.13981358189082,145.13981358189082,audio_80.wav
143.0,89.0,0.6223776223776224,7.442553889063108,3.727272727272727,0.027972027972027972,6.0,24.333333333333332,13.461880337539114,0.0,0.0,3.0,0.0,0.0,0.0,0.0,0.0,2.0,0.0,142.8220675075635,190.88504682459796,audio_214.wav
127.0,63.0,0.49606299212598426,5.590346009321517,4.338582677165355,0.06299212598425197,6.0,21.166666666666668,8.933395522171597,1.0,0.16666666666666666,1.0,0.0,3.0,0.023622047244094488,0.0,0.0,0.0,0.0,126.84210800097796,151.21835587569439,audio_599.wav
95.0,52.0,0.5473684210526316,5.335087430842802,3.431578947368421,0.021052631578947368,3.0,31.666666666666668,34.92213560989012,0.0,0.0,1.0,0.0,0.0,0.0,1.0,0.010526315789473684,0.0,0.0,123.01450276243094,123.01450276243094,audio_5063.wav
82.0,53.0,0.6463414634146342,5.852870881966866,4.414634146341464,0.024390243902439025,5.0,16.8,1.469693845669907,1.0,0.2,0.0,0.0,0.0,0.0,0.0,0.0,0.0,0.0,81.89796878056089,162.84678891631393,audio_207.wav
73.0,38.0,0.5205479452054794,4.447563593452962,3.684931506849315,0.0821917808219178,5.0,14.6,11.637869220780924,0.0,0.0,0.0,1.0,2.0,0.0273972602739726,0.0,0.0,0.0,0.0,72.90924318166448,205.06791817606336,audio_438.wav
129.0,77.0,0.5968992248062015,6.779471978707304,4.713178294573644,0.03875968992248062,4.0,35.75,4.437059837324712,1.0,0.25,1.0,0.0,0.0,0.0,0.0,0.0,0.0,0.0,128.83962151280437,174.37050421104126,audio_332.wav
98.0,68.0,0.6938775510204082,6.869037302955033,4.744897959183674,0.11224489795918367,3.0,34.0,22.642143596988927,0.0,0.0,0.0,0.0,0.0,0.0,0.0,0.0,0.0,0.0,97.86950732356857,131.67658176195184,audio_159.wav
68.0,45.0,0.6617647058823529,5.457051563317492,4.235294117647059,0.029411764705882353,4.0,17.0,8.06225774829855,0.0,0.0,1.0,0.0,0.0,0.0,0.0,0.0,0.0,0.0,67.91545940209843,144.67269730741435,audio_478.wav
98.0,69.0,0.7040816326530612,6.970052557410254,4.520408163265306,0.08163265306122448,9.0,11.11111111111111,5.152010275275392,1.0,0.1111111111111111,0.0,0.0,0.0,0.0,0.0,0.0,0.0,0.0,130.49267643142477,195.78248322689444,audio_46.wav
82.0,39.0,0.47560975609756095,4.306829516919015,3.841463414634146,0.08536585365853659,3.0,27.333333333333332,12.657891697365017,1.0,0.3333333333333333,1.0,0.0,0.0,0.0,2.0,0.024390243902439025,0.0,0.0,109.18774966711051,137.4075508523794,audio_130.wav
62.0,37.0,0.5967741935483871,4.699004699007048,4.193548387096774,0.11290322580645161,6.0,10.333333333333334,2.9249881291307074,1.0,0.16666666666666666,0.0,1.0,3.0,0.04838709677419355,0.0,0.0,0.0,0.0,61.922918866619156,152.83482441185697,audio_437.wav
116.0,77.0,0.6637931034482759,7.149270519816497,4.75,0.08620689655172414,5.0,23.2,14.647866738880445,1.0,0.2,0.0,0.0,0.0,0.0,2.0,0.017241379310344827,0.0,0.0,115.85578368593261,158.18871783402122,audio_771.wav
109.0,74.0,0.6788990825688074,7.08791451063652,4.36697247706422,0.08256880733944955,8.0,14.125,6.584783595532961,0.0,0.0,2.0,0.0,0.0,0.0,0.0,0.0,0.0,0.0,108.86448639454012,169.7562297583,audio_759.wav
89.0,59.0,0.6629213483146067,6.253987492037524,3.831460674157303,0.07865168539325842,3.0,30.0,23.25224003546038,0.0,0.0,1.0,0.0,2.0,0.02247191011235955,0.0,0.0,0.0,0.0,118.508655126498,118.508655126498,audio_25.wav
79.0,58.0,0.7341772151898734,6.525509825370939,3.8607594936708862,0.05063291139240506,7.0,11.714285714285714,8.066053836281773,1.0,0.14285714285714285,1.0,1.0,0.0,0.0,0.0,0.0,0.0,0.0,78.44694900948313,152.74647711711097,audio_191.wav
43.0,35.0,0.813953488372093,5.3374499616411635,4.0,0.023255813953488372,4.0,12.25,5.356071321407137,1.0,0.25,1.0,1.0,0.0,0.0,0.0,0.0,0.0,0.0,63.785601265822784,107.94691750427857,audio_182.wav
76.0,40.0,0.5263157894736842,4.588314677411235,3.3421052631578947,0.0,3.0,25.666666666666668,17.93197020841702,0.0,0.0,0.0,0.0,0.0,0.0,2.0,0.02631578947368421,0.0,0.0,93.63449691991785,183.8695970174103,audio_236.wav
92.0,58.0,0.6304347826086957,6.046918007655169,3.6956521739130435,0.09782608695652174,6.0,15.5,9.535023160258536,1.0,0.16666666666666666,0.0,1.0,4.0,0.043478260869565216,0.0,0.0,1.0,0.16666666666666666,122.50332889480691,175.60629959968506,audio_24.wav
120.0,61.0,0.5083333333333333,5.5685126679691885,4.066666666666666,0.075,6.0,20.0,14.2828568570857,1.0,0.16666666666666666,5.0,1.0,0.0,0.0,1.0,0.008333333333333333,0.0,0.16666666666666666,119.85081070958546,179.7462832944707,audio_428.wav
127.0,91.0,0.7165354330708661,8.074944235686637,4.448818897637795,0.06299212598425197,6.0,22.333333333333332,14.659088951530682,1.0,0.16666666666666666,3.0,1.0,1.0,0.007874015748031496,0.0,0.0,0.0,0.0,137.8569530583054,211.45465453835018,audio_678.wav
145.0,29.0,0.2,2.4083189157584592,2.503448275862069,0.020689655172413793,3.0,48.666666666666664,47.6118565998942,0.0,0.0,1.0,0.0,1.0,0.006896551724137931,111.0,0.7655172413793103,0.0,0.3333333333333333,144.81972960741578,244.96971163169908,audio_591.wav
138.0,74.0,0.5362318840579711,6.29929832761474,3.8840579710144927,0.07246376811594203,9.0,15.555555555555555,4.4748956812449485,3.0,0.3333333333333333,2.0,1.0,5.0,0.036231884057971016,0.0,0.0,0.0,0.1111111111111111,137.82843231602328,176.88816756950627,audio_597.wav
77.0,43.0,0.5584415584415584,4.900304787764432,3.909090909090909,0.07792207792207792,5.0,15.4,8.260750571225353,0.0,0.0,1.0,0.0,0.0,0.0,0.0,0.0,0.0,0.0,76.90427020531733,165.99933234469106,audio_580.wav
100.0,62.0,0.62,6.2,3.93,0.13,6.0,16.666666666666668,10.044346115546244,2.0,0.3333333333333333,1.0,1.0,1.0,0.01,0.0,0.0,0.0,0.0,133.15579227696404,157.9077641957467,audio_19.wav
94.0,41.0,0.43617021276595747,4.228827109661053,3.3191489361702127,0.0851063829787234,4.0,23.5,24.984995497297973,0.0,0.0,1.0,0.0,0.0,0.0,0.0,0.0,0.0,0.0,93.88313505584195,185.02403216617355,audio_476.wav
42.0,29.0,0.6904761904761905,4.474797148900666,5.0,0.16666666666666666,2.0,21.0,11.0,0.0,0.0,0.0,0.0,1.0,0.023809523809523808,1.0,0.023809523809523808,0.0,0.0,41.947783748354915,115.44291540278243,audio_375.wav
26.0,22.0,0.8461538461538461,4.314554973040049,4.038461538461538,0.23076923076923078,1.0,26.0,0.0,0.0,0.0,0.0,0.0,0.0,0.0,0.0,0.0,0.0,0.0,25.967675653743516,90.60772359135956,audio_642.wav
49.0,39.0,0.7959183673469388,5.571428571428571,4.959183673469388,0.10204081632653061,1.0,49.0,0.0,1.0,1.0,2.0,0.0,0.0,0.0,1.0,0.02040816326530612,0.0,0.0,49.03268845897264,108.21131613515539,audio_66.wav
136.0,79.0,0.5808823529411765,6.774194113129099,4.110294117647059,0.09558823529411764,6.0,23.0,14.95548951611637,4.0,0.6666666666666666,7.0,0.0,4.0,0.029411764705882353,0.0,0.0,0.0,0.16666666666666666,135.83077748971073,172.81013110714258,audio_186.wav
131.0,83.0,0.6335877862595419,7.251743670286615,4.473282442748092,0.05343511450381679,8.0,16.5,12.010412149464313,0.0,0.0,1.0,3.0,0.0,0.0,0.0,0.0,0.0,0.0,130.83713502463078,233.34630110570478,audio_713.wav
114.0,64.0,0.5614035087719298,5.9941491941228415,4.0964912280701755,0.043859649122807015,10.0,11.8,5.6000000000000005,1.0,0.1,0.0,2.0,0.0,0.0,0.0,0.0,0.0,0.0,113.8582701741062,177.77402818395936,audio_354.wav
150.0,92.0,0.6133333333333333,7.511768544535079,4.033333333333333,0.07333333333333333,9.0,17.22222222222222,11.867582153616613,3.0,0.3333333333333333,4.0,0.0,1.0,0.006666666666666667,0.0,0.0,0.0,0.0,149.81351338698184,221.47467944087293,audio_768.wav
76.0,56.0,0.7368421052631579,6.423640548375729,4.842105263157895,0.14473684210526316,3.0,25.666666666666668,5.90668171555645,0.0,0.0,1.0,1.0,0.0,0.0,0.0,0.0,0.0,0.0,101.19840213049267,110.89966014494865,audio_14.wav
117.0,66.0,0.5641025641025641,6.1017021584775195,3.948717948717949,0.07692307692307693,8.0,15.125,20.36195901675475,0.0,0.0,6.0,2.0,0.0,0.0,0.0,0.0,0.0,0.0,116.85441886982468,176.53101517315653,audio_208.wav
127.0,49.0,0.3858267716535433,4.348046896138958,4.377952755905512,0.1968503937007874,3.0,42.333333333333336,35.78019315518325,0.0,0.0,1.0,0.0,0.0,0.0,0.0,0.0,0.0,0.0,125.71145756000989,215.01875044133783,audio_418.wav
148.0,86.0,0.581081081081081,7.069156454130364,4.297297297297297,0.13513513513513514,12.0,12.75,10.409330750181141,0.0,0.0,0.0,1.0,0.0,0.0,1.0,0.006756756756756757,0.0,0.0,147.81584609174402,214.09410414397564,audio_212.wav
113.0,74.0,0.6548672566371682,6.961334426038619,4.601769911504425,0.04424778761061947,11.0,10.454545454545455,4.924219114163942,0.0,0.0,1.0,1.0,0.0,0.0,1.0,0.008849557522123894,0.0,0.0,112.84953395472702,174.77418796598516,audio_177.wav
134.0,71.0,0.5298507462686567,6.133465821627657,3.917910447761194,0.04477611940298507,4.0,33.5,28.376927247325423,2.0,0.5,3.0,0.0,0.0,0.0,0.0,0.0,0.0,0.0,133.83340529237043,171.5410029414481,audio_503.wav
51.0,33.0,0.6470588235294118,4.620924277292432,4.0588235294117645,0.0196078431372549,1.0,51.0,0.0,0.0,0.0,0.0,0.0,2.0,0.0392156862745098,0.0,0.0,0.0,0.0,50.93659455157382,175.68882842171212,audio_564.wav
101.0,75.0,0.7425742574257426,7.462778926574919,4.851485148514851,0.1188118811881188,9.0,11.222222222222221,7.799968344348553,0.0,0.0,0.0,0.0,0.0,0.0,1.0,0.009900990099009901,0.0,0.0,100.86551264980028,149.24815692897275,audio_257.wav
98.0,56.0,0.5714285714285714,5.656854249492381,3.806122448979592,0.07142857142857142,3.0,32.666666666666664,27.10883414846328,2.0,0.6666666666666666,0.0,0.0,4.0,0.04081632653061224,0.0,0.0,0.0,0.0,172.48112112728734,198.52810124346888,audio_408.wav
108.0,66.0,0.6111111111111112,6.3508529610858835,4.268518518518518,0.07407407407407407,4.0,27.5,24.109126902482387,2.0,0.5,4.0,0.0,1.0,0.009259259259259259,0.0,0.0,0.0,0.25,107.86572963862692,143.6216644079722,audio_468.wav
125.0,67.0,0.536,5.992662179699436,4.472,0.128,6.0,21.0,9.521904571390467,2.0,0.3333333333333333,7.0,0.0,0.0,0.0,1.0,0.008,1.0,0.0,124.8445944891515,195.69088747255415,audio_574.wav
115.0,69.0,0.6,6.434283176858165,3.8521739130434782,0.06086956521739131,3.0,39.0,12.355835328567093,3.0,1.0,2.0,4.0,0.0,0.0,0.0,0.0,0.0,0.0,153.12916111850865,153.12916111850865,audio_26.wav
116.0,54.0,0.46551724137931033,5.0137741307804005,4.293103448275862,0.1206896551724138,2.0,58.0,20.0,0.0,0.0,0.0,5.0,4.0,0.034482758620689655,0.0,0.0,0.0,0.0,114.66168316678764,190.51672876672166,audio_480.wav
138.0,62.0,0.4492753623188406,5.277790490704241,3.5579710144927534,0.036231884057971016,8.0,17.375,13.536409235835034,2.0,0.25,1.0,1.0,0.0,0.0,0.0,0.0,0.0,0.0,137.82843231602328,200.59615512790106,audio_706.wav
117.0,71.0,0.6068376068376068,6.563952321998544,4.188034188034188,0.05128205128205128,5.0,23.8,9.57914401186244,3.0,0.6,6.0,0.0,0.0,0.0,0.0,0.0,0.0,0.2,155.79227696404794,173.85738737514168,audio_57.wav
120.0,74.0,0.6166666666666667,6.7552448758970485,4.091666666666667,0.075,5.0,24.4,19.12694434560837,2.0,0.4,6.0,1.0,0.0,0.0,0.0,0.0,0.0,0.0,119.97850385139328,172.27167175790052,audio_209.wav
133.0,88.0,0.6616541353383458,7.630567731812255,4.015037593984962,0.09774436090225563,8.0,16.875,10.337280832017674,1.0,0.125,3.0,0.0,0.0,0.0,0.0,0.0,0.0,0.0,132.83464853645722,233.71581144489474,audio_712.wav
86.0,48.0,0.5581395348837209,5.1759731137650435,3.686046511627907,0.08139534883720931,5.0,17.4,16.3902409988383,0.0,0.0,0.0,0.0,1.0,0.011627906976744186,0.0,0.0,0.0,0.0,92.14285714285715,148.8645640074212,audio_353.wav
113.0,72.0,0.6371681415929203,6.7731902523619,4.04424778761062,0.061946902654867256,9.0,12.777777777777779,7.2995856469585965,0.0,0.0,5.0,1.0,1.0,0.008849557522123894,0.0,0.0,0.0,0.0,112.85951341819296,184.11338714377854,audio_575.wav
76.0,46.0,0.6052631578947368,5.27656187902292,4.276315789473684,0.06578947368421052,3.0,25.333333333333332,17.745108872274887,1.0,0.3333333333333333,2.0,0.0,0.0,0.0,1.0,0.013157894736842105,0.0,0.0,75.90551344940413,124.70933194628502,audio_383.wav
91.0,56.0,0.6153846153846154,5.870395085642743,4.329670329670329,0.13186813186813187,6.0,16.0,10.64581294844754,1.0,0.16666666666666666,7.0,0.0,0.0,0.0,0.0,0.0,0.0,0.0,90.0767136847315,155.2516737569604,audio_781.wav
87.0,57.0,0.6551724137931034,6.11104144857543,4.551724137931035,0.022988505747126436,13.0,6.769230769230769,4.299442649994498,2.0,0.15384615384615385,0.0,0.0,0.0,0.0,0.0,0.0,0.0,0.07692307692307693,115.84553928095872,201.29950189870294,audio_118.wav
142.0,91.0,0.6408450704225352,7.636550360499871,4.28169014084507,0.09154929577464789,9.0,16.555555555555557,11.186411509913972,1.0,0.1111111111111111,4.0,1.0,1.0,0.007042253521126761,1.0,0.007042253521126761,0.0,0.0,141.82345933967613,179.18154288549448,audio_337.wav
148.0,85.0,0.5743243243243243,6.986956960477685,4.574324324324325,0.10135135135135136,5.0,30.2,26.11819289307742,3.0,0.6,3.0,0.0,1.0,0.006756756756756757,0.0,0.0,0.0,0.0,147.8159998751554,197.16461111734966,audio_715.wav
73.0,46.0,0.6301369863013698,5.383892771022007,4.904109589041096,0.0410958904109589,1.0,74.0,0.0,0.0,0.0,0.0,0.0,5.0,0.0684931506849315,0.0,0.0,0.0,0.0,72.90924318166448,126.61075919777188,audio_323.wav
76.0,49.0,0.6447368421052632,5.620685479828762,4.0,0.11842105263157894,3.0,26.0,9.899494936611665,1.0,0.3333333333333333,1.0,0.0,0.0,0.0,0.0,0.0,0.0,0.3333333333333333,75.90551344940413,140.3796144945093,audio_374.wav
73.0,49.0,0.6712328767123288,5.7350162126103985,4.410958904109589,0.0821917808219178,8.0,9.875,4.675401052316261,2.0,0.25,2.0,0.0,2.0,0.0273972602739726,0.0,0.0,1.0,0.0,76.04166666666667,114.08231283654683,audio_348.wav
80.0,62.0,0.775,6.931810730249348,4.6875,0.075,3.0,27.0,4.96655480858378,1.0,0.3333333333333333,0.0,0.0,2.0,0.025,0.0,0.0,0.0,0.0,79.90054047305696,157.26081466427632,audio_547.wav
101.0,61.0,0.6039603960396039,6.069726860280934,4.2772277227722775,0.0594059405940594,3.0,34.0,35.364765892999586,1.0,0.3333333333333333,2.0,0.0,0.0,0.0,0.0,0.0,0.0,0.0,138.35616438356163,138.35616438356163,audio_41.wav
110.0,72.0,0.6545454545454545,6.864930642568265,4.4,0.06363636363636363,2.0,56.5,25.5,1.0,0.5,3.0,0.0,0.0,0.0,0.0,0.0,1.0,0.0,109.86324315045334,194.72514023567658,audio_284.wav
108.0,65.0,0.6018518518518519,6.2546279162209455,3.8981481481481484,0.05555555555555555,6.0,18.166666666666668,6.718548123582124,2.0,0.3333333333333333,2.0,0.0,1.0,0.009259259259259259,0.0,0.0,0.0,0.0,143.92943459664914,197.16360903650565,audio_13.wav
129.0,81.0,0.627906976744186,7.131652341237553,3.9069767441860463,0.031007751937984496,7.0,18.571428571428573,10.349011586442762,3.0,0.42857142857142855,4.0,1.0,1.0,0.007751937984496124,0.0,0.0,0.0,0.0,128.83962151280437,168.92618497475772,audio_548.wav
120.0,75.0,0.625,6.846531968814577,4.083333333333333,0.06666666666666667,6.0,20.5,8.597480251019288,5.0,0.8333333333333334,4.0,0.0,1.0,0.008333333333333333,0.0,0.0,0.0,0.0,117.96570597662192,175.02645237436045,audio_687.wav
113.0,51.0,0.45132743362831856,4.797676428756346,3.584070796460177,0.04424778761061947,11.0,10.363636363636363,6.95796113387362,0.0,0.0,2.0,0.0,0.0,0.0,0.0,0.0,0.0,0.09090909090909091,150.46604527296935,212.24524519556974,audio_104.wav
98.0,65.0,0.6632653061224489,6.56599153958937,4.183673469387755,0.05102040816326531,3.0,32.666666666666664,17.78263822446552,2.0,0.6666666666666666,0.0,0.0,8.0,0.08163265306122448,0.0,0.0,0.0,0.0,97.87806024993861,136.33907487842296,audio_181.wav
99.0,55.0,0.5555555555555556,5.527707983925667,4.171717171717172,0.04040404040404041,2.0,50.5,26.5,0.0,0.0,0.0,0.0,0.0,0.0,0.0,0.0,0.0,0.0,118.23248407643312,176.87326036099108,audio_755.wav
133.0,70.0,0.5263157894736842,6.069769786668839,4.0,0.07518796992481203,8.0,16.75,13.045593125649749,3.0,0.375,6.0,0.0,5.0,0.03759398496240601,0.0,0.0,0.0,0.0,132.97631359414103,214.15433698020192,audio_733.wav
272.0,20.0,0.07352941176470588,1.212678125181665,3.474264705882353,0.0,13.0,22.846153846153847,55.20708727334835,0.0,0.0,0.0,0.0,0.0,0.0,29.0,0.10661764705882353,0.0,0.46153846153846156,271.66183760839374,271.66183760839374,audio_5072.wav
73.0,56.0,0.7671232876712328,6.554304242983312,3.6986301369863015,0.0136986301369863,5.0,14.8,11.6,0.0,0.0,0.0,0.0,0.0,0.0,0.0,0.0,0.0,0.2,72.90924318166448,128.43062637309924,audio_776.wav
66.0,44.0,0.6666666666666666,5.41602560309064,4.166666666666667,0.09090909090909091,3.0,22.333333333333332,9.392668535736915,1.0,0.3333333333333333,1.0,0.0,0.0,0.0,0.0,0.0,0.0,0.0,65.13157894736842,127.69991511035653,audio_70.wav
94.0,54.0,0.574468085106383,5.569674729797484,3.893617021276596,0.0851063829787234,5.0,19.6,12.815615474880634,3.0,0.6,2.0,0.0,1.0,0.010638297872340425,0.0,0.0,0.0,0.0,123.5216819973719,163.92932731491868,audio_49.wav
131.0,81.0,0.6183206106870229,7.077002858954407,4.67175572519084,0.1450381679389313,5.0,26.8,15.929846201391904,1.0,0.2,1.0,0.0,0.0,0.0,0.0,0.0,0.0,0.0,130.83713502463078,217.69936154694042,audio_527.wav
108.0,64.0,0.5925925925925926,6.158402871356008,4.037037037037037,0.10185185185185185,8.0,13.625,7.448783457719791,0.0,0.0,1.0,0.0,0.0,0.0,1.0,0.009259259259259259,1.0,0.0,107.86572963862692,146.18228537123775,audio_273.wav
70.0,57.0,0.8142857142857143,6.812803073206044,6.085714285714285,0.32857142857142857,3.0,23.666666666666668,15.173075568988056,0.0,0.0,1.0,0.0,0.0,0.0,0.0,0.0,0.0,0.0,69.90679094540613,135.96508627529442,audio_139.wav
118.0,66.0,0.559322033898305,6.0757924781289345,4.432203389830509,0.1016949152542373,6.0,19.666666666666668,12.47219128924647,0.0,0.0,1.0,0.0,1.0,0.00847457627118644,1.0,0.00847457627118644,0.0,0.0,117.85329719775903,184.15536031031564,audio_467.wav
120.0,71.0,0.5916666666666667,6.4813835971444655,4.166666666666667,0.075,11.0,11.0,4.69041575982343,0.0,0.0,3.0,0.0,1.0,0.008333333333333333,3.0,0.025,0.0,0.09090909090909091,119.85081070958546,180.42219060192042,audio_407.wav
129.0,86.0,0.6666666666666666,7.571877794400365,4.209302325581396,0.06201550387596899,8.0,16.625,6.9450971915445505,1.0,0.125,1.0,0.0,2.0,0.015503875968992248,1.0,0.007751937984496124,0.0,0.0,128.83962151280437,172.4658776603634,audio_404.wav
152.0,70.0,0.4605263157894737,5.677749739576689,4.171052631578948,0.046052631578947366,5.0,30.6,17.2,1.0,0.2,4.0,0.0,1.0,0.006578947368421052,0.0,0.0,0.0,0.0,151.81102689880825,198.6977368193861,audio_534.wav
72.0,48.0,0.6666666666666666,5.656854249492381,3.9444444444444446,0.06944444444444445,5.0,14.8,6.764613810115105,1.0,0.2,3.0,1.0,0.0,0.0,0.0,0.0,0.0,0.0,95.8721704394141,168.1496322660129,audio_96.wav
90.0,62.0,0.6888888888888889,6.535373831014651,4.144444444444445,0.044444444444444446,2.0,45.0,23.0,0.0,0.0,0.0,0.0,1.0,0.011111111111111112,0.0,0.0,0.0,0.0,119.84021304926763,120.61683118969866,audio_137.wav
126.0,62.0,0.49206349206349204,5.523398999523437,3.7857142857142856,0.03968253968253968,7.0,18.142857142857142,15.788138146166856,1.0,0.14285714285714285,2.0,0.0,0.0,0.0,0.0,0.0,0.0,0.0,128.957423580786,226.05160101208676,audio_150.wav
102.0,69.0,0.6764705882352942,6.832018046539053,4.490196078431373,0.06862745098039216,6.0,17.5,18.445866745696716,1.0,0.16666666666666666,2.0,0.0,1.0,0.00980392156862745,1.0,0.00980392156862745,0.0,0.0,101.87318910314764,148.69919799815304,audio_339.wav
120.0,66.0,0.55,6.024948132556827,3.85,0.06666666666666667,7.0,17.571428571428573,7.7433315616386595,3.0,0.42857142857142855,1.0,0.0,1.0,0.008333333333333333,0.0,0.0,0.0,0.0,120.57877813504821,172.43285258459585,audio_409.wav
101.0,57.0,0.5643564356435643,5.671711984196938,3.98019801980198,0.009900990099009901,2.0,51.5,38.5,1.0,0.5,3.0,4.0,0.0,0.0,2.0,0.019801980198019802,0.0,0.0,134.4873501997337,182.83459864159386,audio_78.wav
100.0,64.0,0.64,6.4,3.9,0.08,6.0,16.666666666666668,10.29023269362209,1.0,0.16666666666666666,3.0,0.0,0.0,0.0,0.0,0.0,0.0,0.0,99.86684420772303,130.76090392665895,audio_244.wav
84.0,53.0,0.6309523809523809,5.782774091253798,3.857142857142857,0.05952380952380952,5.0,16.8,10.342146779078316,2.0,0.4,0.0,0.0,0.0,0.0,0.0,0.0,0.0,0.0,117.30392976892696,170.38227201810665,audio_752.wav
114.0,60.0,0.5263157894736842,5.619514869490164,3.763157894736842,0.07894736842105263,3.0,38.0,19.200694431886227,0.0,0.0,5.0,1.0,0.0,0.0,0.0,0.0,0.0,0.0,113.8582701741062,152.1065433582887,audio_508.wav
74.0,49.0,0.6621621621621622,5.696134298447145,4.243243243243243,0.06756756756756757,8.0,9.75,4.115519408288582,5.0,0.625,1.0,1.0,0.0,0.0,0.0,0.0,0.0,0.0,73.9079999375777,134.24607974142594,audio_664.wav
80.0,55.0,0.6875,6.149186938124421,4.1375,0.0375,7.0,12.142857142857142,6.957597521077669,0.0,0.0,1.0,0.0,1.0,0.0125,0.0,0.0,1.0,0.14285714285714285,79.90054047305696,125.63570189596942,audio_701.wav
34.0,30.0,0.8823529411764706,5.144957554275265,3.7058823529411766,0.08823529411764706,2.0,18.0,2.0,0.0,0.0,0.0,0.0,0.0,0.0,0.0,0.0,0.0,0.0,84.54907161803713,84.54907161803713,audio_5044.wav
121.0,61.0,0.5041322314049587,5.545454545454546,3.9173553719008263,0.06611570247933884,10.0,12.4,8.200000000000001,1.0,0.1,2.0,0.0,0.0,0.0,0.0,0.0,0.0,0.0,120.84956746549867,187.61676645044457,audio_734.wav
78.0,46.0,0.5897435897435898,5.20847435706514,4.346153846153846,0.10256410256410256,7.0,11.142857142857142,4.763809143009447,0.0,0.0,1.0,0.0,0.0,0.0,1.0,0.01282051282051282,0.0,0.0,104.16970981891332,185.57166473492254,audio_51.wav
63.0,51.0,0.8095238095238095,6.425396041156863,4.253968253968254,0.031746031746031744,3.0,21.0,8.524474568362947,0.0,0.0,1.0,0.0,0.0,0.0,0.0,0.0,0.0,0.0,62.92167562253236,156.3926581594813,audio_704.wav
86.0,63.0,0.7325581395348837,6.79346471181662,4.9186046511627906,0.11627906976744186,5.0,17.2,4.166533331199932,1.0,0.2,1.0,0.0,0.0,0.0,0.0,0.0,0.0,0.0,114.51398135818907,114.53941195587022,audio_129.wav
120.0,68.0,0.5666666666666667,6.207522318391883,4.191666666666666,0.1,3.0,40.666666666666664,23.907228102721476,1.0,0.3333333333333333,2.0,0.0,0.0,0.0,2.0,0.016666666666666666,0.0,0.0,159.78695073235684,247.2279031599228,audio_107.wav
110.0,87.0,0.7909090909090909,8.295124526436654,4.709090909090909,0.11818181818181818,9.0,12.666666666666666,6.99205898780101,1.0,0.1111111111111111,2.0,0.0,1.0,0.00909090909090909,0.0,0.0,0.0,0.0,121.23438648052903,153.61060098417673,audio_143.wav
155.0,95.0,0.6129032258064516,7.630583624573739,4.012903225806451,0.07096774193548387,10.0,15.5,6.34428877022476,2.0,0.2,1.0,1.0,1.0,0.0064516129032258064,0.0,0.0,0.0,0.0,161.9382088197556,266.1572450140901,audio_458.wav
95.0,54.0,0.5684210526315789,5.540283101259832,4.189473684210526,0.08421052631578947,10.0,9.7,4.124318125460256,1.0,0.1,0.0,0.0,0.0,0.0,0.0,0.0,0.0,0.0,94.88189181175515,151.29202345448476,audio_424.wav
105.0,54.0,0.5142857142857142,5.269860393922079,4.0,0.06666666666666667,5.0,21.0,15.297058540778355,1.0,0.2,1.0,2.0,1.0,0.009523809523809525,0.0,0.0,0.0,0.0,104.98130020590081,172.11883572976197,audio_563.wav
76.0,52.0,0.6842105263157895,5.9648090806346055,4.355263157894737,0.013157894736842105,5.0,15.4,11.84229707446997,0.0,0.0,2.0,0.0,1.0,0.013157894736842105,1.0,0.013157894736842105,0.0,0.0,75.90551344940413,125.81082204351969,audio_625.wav
92.0,54.0,0.5869565217391305,5.629889179541019,4.130434782608695,0.043478260869565216,7.0,13.285714285714286,4.060762972443399,1.0,0.14285714285714285,2.0,1.0,3.0,0.03260869565217391,0.0,0.0,0.0,0.0,91.88562154401552,163.48834292498165,audio_302.wav
91.0,58.0,0.6373626373626373,6.080052052987126,4.274725274725275,0.04395604395604396,2.0,46.0,35.0,1.0,0.5,0.0,0.0,1.0,0.01098901098901099,0.0,0.0,0.0,0.0,90.88686478810232,172.44095515088605,audio_154.wav
86.0,57.0,0.6627906976744186,6.146468072595989,4.3023255813953485,0.11627906976744186,2.0,44.5,27.5,0.0,0.0,3.0,1.0,0.0,0.0,0.0,0.0,0.0,0.0,111.66897506925208,149.9851688993531,audio_754.wav
74.0,41.0,0.5540540540540541,4.766153188496591,3.77027027027027,0.02702702702702703,4.0,18.5,13.35102992281869,0.0,0.0,1.0,0.0,0.0,0.0,0.0,0.0,0.0,0.0,73.9079999375777,125.76297524090509,audio_749.wav
139.0,75.0,0.539568345323741,6.361416972599782,3.9568345323741005,0.07194244604316546,5.0,28.6,10.403845442911962,0.0,0.0,1.0,0.0,0.0,0.0,0.0,0.0,0.0,0.0,138.8271890719365,253.1604222219795,audio_366.wav
74.0,51.0,0.6891891891891891,5.928629575934783,3.7162162162162162,0.02702702702702703,4.0,18.75,4.085033659592048,0.0,0.0,0.0,0.0,0.0,0.0,0.0,0.0,0.0,0.0,178.18936131254122,178.2609520563389,audio_693.wav
112.0,70.0,0.625,6.614378277661476,4.178571428571429,0.0625,4.0,30.0,18.66815470259447,2.0,0.5,3.0,0.0,1.0,0.008928571428571428,0.0,0.0,0.0,0.0,146.78478254637196,201.10394159646648,audio_608.wav
139.0,89.0,0.6402877697841727,7.548881474151742,4.107913669064748,0.07913669064748201,8.0,17.875,8.491723912139395,1.0,0.125,3.0,0.0,0.0,0.0,0.0,0.0,0.0,0.0,138.82704464021907,234.17314692823467,audio_220.wav
106.0,72.0,0.6792452830188679,6.993258208972302,4.3584905660377355,0.03773584905660377,3.0,37.666666666666664,19.39644870130154,2.0,0.6666666666666666,3.0,0.0,0.0,0.0,0.0,0.0,0.0,0.0,105.86821612680049,167.21163541331853,audio_761.wav
74.0,53.0,0.7162162162162162,6.161124853422422,4.554054054054054,0.0945945945945946,2.0,37.0,5.0,3.0,1.5,2.0,0.0,0.0,0.0,0.0,0.0,0.0,0.0,73.9079999375777,198.93211099289738,audio_640.wav
119.0,65.0,0.5462184873949579,5.958540230683374,4.176470588235294,0.1092436974789916,8.0,14.875,8.908387901298417,0.0,0.0,1.0,0.0,1.0,0.008403361344537815,1.0,0.008403361344537815,0.0,0.0,118.88111888111888,163.594370332853,audio_67.wav
107.0,64.0,0.5981308411214953,6.187113529892247,4.299065420560748,0.07476635514018691,11.0,10.0,5.063236478416116,0.0,0.0,3.0,0.0,3.0,0.028037383177570093,0.0,0.0,0.0,0.0,106.86697288271371,164.1688851779728,audio_299.wav
85.0,51.0,0.6,5.531726674375733,4.435294117647059,0.058823529411764705,8.0,12.125,7.833222516946649,2.0,0.25,0.0,0.0,1.0,0.011764705882352941,0.0,0.0,0.0,0.125,113.18242343541944,139.62575599921368,audio_102.wav
64.0,48.0,0.75,6.0,4.515625,0.125,4.0,16.25,9.934158243152764,0.0,0.0,2.0,1.0,2.0,0.03125,0.0,0.0,0.0,0.0,63.91478029294275,144.3671193830064,audio_258.wav
112.0,76.0,0.6785714285714286,7.181324987175317,4.321428571428571,0.026785714285714284,10.0,11.3,9.508417323613852,0.0,0.0,2.0,0.0,1.0,0.008928571428571428,2.0,0.017857142857142856,0.0,0.0,111.86075666227975,158.0898667349941,audio_679.wav
75.0,67.0,0.8933333333333333,7.736493607140985,5.586666666666667,0.18666666666666668,5.0,15.0,2.280350850198276,0.0,0.0,0.0,1.0,0.0,0.0,0.0,0.0,0.0,0.0,99.86684420772303,159.8437335862063,audio_82.wav
104.0,69.0,0.6634615384615384,6.766006662267349,4.173076923076923,0.038461538461538464,7.0,15.571428571428571,12.545427657200085,0.0,0.0,0.0,0.0,2.0,0.019230769230769232,0.0,0.0,0.0,0.0,107.65546369809026,164.23269001230517,audio_325.wav
115.0,61.0,0.5304347826086957,5.688279330265914,3.765217391304348,0.008695652173913044,8.0,14.625,8.380595145930867,3.0,0.375,4.0,0.0,0.0,0.0,3.0,0.02608695652173913,0.0,0.0,114.8570269300194,170.25831812262814,audio_399.wav
46.0,40.0,0.8695652173913043,5.897678246195885,4.6521739130434785,0.08695652173913043,3.0,15.333333333333334,5.436502143433364,0.0,0.0,0.0,0.0,0.0,0.0,0.0,0.0,0.0,0.0,124.63872832369944,186.28436962974538,audio_285.wav
84.0,53.0,0.6309523809523809,5.782774091253798,4.654761904761905,0.08333333333333333,7.0,12.142857142857142,6.057547156318341,0.0,0.0,2.0,0.0,0.0,0.0,0.0,0.0,0.0,0.2857142857142857,83.14773570898292,133.0188168945186,audio_784.wav
84.0,46.0,0.5476190476190477,5.019011475427825,3.488095238095238,0.047619047619047616,3.0,28.333333333333332,15.923427883328248,0.0,0.0,3.0,0.0,0.0,0.0,0.0,0.0,0.0,0.0,111.85086551264979,145.97980245406396,audio_0.wav
140.0,69.0,0.4928571428571429,5.831564357626764,3.9857142857142858,0.11428571428571428,4.0,35.0,26.842131062939096,2.0,0.5,0.0,0.0,0.0,0.0,0.0,0.0,0.0,0.0,137.62665697272556,170.87102852881537,audio_435.wav
89.0,69.0,0.7752808988764045,7.313985372043884,4.98876404494382,0.2247191011235955,4.0,22.25,7.8859051477937525,0.0,0.0,2.0,2.0,0.0,0.0,0.0,0.0,0.0,0.0,118.508655126498,205.1356582205023,audio_91.wav
82.0,48.0,0.5853658536585366,5.300713251592634,4.439024390243903,0.08536585365853659,1.0,82.0,0.0,0.0,0.0,1.0,0.0,1.0,0.012195121951219513,0.0,0.0,0.0,0.0,109.18774966711051,172.25275814384088,audio_109.wav
52.0,34.0,0.6538461538461539,4.714951667914447,3.519230769230769,0.09615384615384616,5.0,10.6,5.817215828899595,0.0,0.0,0.0,0.0,0.0,0.0,0.0,0.0,0.0,0.0,51.93535130748703,211.86941888686118,audio_772.wav
116.0,65.0,0.5603448275862069,6.035098490754186,3.853448275862069,0.08620689655172414,6.0,20.166666666666668,16.46629554237652,1.0,0.16666666666666666,1.0,5.0,2.0,0.017241379310344827,2.0,0.017241379310344827,0.0,0.0,115.84553928095873,193.75335809563856,audio_270.wav
133.0,76.0,0.5714285714285714,6.590035768383312,4.195488721804511,0.09022556390977443,7.0,19.142857142857142,12.888849792731383,0.0,0.0,1.0,0.0,2.0,0.015037593984962405,4.0,0.03007518796992481,0.0,0.0,132.83464853645722,222.87568160419823,audio_528.wav
49.0,35.0,0.7142857142857143,5.0,3.857142857142857,0.061224489795918366,2.0,25.0,18.0,0.0,0.0,0.0,1.0,1.0,0.02040816326530612,0.0,0.0,0.0,0.0,48.9390810397474,75.64457699966103,audio_441.wav
121.0,67.0,0.5537190082644629,6.090909090909091,3.7520661157024793,0.01652892561983471,10.0,12.8,5.844655678480984,0.0,0.0,0.0,2.0,4.0,0.03305785123966942,0.0,0.0,1.0,0.0,120.7209585343877,186.09600069454837,audio_381.wav
73.0,40.0,0.547945205479452,4.681645887845223,4.438356164383562,0.0136986301369863,2.0,38.5,29.5,0.0,0.0,1.0,0.0,1.0,0.0136986301369863,2.0,0.0273972602739726,0.0,0.0,97.20372836218375,97.68085509667016,audio_86.wav
97.0,49.0,0.5051546391752577,4.975196209154734,4.123711340206185,0.041237113402061855,9.0,10.777777777777779,6.19637488604386,0.0,0.0,3.0,1.0,0.0,0.0,0.0,0.0,0.0,0.0,129.1611185086551,228.40270033882314,audio_101.wav
99.0,62.0,0.6262626262626263,6.231234454607115,4.414141414141414,0.13131313131313133,3.0,34.666666666666664,23.697163449568293,0.0,0.0,2.0,0.0,2.0,0.020202020202020204,1.0,0.010101010101010102,0.0,0.0,98.876918835408,160.17153968347046,audio_333.wav
116.0,57.0,0.49137931034482757,5.292317138045979,3.9224137931034484,0.10344827586206896,11.0,10.636363636363637,9.565779227611568,0.0,0.0,1.0,0.0,2.0,0.017241379310344827,1.0,0.008620689655172414,0.0,0.0,116.93548387096773,194.78335079290537,audio_149.wav
130.0,75.0,0.5769230769230769,6.577935144802719,3.7846153846153845,0.07692307692307693,6.0,22.333333333333332,8.993825042154695,1.0,0.16666666666666666,8.0,0.0,2.0,0.015384615384615385,0.0,0.0,0.0,0.0,129.97684787397245,167.252490432424,audio_719.wav
106.0,68.0,0.6415094339622641,6.6047438640293965,4.216981132075472,0.10377358490566038,6.0,18.0,18.119970566569176,2.0,0.3333333333333333,6.0,0.0,2.0,0.018867924528301886,0.0,0.0,0.0,0.0,105.86821612680049,132.11526139680734,audio_638.wav
115.0,61.0,0.5304347826086957,5.688279330265914,4.043478260869565,0.06956521739130435,10.0,11.9,7.712976079309465,3.0,0.3,2.0,0.0,0.0,0.0,1.0,0.008695652173913044,0.0,0.0,114.8468708388815,229.2357282347365,audio_147.wav
79.0,56.0,0.7088607594936709,6.300492245185734,3.949367088607595,0.05063291139240506,4.0,20.0,9.027735042633894,1.0,0.25,0.0,0.0,0.0,0.0,1.0,0.012658227848101266,0.0,0.0,107.77626193724421,107.9481539020564,audio_62.wav
122.0,77.0,0.6311475409836066,6.971252445273927,4.573770491803279,0.13114754098360656,5.0,24.6,10.928860873851402,2.0,0.4,2.0,0.0,2.0,0.01639344262295082,0.0,0.0,0.0,0.0,121.66137583725299,165.5640668916463,audio_763.wav
67.0,50.0,0.746268656716418,6.108472217815261,4.313432835820896,0.07462686567164178,4.0,16.75,7.628073151196179,0.0,0.0,0.0,0.0,0.0,0.0,0.0,0.0,0.0,0.0,66.91670264618521,70.21401352268778,audio_498.wav
106.0,70.0,0.660377358490566,6.799001036500849,3.7547169811320753,0.03773584905660377,3.0,36.333333333333336,14.2672897060218,1.0,0.3333333333333333,2.0,0.0,0.0,0.0,1.0,0.009433962264150943,0.0,0.0,141.1451398135819,158.33566867257105,audio_1.wav
109.0,77.0,0.7064220183486238,7.375262396202865,4.513761467889908,0.05504587155963303,5.0,22.2,6.881860213634101,0.0,0.0,4.0,1.0,0.0,0.0,0.0,0.0,0.0,0.0,108.86448639454012,149.18558667257267,audio_304.wav
103.0,53.0,0.5145631067961165,5.222245174270754,3.7864077669902914,0.038834951456310676,2.0,52.5,51.5,3.0,1.5,2.0,1.0,0.0,0.0,2.0,0.019417475728155338,0.0,0.0,102.87194585906084,184.23681326682384,audio_347.wav
89.0,63.0,0.7078651685393258,6.677986644040068,5.01123595505618,0.19101123595505617,5.0,17.8,11.956588142108098,1.0,0.2,0.0,0.0,0.0,0.0,1.0,0.011235955056179775,0.0,0.0,88.88935127627587,134.08202823763793,audio_560.wav
114.0,53.0,0.4649122807017544,4.963904801382978,3.956140350877193,0.07017543859649122,1.0,114.0,0.0,3.0,3.0,3.0,0.0,1.0,0.008771929824561403,0.0,0.0,0.0,0.0,112.06742067779082,195.74100588468414,audio_452.wav
115.0,70.0,0.6086956521739131,6.527533657682197,4.139130434782609,0.09565217391304348,10.0,11.7,2.6095976701399777,0.0,0.0,2.0,0.0,2.0,0.017391304347826087,0.0,0.0,0.0,0.0,114.8570269300194,154.33350787978662,audio_716.wav
111.0,66.0,0.5945945945945946,6.264442771966494,3.6936936936936937,0.018018018018018018,13.0,8.538461538461538,4.465515468830767,0.0,0.0,2.0,0.0,1.0,0.009009009009009009,0.0,0.0,0.0,0.0,109.11827802837527,109.136166270675,audio_473.wav
97.0,70.0,0.7216494845360825,7.107423155935334,4.77319587628866,0.12371134020618557,8.0,12.5,4.873397172404482,0.0,0.0,0.0,1.0,1.0,0.010309278350515464,1.0,0.010309278350515464,0.0,0.0,129.1611185086551,182.7652145029792,audio_95.wav
113.0,60.0,0.5309734513274337,5.6443252103015835,3.5929203539823007,0.035398230088495575,6.0,20.333333333333332,19.947152400502908,2.0,0.3333333333333333,2.0,0.0,2.0,0.017699115044247787,2.0,0.017699115044247787,0.0,0.0,112.85951341819296,182.77275568399375,audio_732.wav
141.0,71.0,0.5035460992907801,5.979278639572285,3.99290780141844,0.05673758865248227,6.0,24.333333333333332,22.08820700937242,3.0,0.5,4.0,1.0,1.0,0.0070921985815602835,0.0,0.0,0.0,0.0,140.97488884792395,220.1219047888329,audio_292.wav
130.0,65.0,0.5,5.7008771254956905,3.8923076923076922,0.06153846153846154,2.0,65.0,19.0,5.0,2.5,5.0,1.0,0.0,0.0,1.0,0.007692307692307693,0.0,0.0,129.83837826871758,180.90010707741277,audio_469.wav
109.0,60.0,0.5504587155963303,5.746957711326908,3.889908256880734,0.09174311926605505,4.0,27.75,30.96267914764483,1.0,0.25,1.0,0.0,1.0,0.009174311926605505,2.0,0.01834862385321101,0.0,0.25,108.86448639454012,143.77199049905727,audio_329.wav
101.0,62.0,0.6138613861386139,6.169230579301932,4.128712871287129,0.09900990099009901,13.0,8.076923076923077,5.1807563816869955,1.0,0.07692307692307693,2.0,1.0,0.0,0.0,0.0,0.0,0.0,0.07692307692307693,100.86551264980028,175.95070257760688,audio_169.wav
132.0,66.0,0.5,5.744562646538029,4.143939393939394,0.10606060606060606,5.0,27.0,15.748015748023622,3.0,0.6,0.0,0.0,2.0,0.015151515151515152,0.0,0.0,0.0,0.0,131.835891780544,225.41985482407938,audio_174.wav
59.0,39.0,0.6610169491525424,5.077367528252131,4.322033898305085,0.1694915254237288,1.0,60.0,0.0,0.0,0.0,0.0,0.0,0.0,0.0,0.0,0.0,0.0,0.0,58.92664859887952,113.81618682414651,audio_513.wav
110.0,51.0,0.4636363636363636,4.862659205152521,3.7363636363636363,0.045454545454545456,5.0,22.0,13.813037319865606,1.0,0.2,5.0,0.0,0.0,0.0,0.0,0.0,0.0,0.0,109.86324315045334,172.02836378578152,audio_584.wav
126.0,83.0,0.6587301587301587,7.394227692910408,3.9523809523809526,0.05555555555555555,11.0,12.090909090909092,5.86909541511599,3.0,0.2727272727272727,6.0,2.0,2.0,0.015873015873015872,0.0,0.0,1.0,0.0,125.84335124506472,215.41884955148623,audio_345.wav
98.0,60.0,0.6122448979591837,6.0609152673132645,3.989795918367347,0.08163265306122448,5.0,20.0,12.345039489608771,3.0,0.6,0.0,0.0,0.0,0.0,0.0,0.0,0.0,0.0,97.8781620794948,126.20965498977158,audio_750.wav
96.0,58.0,0.6041666666666666,5.9196002117260145,4.291666666666667,0.052083333333333336,5.0,19.2,11.754148203932091,0.0,0.0,2.0,0.0,2.0,0.020833333333333332,0.0,0.0,0.0,0.0,127.82956058588547,211.28232692801032,audio_116.wav
90.0,50.0,0.5555555555555556,5.270462766947299,4.844444444444444,0.06666666666666667,6.0,15.666666666666666,11.205157542647742,0.0,0.0,0.0,0.0,1.0,0.011111111111111112,0.0,0.0,0.0,0.0,120.0,144.55275843599355,audio_114.wav
103.0,61.0,0.5922330097087378,6.010508596802189,4.203883495145631,0.10679611650485436,4.0,25.75,23.509306667785847,1.0,0.25,2.0,0.0,4.0,0.038834951456310676,0.0,0.0,0.0,0.25,101.24508519003932,140.50432336357062,audio_157.wav
114.0,80.0,0.7017543859649122,7.492686492653552,4.421052631578948,0.07017543859649122,10.0,11.9,7.313685801290618,2.0,0.2,1.0,0.0,2.0,0.017543859649122806,0.0,0.0,0.0,0.0,113.8582701741062,183.54870131423021,audio_385.wav
52.0,43.0,0.8269230769230769,5.963027109421214,3.6538461538461537,0.057692307692307696,3.0,17.666666666666668,14.38363267359428,2.0,0.6666666666666666,2.0,0.0,0.0,0.0,0.0,0.0,0.0,0.0,51.93075898801598,144.12945401202586,audio_264.wav
133.0,84.0,0.631578947368421,7.283723744002607,4.43609022556391,0.08270676691729323,7.0,20.142857142857142,8.305395344999217,1.0,0.14285714285714285,7.0,0.0,1.0,0.007518796992481203,0.0,0.0,0.0,0.14285714285714285,132.83464853645722,169.32117691815446,audio_390.wav
96.0,56.0,0.5833333333333334,5.715476066494083,3.7604166666666665,0.0625,6.0,16.666666666666668,8.034647195462632,2.0,0.3333333333333333,2.0,0.0,1.0,0.010416666666666666,0.0,0.0,0.0,0.0,95.88064856766836,161.86766787991243,audio_766.wav
81.0,46.0,0.5679012345679012,5.111111111111111,4.135802469135802,0.08641975308641975,3.0,27.666666666666668,12.229290885229428,1.0,0.3333333333333333,2.0,0.0,1.0,0.012345679012345678,0.0,0.0,0.0,0.0,98.27972563576593,136.88269479222063,audio_571.wav
117.0,64.0,0.5470085470085471,5.91680209306911,3.982905982905983,0.11965811965811966,4.0,30.25,16.97608612136496,0.0,0.0,4.0,1.0,0.0,0.0,0.0,0.0,0.0,0.0,116.9791630865752,194.07024318483533,audio_393.wav
125.0,83.0,0.664,7.423745685299301,3.936,0.072,9.0,14.222222222222221,3.7051848890073478,0.0,0.0,1.0,0.0,0.0,0.0,0.0,0.0,0.0,0.1111111111111111,191.0666774937784,191.1153941377085,audio_691.wav
