duration_sec,sample_rate,rms_energy,max_amplitude,mean_amplitude,silence_ratio,speech_ratio,speech_duration_sec,energy_std,energy_skew,zero_crossing_rate,is_silent_or_corrupt,filename,label
60.508375,16000,1633.596687549877,15656.0,776.1511278397412,0.4564390808398082,0.5435609191601918,32.88998793188957,1331.5142787019859,1.589362608428575,0.08485714256202402,0.0,audio_192.wav,3.0
60.0746875,16000,2891.9059100847217,30987.0,1716.0082126935743,0.2048293089092423,0.7951706910907577,47.7696307764363,2040.1032685577757,2.420449224598964,0.14314696096729693,0.0,audio_436.wav,3.0
60.0746875,16000,2456.3697741248193,30124.0,1262.8099199434039,0.3189009159034138,0.6810990840965863,40.916814633638644,1917.0477868165626,1.7594455968847285,0.14703795487695512,0.0,audio_447.wav,3.5
45.06,16000,602.9394203494672,10780.0,330.2104263759432,0.2841918294849023,0.7158081705150977,32.2543161634103,440.98174034460396,1.6642991466903942,0.059580364486746126,0.0,audio_126.wav,2.0
45.3,16000,424.16788289637714,5772.0,217.44870033112582,0.3403268551236749,0.6596731448763251,29.883193462897527,316.8669686994102,1.1629011431037064,0.17013406475450435,0.0,audio_61.wav,2.0
60.0746875,16000,1132.8293628944007,31145.0,488.04612903729213,0.5373855120732722,0.46261448792672777,27.791420795170694,958.0049389885658,3.7701234658312472,0.15042644877100772,0.0,audio_639.wav,2.5
52.16,16000,1422.4574666895442,30551.0,609.7153494056748,0.5268507863444573,0.47314921365554274,24.67946298427311,1198.8576940398175,2.6452016685011515,0.22726014577759032,0.0,audio_703.wav,2.0
60.0746875,16000,3128.25306627062,30743.0,1752.344629341601,0.29891756869275604,0.7010824313072439,42.117307972522894,2294.3172734586346,1.3196387588052432,0.13025882392108148,0.0,audio_509.wav,3.0
60.0746875,16000,2063.850507468779,27197.0,1080.326545602089,0.38467943380516234,0.6153205661948377,36.965190726477935,1576.2066400818533,1.6456990805507872,0.1816698814183193,0.0,audio_672.wav,4.0
60.0746875,16000,2456.143581425245,30622.0,1249.9372281378908,0.32422980849292254,0.6757701915070775,40.59668307660284,1894.1058338758312,1.9187878912354412,0.0987178446806784,0.0,audio_344.wav,4.0
60.0746875,16000,2078.370696617929,26640.0,1030.2948049043118,0.4534554537885096,0.5465445462114904,32.833492818484594,1671.3871082688815,1.6048798552673595,0.08841815491981847,0.0,audio_592.wav,5.0
60.0746875,16000,2390.391072064077,30887.0,1221.1863076690995,0.34687760199833473,0.6531223980016653,39.23612395920067,1818.6559356201535,1.5284448428391593,0.12708152568576167,0.0,audio_705.wav,3.0
60.0746875,16000,1075.0778916265829,17671.0,560.5198435281083,0.002331390507910075,0.9976686094920899,59.934629943796836,822.9990172780317,2.4255163616552107,0.1267257182212956,0.0,audio_497.wav,2.0
60.0746875,16000,1503.4388887947073,32009.0,594.6450127185431,0.5705245628642798,0.42947543713572023,25.80060267485429,1296.798653064171,2.5909940092360872,0.27671208933888475,0.0,audio_702.wav,3.0
60.0746875,16000,1923.9585907147684,19711.0,1052.3624831589843,0.15253955037468775,0.8474604496253122,50.91092167985013,1412.8507431277267,1.557779416802784,0.14636587411074142,0.0,audio_598.wav,2.0
45.06,16000,152.24939396502168,2965.0,82.736063027075,0.25510657193605685,0.7448934280639432,33.56489786856128,110.3686076118316,1.8350259119797612,0.1512513194231572,0.0,audio_99.wav,3.5
26.53875,16000,1788.2948489173455,32766.0,975.3416442937214,0.36764705882352944,0.6323529411764706,16.78185661764706,1310.3964504862254,1.204609289995038,0.17136774378913802,0.0,audio_194.wav,4.0
60.08,16000,2680.1733114066938,31129.0,2077.0330257573237,0.0,1.0,60.08,624.9934726487996,2.6879462765530406,0.46244222541010466,0.0,audio_5055.wav,0.0
60.0746875,16000,2444.0615407086616,25196.0,1300.4092509844515,0.28959200666111573,0.7104079933388843,42.67753819733556,1882.7779485138735,1.6427132425333912,0.16672180641993187,0.0,audio_178.wav,3.0
45.9733125,16000,1848.6069726057535,32768.0,946.8514205931974,0.34515778019586507,0.6548422198041349,30.10526600924918,1354.2993377123494,0.868967792789302,0.18819911579016058,0.0,audio_609.wav,5.0
39.96,16000,1528.5849265915201,16987.0,904.1086086086086,0.13395092638958436,0.8660490736104156,34.607320981472206,978.9855613931782,1.1616161066424948,0.25795210515531963,0.0,audio_77.wav,4.0
45.012,16000,2255.369630175397,21954.0,1250.153579878699,0.24072016003556346,0.7592798399644365,34.17670415647922,1611.4171965906914,0.8743191374509678,0.17718077565534698,0.0,audio_18.wav,4.0
45.06,16000,1401.3986878789203,11130.0,824.3691036950732,0.2477797513321492,0.7522202486678509,33.89504440497336,972.3989359135749,0.7966516815962617,0.1566677161946796,0.0,audio_9.wav,4.0
42.96,16000,1894.3843456742943,32768.0,1112.941608472998,0.04354913833255706,0.956450861667443,41.089129017233354,1311.3391037155177,3.6604586150320526,0.1186556079137685,0.0,audio_138.wav,2.0
60.08,16000,981.8090230125925,22440.0,482.44050432756325,0.4343989343989344,0.5656010656010656,33.98131202131202,777.3015926890748,1.8303538958332153,0.14636125412081197,0.0,audio_269.wav,4.0
60.0746875,16000,2495.9800672060687,21373.0,1419.2349512845988,0.288759367194005,0.711240632805995,42.7275587531224,1832.370482660251,1.4539926065520918,0.09127709910798444,0.0,audio_717.wav,4.5
60.0746875,16000,1590.2268747665805,24075.0,791.8395362023315,0.15903413821815154,0.8409658617818485,50.520761344712746,1239.51327943812,1.8979756408502884,0.11937028321025724,0.0,audio_529.wav,3.0
60.0746875,16000,2625.9276857284653,31318.0,1529.1874968138618,0.27310574521232306,0.7268942547876769,43.66794520191507,1868.5769740803903,1.0950732250553148,0.0848923318289544,0.0,audio_578.wav,4.0
60.08,16000,1552.2565910724018,21919.0,664.9576855858855,0.45637695637695636,0.5436230436230436,32.66087246087246,1300.047452512523,2.4461744749298813,0.22302994239965712,0.0,audio_171.wav,2.0
60.0746875,16000,2060.5153926529583,30778.0,1033.8259801601132,0.3430474604496253,0.6569525395503747,39.46621851582015,1599.8831632511126,2.501196895407972,0.1650925827668504,0.0,audio_596.wav,3.0
60.0746875,16000,5251.395550975572,31130.0,4135.996773807604,0.0,1.0,60.0746875,978.1230240268054,2.2628450776940756,0.4503502934891396,0.0,audio_5066.wav,0.0
60.0746875,16000,3103.193068130319,29936.0,1904.829432113151,0.1906744379683597,0.8093255620316403,48.61998022481266,2073.6925952718757,1.1611700937894849,0.16016745839029373,0.0,audio_501.wav,3.0
45.06,16000,1857.9591142488205,18309.0,1102.9642227030627,0.1605239786856128,0.8394760213143873,37.82678952042629,1266.3810417650946,1.3767972126697547,0.1359688969830462,0.0,audio_8.wav,2.0
45.06,16000,314.1338175220463,2123.0,199.6840948180204,0.0017761989342806395,0.9982238010657194,44.979964476021316,203.70985966883018,0.669505153313509,0.05726539234547318,0.0,audio_84.wav,2.5
42.66,16000,474.25282308082143,5387.0,263.49690430145336,0.3595215759849906,0.6404784240150094,27.3228095684803,354.9962217518582,1.2234005175658809,0.0989701989132075,0.0,audio_11.wav,3.0
60.08,16000,990.9068547325477,21737.0,286.61930030792274,0.7672327672327672,0.23276723276723277,13.984655344655344,920.8671814246674,4.272678764635243,0.31294140410848464,0.0,audio_142.wav,2.5
46.08,16000,1984.651292431814,27299.0,1066.5456420898438,0.2863656100738168,0.7136343899261832,32.88427268779852,1394.6735593007857,0.7342049157346745,0.1779122964305236,0.0,audio_610.wav,5.0
60.0746875,16000,1781.6948862141726,22636.0,936.6250687945734,0.38284762697751873,0.6171523730224813,37.075235949208995,1360.4452038932839,1.383274964165462,0.1854089809133224,0.0,audio_654.wav,3.0
60.08,16000,1632.2030331012047,22584.0,764.5574931341545,0.27855477855477856,0.7214452214452214,43.3444289044289,1306.076573663961,2.6144428003077445,0.1930282467421009,0.0,audio_170.wav,2.5
60.08,16000,1765.741164694054,20712.0,948.7720965795606,0.34715284715284717,0.6528471528471529,39.223056943056946,1278.7765990520802,1.0222091287242596,0.258381801745383,0.0,audio_255.wav,4.5
60.08,16000,1719.1506524186132,22583.0,746.8226791361518,0.34915084915084915,0.6508491508491508,39.103016983016985,1377.7629181710165,2.1010540674623295,0.2564198323275553,0.0,audio_162.wav,3.0
60.0746875,16000,3745.7915604473556,31130.0,2931.290382284552,0.0,1.0,60.0746875,784.768415734303,3.010566817120033,0.4534703712257879,0.0,audio_5069.wav,0.0
60.0746875,16000,1830.438413551849,23363.0,971.3610380828031,0.3555370524562864,0.6444629475437136,38.71591017901749,1339.6272819571507,0.9675784763921923,0.1244160908203755,0.0,audio_769.wav,3.0
60.0106875,16000,2440.403888937125,25162.0,1411.2202524342017,0.2020336722787131,0.797966327721287,47.88650792840474,1653.720747063296,0.8560391696609143,0.12155243342324797,0.0,audio_720.wav,3.0
60.0746875,16000,1957.4419797889373,32289.0,972.0483523114457,0.3160699417152373,0.6839300582847627,41.086884523313906,1475.3708643476452,1.5618567490772335,0.1951676768685614,0.0,audio_623.wav,3.0
60.0746875,16000,2222.0982472086407,30808.0,1273.4673911121051,0.319067443796836,0.6809325562031641,40.90681052248127,1614.7261557287175,1.990606482637447,0.1041537920544656,0.0,audio_718.wav,4.5
45.06,16000,1290.1114913417753,22717.0,838.7723368841545,0.0,1.0,45.06,774.9788239557147,1.9045727028178476,0.11560296771383671,0.0,audio_136.wav,3.5
45.06,16000,369.5541087004433,3931.0,263.3955240235242,0.0,1.0,45.06,186.09570808227866,1.0486358560613942,0.048875178754963874,0.0,audio_119.wav,2.0
60.0746875,16000,2739.043310027135,29717.0,1583.199215559798,0.32239800166527893,0.677601998334721,40.70672829933389,1961.8502046452181,1.310541389792775,0.14867238039355218,0.0,audio_542.wav,3.0
60.0746875,16000,4202.957038200206,31130.0,3306.4679373072063,0.0,1.0,60.0746875,749.7466164707307,2.9301080558882426,0.4512231661870548,0.0,audio_5073.wav,0.0
60.0746875,16000,1570.2980271196063,30492.0,834.4609158391378,0.28276436303080765,0.7172356369691923,43.08770675478768,1175.823338604657,1.4716443445225604,0.13797838937821086,0.0,audio_322.wav,4.0
60.0746875,16000,2194.4614726128884,31130.0,1678.2812675887826,0.0,1.0,60.0746875,622.8956835666365,5.994251999445005,0.47165088421276036,0.0,audio_5039.wav,0.0
60.0746875,16000,2155.0550240577104,29904.0,1195.3109421085212,0.30691090757701917,0.6930890924229809,41.6371106369692,1549.725540479795,1.293141251788109,0.1547169457986629,0.0,audio_707.wav,3.0
60.08,16000,1362.7425832891352,22428.0,659.1254587633156,0.30153180153180154,0.6984681984681984,41.96396936396936,1039.399230102809,2.1297695857248864,0.23001126624008222,0.0,audio_148.wav,3.5
60.0746875,16000,2838.3011636428373,32768.0,1508.9738398555965,0.2835970024979184,0.7164029975020816,43.03768619900083,2091.982362988736,1.6563622175591888,0.1352286843238722,0.0,audio_316.wav,2.0
60.0746875,16000,2394.0581926449145,30298.0,1318.1820275802518,0.27543713572023315,0.7245628642797668,43.52788764571191,1677.3657137737105,1.4692079297953806,0.14678722505550387,0.0,audio_647.wav,4.5
60.0746875,16000,1852.7967387283531,31599.0,948.5494826752116,0.3891756869275604,0.6108243130724396,36.69507972522897,1431.408164729848,1.2296000773895763,0.1272105319009482,0.0,audio_286.wav,5.0
41.4,16000,3676.8155846902296,32768.0,1935.2788300120774,0.2873368777187047,0.7126631222812954,29.504253262445626,2668.0287253244824,1.0070149282640954,0.18271766714623663,0.0,audio_92.wav,4.0
60.0746875,16000,2047.1086366208829,29838.0,923.4521777578951,0.519067443796836,0.480932556203164,28.891873022481263,1699.5234848866,1.9815758758798419,0.17037975684409182,0.0,audio_462.wav,3.5
45.8453125,16000,2394.7064444315956,26479.0,1405.9230919191575,0.287584551603753,0.712415448396247,32.660908861553565,1643.995853735158,0.7671787101135867,0.185728074337036,0.0,audio_376.wav,5.0
45.06,16000,527.6448840251626,12402.0,249.30328450954283,0.30728241563055064,0.6927175843694493,31.213854351687388,420.65075621773616,3.654741976282466,0.30286326961727367,0.0,audio_76.wav,4.0
45.06,16000,381.3716995409059,3594.0,196.80963437638704,0.42295737122557725,0.5770426287744228,26.00154085257549,291.26207296156673,1.0750243417567646,0.1719015921848538,0.0,audio_105.wav,2.0
60.2026875,16000,1656.455239279039,24559.0,563.5756636694998,0.6703223662346295,0.3296776337653705,19.84747956131605,1507.4442878389193,3.4622722209084325,0.07913483838952205,0.0,audio_355.wav,3.0
60.0746875,16000,1601.715460442795,22922.0,787.8056773079344,0.4154870940882598,0.5845129059117402,35.1144301623647,1274.826249871534,2.0598515505363046,0.12602554739209776,0.0,audio_663.wav,3.0
60.0746875,16000,2343.355482532289,30487.0,1169.1857864429173,0.4138218151540383,0.5861781848459617,35.214471273938386,1797.0207943947344,1.4303050885037105,0.12718972444688587,0.0,audio_767.wav,4.5
60.0746875,16000,2266.5739279636864,31112.0,1134.9864637248425,0.31823480432972523,0.6817651956702748,40.95683107826812,1733.5174879905496,1.6226953817798249,0.19423342218116219,0.0,audio_655.wav,5.0
60.0106875,16000,1622.3384260386074,30815.0,815.0568888250114,0.2830471745290882,0.7169528254709119,43.024831961576936,1157.5152469070456,1.4156088399745606,0.152866679858775,0.0,audio_372.wav,5.0
60.0746875,16000,2423.3216712918356,29858.0,1282.4977512367418,0.19983347210657784,0.8001665278934221,48.06975411115737,1793.1776348110054,1.8744275410134645,0.21642145082054196,0.0,audio_667.wav,5.0
60.0746875,16000,1317.734810768379,13917.0,679.4664818273087,0.06228143213988343,0.9377185678601165,56.33314992714405,1026.7717049666826,1.8516142361344803,0.129375547496135,0.0,audio_517.wav,2.5
60.167,16000,1871.7118595408663,30764.0,901.5329665763625,0.3782211138819618,0.6217788861180382,37.41057024106401,1444.6577571820417,1.7019439650655255,0.22493042794474954,0.0,audio_765.wav,5.0
45.06,16000,447.39263323025034,3331.0,275.5917179871283,0.0,1.0,45.06,302.2119596188707,1.8610848221818739,0.05055766000563139,0.0,audio_38.wav,4.0
60.0746875,16000,1609.2140492226135,30958.0,792.2946197181633,0.3308909242298085,0.6691090757701915,40.19651863030808,1201.2657036686596,1.8081059737529857,0.23093360965632329,0.0,audio_371.wav,5.0
60.0746875,16000,2153.768027404611,31683.0,1142.262151800623,0.4159866777685262,0.5840133222314738,35.0844178288926,1659.9896662135372,1.4202491859551039,0.12181932055339505,0.0,audio_507.wav,3.0
60.08,16000,3169.6129065956798,31130.0,2476.93984375,0.0,1.0,60.08,653.5596376151623,3.431578648861882,0.4613114402790449,0.0,audio_5056.wav,0.0
60.0746875,16000,2211.515056646993,32151.0,1130.049819235431,0.38850957535387176,0.6114904246461282,36.73509616985845,1707.0138247544294,1.6340958606700564,0.14403335851035276,0.0,audio_282.wav,5.0
60.0746875,16000,3192.5777354210472,30775.0,1934.4468656203996,0.27077435470441297,0.729225645295587,43.808002758118235,2204.8106744728248,0.9494332949814439,0.1257498486257717,0.0,audio_459.wav,3.0
60.0746875,16000,1653.7131710228407,31547.0,705.0353903214228,0.37601998334721065,0.6239800166527893,37.48540450666112,1314.1963335663042,1.7268761154993202,0.2388092310189202,0.0,audio_303.wav,5.0
43.7546875,16000,2843.4874904871554,27972.0,1673.3803735314073,0.29018980105190945,0.7098101989480905,31.05752343928653,1945.6915018548805,0.6691667803284428,0.17849970146013136,0.0,audio_297.wav,4.5
60.0746875,16000,3063.2931700055838,26599.0,1901.06528227883,0.25645295587010825,0.7435470441298917,44.668356317651956,2065.4000374291486,0.5074370376429542,0.12201282987617484,0.0,audio_432.wav,3.5
60.0746875,16000,2491.2257189357965,31038.0,1382.3905711120012,0.37601998334721065,0.6239800166527893,37.48540450666112,1836.4475437531128,1.9007018322312583,0.11286483269766562,0.0,audio_454.wav,3.5
60.0746875,16000,1950.5777208352813,30504.0,1083.5903984103122,0.34138218151540384,0.6586178184845961,39.56625962739383,1447.9035987113443,1.1183457529702048,0.12695251947057515,0.0,audio_482.wav,2.0
54.2506875,16000,2040.5900427460208,31323.0,992.2327182489623,0.4552830536603356,0.5447169463396644,29.5512688318274,1649.3338442705756,2.5316465321648227,0.14554210204951556,0.0,audio_484.wav,2.0
60.0746875,16000,2107.8937599008736,30823.0,1043.451300724619,0.3485428809325562,0.6514571190674439,39.13608284762698,1600.599310929791,1.3206477081383088,0.19463708678997163,0.0,audio_757.wav,4.0
60.0746875,16000,1956.286473422635,31716.0,818.0834627729025,0.6467943380516237,0.3532056619483763,21.21871976477935,1697.5440035681875,2.4740192931231877,0.1502787158471651,0.0,audio_773.wav,3.0
60.0746875,16000,2378.3459244799765,30024.0,1347.27544358845,0.20366361365528726,0.7963363863447127,47.83965955453789,1689.5799602907005,1.4123379093998534,0.20865194747366297,0.0,audio_668.wav,5.0
60.08,16000,375.6744763497171,3897.0,228.1331609936751,0.0,1.0,60.08,254.13668825903534,2.076695716390359,0.08262117449772646,0.0,audio_240.wav,5.0
60.0746875,16000,2772.6243937771496,30767.0,1529.3238146265846,0.3993338884263114,0.6006661115736887,36.08482894462948,2060.41718615576,0.9455782123790657,0.08814765801700801,0.0,audio_163.wav,2.0
60.0746875,16000,2355.1586993538704,31898.0,1140.1980128902044,0.3547044129891757,0.6452955870108243,38.765930734804336,1852.3545966927752,1.9721635860723492,0.19362168303172927,0.0,audio_659.wav,5.0
60.0746875,16000,3331.1603685653913,30670.0,2033.154672048856,0.21482098251457118,0.7851790174854288,47.16938410699417,2268.108977292533,1.2568059963316767,0.12521717780177571,0.0,audio_532.wav,3.5
60.0746875,16000,1823.9360827746134,32767.0,825.7907230062578,0.5513738551207327,0.44862614487926733,26.95107545795171,1506.7539174416336,1.8147928328756588,0.17490849922076085,0.0,audio_464.wav,2.0
45.06,16000,147.57365631422635,1497.0,97.47932478917,0.0004440497335701599,0.9995559502664298,45.03999111900533,85.21288881781028,1.1754281044622428,0.12946922085721935,0.0,audio_5.wav,2.5
60.02,16000,2483.882909122162,20928.0,1390.6786841886037,0.35133333333333333,0.6486666666666667,38.93297333333334,1854.044260355102,1.2947894657511048,0.15084258459949246,0.0,audio_231.wav,3.5
60.0106875,16000,1968.8078075787375,32767.0,984.5728969110711,0.3417236206034339,0.658276379396566,39.503618092598764,1554.6326215783286,2.8858100079782774,0.1767895268546195,0.0,audio_384.wav,5.0
36.42,16000,481.64444743559346,7294.0,299.0858371087315,0.05412087912087912,0.9458791208791208,34.448917582417586,318.6136013923656,2.432360582642703,0.07870517350558331,0.0,audio_54.wav,4.0
60.0746875,16000,1972.8216196766455,31860.0,1014.8334032116272,0.32855953372189844,0.6714404662781015,40.33657618651124,1472.930771253752,1.71035380919429,0.18421879454095635,0.0,audio_656.wav,5.0
60.0746875,16000,3430.2577639089623,31294.0,1693.268061111429,0.38567860116569525,0.6143213988343048,36.90516605953373,2742.2056084992023,2.064785921402682,0.12589342005880186,0.0,audio_444.wav,3.0
61.0346875,16000,5037.887832886172,31130.0,3962.679319649175,0.0,1.0,61.0346875,822.7499652160201,1.9611409284730603,0.4485333120339479,0.0,audio_5062.wav,0.0
60.0746875,16000,609.9301905191166,11274.0,342.99593422770613,0.0,1.0,60.0746875,439.34338158126127,3.435707413675974,0.06334933426550728,0.0,audio_312.wav,4.5
45.0,16000,309.8453667826367,7910.0,161.94516388888889,0.4608714984437528,0.5391285015562473,24.260782570031125,237.49451321077643,1.750935246374076,0.12146127980733307,0.0,audio_120.wav,2.5
50.7093125,16000,2824.1494018214185,30769.0,1635.713085244451,0.31939238508581574,0.6806076149141842,34.51314423456303,2039.2808245413307,1.218352293337203,0.10766650068774435,0.0,audio_446.wav,3.0
60.0746875,16000,3080.7843393684348,31038.0,1641.7055831543028,0.38884263114071604,0.611157368859284,36.715087947543715,2340.1213063809278,1.531589475442318,0.07822250242927026,0.0,audio_546.wav,2.5
60.0746875,16000,1437.5898863874256,30525.0,746.5865157434235,0.3237302248126561,0.6762697751873439,40.62669541007494,1108.5294715365883,3.02069543764958,0.12638239522926692,0.0,audio_430.wav,4.0
60.0746875,16000,1837.1143935223777,24155.0,944.4594499555241,0.3948376353039134,0.6051623646960866,36.35493994587844,1438.1805965653398,2.129431351569806,0.16928424438770945,0.0,audio_179.wav,2.0
60.0746875,16000,2629.262181875059,30967.0,1511.3778723359985,0.2,0.8,48.05975000000001,1835.7958913262894,2.235911588111147,0.1524437314423519,0.0,audio_674.wav,4.0
60.0746875,16000,1780.9045646017216,18307.0,816.1606364993576,0.4686094920899251,0.5313905079100749,31.92311870316403,1466.5998787369845,1.5880798947363226,0.11177764322290817,0.0,audio_737.wav,3.5
60.0746875,16000,2717.903600804801,29069.0,1515.1183651600352,0.3260616153205662,0.6739383846794338,40.48663785387178,1980.2472039132533,1.0634932103945278,0.11688483282251033,0.0,audio_669.wav,3.0
60.0746875,16000,2209.7775466680932,30952.0,1265.9268899650956,0.16802664446294754,0.8319733555370524,49.98053934221482,1544.946069297758,1.6220589914011794,0.1133246774324434,0.0,audio_540.wav,4.0
44.7786875,16000,1163.9659643110454,18552.0,593.4364325104438,0.008936550491510277,0.9910634495084897,44.37852049821269,904.9479007591179,2.979065881489667,0.10839853836512399,0.0,audio_692.wav,4.0
54.848,16000,2434.2031245568605,31362.0,1377.9030946889586,0.19368958599306949,0.8063104140069305,44.22451358745212,1672.7927295449174,0.961936864649376,0.13661179146435543,0.0,audio_572.wav,2.0
60.615,16000,1748.552354609434,31792.0,860.4739750886744,0.38333333333333336,0.6166666666666667,37.379250000000006,1366.4002024064491,2.091071444659983,0.16163301331458108,0.0,audio_479.wav,2.0
60.7003125,16000,429.9368709303902,4296.0,211.41970026925316,0.4536914963744232,0.5463085036255768,33.1610968914799,345.0995662579028,1.6412765990396938,0.0972092371942455,0.0,audio_419.wav,3.0
45.06,16000,4142.779202444464,31130.0,3251.9887316910786,0.0,1.0,45.06,782.8181577474588,3.20109585109534,0.4506622429292096,0.0,audio_5037.wav,0.0
60.0746875,16000,2495.1620906539088,30213.0,1531.8894792419853,0.23896752706078267,0.7610324729392173,45.71878798917569,1684.184860311075,1.2342975613740912,0.144595159770036,0.0,audio_433.wav,3.0
60.0746875,16000,2157.591269983456,30519.0,1029.724540805976,0.38601165695253953,0.6139883430474604,36.88515783721898,1688.7546251586784,2.224636877617719,0.17858621672628003,0.0,audio_405.wav,5.0
60.08,16000,2594.5910353331683,24096.0,1123.3799954227698,0.4893439893439893,0.5106560106560107,30.680213120213125,2206.0736525404377,2.50228780478322,0.13309455423451463,0.0,audio_267.wav,4.0
60.0746875,16000,2012.6731671420093,31415.0,1056.2250687945734,0.2919233971690258,0.7080766028309742,42.53748064113239,1477.006798778703,1.6225473685930114,0.1766022259814356,0.0,audio_358.wav,5.0
60.0106875,16000,1745.9142301145089,31143.0,775.069506369178,0.3432238706451075,0.6567761293548925,39.413587056176034,1360.3423401932814,1.981517324701861,0.1727944009914911,0.0,audio_331.wav,5.0
60.0746875,16000,2402.5593256999223,32767.0,1196.6749566945314,0.3378850957535387,0.6621149042464614,39.77634596169859,1894.3551518161175,2.2844887333833865,0.11362638551634738,0.0,audio_487.wav,2.5
60.0746875,16000,2126.952796548704,25055.0,1125.441441122769,0.2940882597835137,0.7059117402164863,42.4074271960866,1603.8070384485652,1.499448916645037,0.14345907277823208,0.0,audio_494.wav,3.0
54.1866875,16000,1519.472877662268,16681.0,735.2169202075694,0.39597563226878346,0.6040243677312165,32.73007965663651,1224.3389365153785,1.6810705067866603,0.11964322376601237,0.0,audio_536.wav,2.5
60.0746875,16000,2298.6827826325502,30912.0,1314.6452904977657,0.23946711074104912,0.7605328892589509,45.68877565570359,1580.1119292080646,1.3137231530161821,0.13323845134280904,0.0,audio_634.wav,4.0
60.0746875,16000,2031.002210776453,26767.0,1121.249733924958,0.24529558701082432,0.7547044129891757,45.33863176519567,1427.8086897327103,1.492199200435141,0.16104657332442773,0.0,audio_317.wav,3.5
58.6666875,16000,4232.206939508387,31130.0,3309.188778342053,0.0,1.0,58.6666875,888.3140465642552,3.85588261217056,0.4560301534305067,0.0,audio_5054.wav,0.0
60.0746875,16000,1911.4520371802546,30273.0,998.8474773589126,0.29208992506244796,0.707910074937552,42.52747652997502,1429.9352624669598,1.674442309115096,0.22051115591649553,0.0,audio_723.wav,5.0
60.08,16000,1403.7466811427935,20233.0,746.0797540778962,0.2480852480852481,0.7519147519147519,45.17503829503829,1026.9765585100654,1.8774614376229364,0.29066587327924565,0.0,audio_155.wav,3.5
46.208,16000,2558.341218665951,29500.0,1392.1166153588124,0.36328209569170816,0.6367179043082918,29.421460922277547,1928.4964000225743,1.166678329079612,0.15787330910409061,0.0,audio_410.wav,2.0
20.06,16000,846.0623922513804,18034.0,370.31887151046857,0.32285429141716565,0.6771457085828343,13.583542914171655,698.9958453817773,5.601786649113726,0.07031739256415928,0.0,audio_251.wav,2.0
60.0746875,16000,1604.0486152275175,29739.0,837.0273451276796,0.3084096586178185,0.6915903413821816,41.54707363655288,1163.8417354623743,1.3329223755961923,0.1700395549701725,0.0,audio_779.wav,5.0
60.0746875,16000,2042.2453869779335,19663.0,1127.752411321324,0.2771024146544546,0.7228975853455454,43.42784653413822,1429.1631902416361,0.9036923756148735,0.14773708533344984,0.0,audio_382.wav,4.0
60.0746875,16000,1688.1518370276058,25005.0,706.2620696112651,0.6191507077435471,0.3808492922564529,22.87940221690258,1455.4500446255201,2.5417903336722727,0.15609543963029315,0.0,audio_559.wav,3.0
60.08,16000,1052.1997432949047,22022.0,324.153256075233,0.6963036963036963,0.30369630369630374,18.24607392607393,956.0984652251865,3.26557280869395,0.31336271779577,0.0,audio_161.wav,3.0
60.0746875,16000,2183.776914343329,26724.0,1127.3151628961866,0.2501248959200666,0.7498751040799334,45.04851254163198,1680.7178684897435,1.873698446562237,0.11617009677546884,0.0,audio_535.wav,2.5
44.1173125,16000,1877.2639070135572,18539.0,977.2669771079097,0.4192743764172336,0.5807256235827665,25.620053812358275,1438.1324671093603,1.1589969584284916,0.1858456726110535,0.0,audio_363.wav,5.0
60.0746875,16000,4179.630284578443,31129.0,3288.196294196287,0.0,1.0,60.0746875,748.4005307116387,2.284942180454464,0.4515071879350058,0.0,audio_5057.wav,0.0
60.0746875,16000,2130.717965089303,30900.0,1062.0485718298576,0.3160699417152373,0.6839300582847627,41.086884523313906,1636.9342280909634,1.9648873883902216,0.19449351535694148,0.0,audio_660.wav,4.5
60.0746875,16000,1279.5614122627367,14479.0,793.5533705439583,0.2771024146544546,0.7228975853455454,43.42784653413822,854.7704682516479,0.4951682113970678,0.18452674486107903,0.0,audio_293.wav,5.0
45.06,16000,2493.9806861820857,21300.0,1239.8815274079006,0.3456927175843694,0.6543072824156306,29.48308614564832,1912.8525026145662,1.4780470950614446,0.1584778052566096,0.0,audio_74.wav,4.0
60.07475,16000,3331.5327649683554,30533.0,1988.4874364853786,0.24496253122398,0.75503746877602,45.35868717735221,2293.4419825354107,1.237173775100064,0.12638226374460956,0.0,audio_215.wav,4.0
60.231,16000,1429.449036326151,30852.0,639.9232361657619,0.5205115429330676,0.47948845706693244,28.880069257598407,1199.4818255061189,3.445604588945985,0.11178848079527236,0.0,audio_228.wav,3.0
60.0106875,16000,1551.5206806837316,21728.0,796.5544449894862,0.11985330888481413,0.8801466911151858,52.818208034672445,1202.960817781177,1.769118943968444,0.10025516314819251,0.0,audio_602.wav,2.0
60.0746875,16000,1706.936618410843,27602.0,846.9831543027169,0.3795170691090758,0.6204829308909242,37.27531817235637,1324.6786179397673,1.978477211761879,0.0929718662413623,0.0,audio_396.wav,2.0
60.0746875,16000,2129.522113173116,29459.0,1058.2858337798261,0.3448792672772689,0.6551207327227311,39.35617329308909,1694.400973488147,1.9591418108488106,0.16057216337180633,0.0,audio_576.wav,2.0
60.0746875,16000,2962.874374818638,31130.0,2299.7978235425694,0.0,1.0,60.0746875,573.9432717592659,4.117368434307445,0.46453993678695454,0.0,audio_5040.wav,0.0
60.01075,16000,1534.5030248850992,20987.0,765.804324641835,0.39606601100183364,0.6039339889981663,36.242531630271706,1170.8014446906716,1.0785350307441024,0.13654651098606393,0.0,audio_198.wav,4.0
60.0746875,16000,1837.7451809312827,29694.0,1001.4508710511394,0.2604496253122398,0.7395503746877602,44.42825764987511,1364.2058221962525,1.5731061427102349,0.10393531378681099,0.0,audio_600.wav,2.0
60.0746875,16000,2018.5923518593947,19525.0,954.7271157257372,0.5027477102414655,0.4972522897585345,29.872275915903415,1663.6835543420393,1.689072286985239,0.1268172710191699,0.0,audio_710.wav,4.0
60.08,16000,1292.980167721762,21923.0,684.5801129743675,0.30719280719280717,0.6928071928071928,41.623856143856145,934.6154676884232,1.2635952661842,0.1999273884064876,0.0,audio_246.wav,3.0
60.0746875,16000,2790.334313197973,30674.0,1714.52033250277,0.12522897585345547,0.8747710241465445,52.551595909658616,1843.5549055252993,1.1214654647625943,0.14283484915636177,0.0,audio_490.wav,2.5
60.0746875,16000,1994.675800670691,31727.0,1012.2982537362345,0.32239800166527893,0.677601998334721,40.70672829933389,1501.3082620914456,1.8803214641679256,0.19381935384532153,0.0,audio_657.wav,5.0
61.0346875,16000,1472.4336905527314,13868.0,679.4082023029937,0.5438452712670054,0.45615472873299456,27.84126131986559,1215.9205060175227,1.2694008137580972,0.13758890957386893,0.0,audio_688.wav,5.0
60.0746875,16000,2127.207732616048,22083.0,1178.2060528820896,0.3755203996669442,0.6244796003330557,37.51541684013322,1560.7960952832302,1.0770053717770491,0.17429676007132797,0.0,audio_698.wav,5.0
60.0746875,16000,1810.235140016556,32641.0,798.1607301328035,0.5293921731890091,0.4706078268109909,28.271618130724402,1523.0596404615349,2.249147077430941,0.11874605958838694,0.0,audio_499.wav,2.5
60.0746875,16000,1777.4132681897547,32186.0,766.7893580386914,0.5367194004995837,0.46328059950041633,27.83143723980017,1492.852457899745,2.2354714694456628,0.18536008339627588,0.0,audio_463.wav,4.0
60.0746875,16000,2274.3927616108895,30684.0,1286.0758909482468,0.1498751040799334,0.8501248959200666,51.07098745836803,1602.3409470115043,1.2858712770965792,0.16335411997994162,0.0,audio_604.wav,4.5
45.06,16000,666.3115898763845,11089.0,381.24027407900576,0.11900532859680284,0.8809946714031972,39.69761989342807,417.19354430096706,0.8620698857013739,0.14542574543073877,0.0,audio_97.wav,4.0
60.08,16000,1814.051778403558,22028.0,861.3911284953396,0.45437895437895437,0.5456210456210456,32.78091242091242,1472.6536738365537,2.477230044757313,0.18844581021742907,0.0,audio_234.wav,3.0
60.7003125,16000,1919.4093131872849,22238.0,1067.507782599966,0.34261700725115357,0.6573829927488464,39.90335309204021,1381.6386211766485,0.8810182135381167,0.20333318231803,0.0,audio_782.wav,5.0
55.6373125,16000,1482.4745311593272,22443.0,688.540958911342,0.4653002517080187,0.5346997482919813,29.749256989392304,1182.0169491948602,1.4256572621470551,0.23309473419336865,0.0,audio_758.wav,4.0
60.0746875,16000,2341.5267546751775,29131.0,1239.3812483419076,0.3513738551207327,0.6486261448792673,38.96601295795171,1765.843618632166,1.4472897903988604,0.1228888236921995,0.0,audio_727.wav,4.5
60.0746875,16000,1205.7925582096177,31698.0,416.68450834638134,0.7710241465445462,0.2289758534554538,13.755652841382183,1081.2161860067388,3.840540145596123,0.07642057690747134,0.0,audio_643.wav,4.0
60.02,16000,1248.8422675476656,21912.0,621.4823537987338,0.37866666666666665,0.6213333333333333,37.292426666666664,989.6319506789813,2.4198366130317543,0.18728984847743302,0.0,audio_261.wav,3.0
60.07475,16000,2447.648008138798,23668.0,1434.8082877997829,0.31174021648626143,0.6882597835137385,41.347034429641965,1665.1192334259683,0.5579796344476293,0.12494030867825988,0.0,audio_205.wav,4.0
45.06,16000,231.87426967282752,1804.0,165.49214658233467,0.0,1.0,45.06,119.98275251049687,0.5279195571754253,0.08097686553604297,0.0,audio_128.wav,2.0
61.0346875,16000,2687.7484838134505,30592.0,1454.0958112958308,0.36453040485166366,0.6354695951483363,38.785688155630226,1948.8458114240402,0.9263615589779628,0.10934469573623169,0.0,audio_650.wav,5.0
45.06,16000,1415.4349128836175,20519.0,677.6004077896139,0.37011545293072823,0.6298845470692718,28.382597690941388,1139.9604728877605,1.7789615831364456,0.16785697938440328,0.0,audio_35.wav,2.0
60.08,16000,1151.8897265504042,21737.0,417.2222318159121,0.6190476190476191,0.38095238095238093,22.887619047619047,1019.7851678586882,2.894477690516592,0.3334182895912633,0.0,audio_141.wav,3.0
60.08,16000,1354.249194379333,23451.0,645.1551587466711,0.44338994338994336,0.5566100566100567,33.441132201132206,1091.5262465132826,2.1073034995553206,0.1432081632907824,0.0,audio_260.wav,3.5
60.0106875,16000,2044.0743097039483,30594.0,1053.2495597138427,0.2838806467744624,0.7161193532255377,42.97481471911986,1540.0093812862526,1.7382629680375796,0.22900528031494422,0.0,audio_722.wav,5.0
58.624,16000,4473.02062311502,31129.0,3503.021757300764,0.0,1.0,58.624,870.0370885457245,2.443990372794382,0.4500422715550282,0.0,audio_5047.wav,0.0
60.0746875,16000,2001.8779771267307,29650.0,1238.2672319352473,0.20233139050791007,0.79766860949209,47.91969244379684,1249.8661221979803,0.8155091389860789,0.22762314371500447,0.0,audio_324.wav,5.0
60.0746875,16000,2108.979668347105,25934.0,1117.3331061855295,0.37218984179850123,0.6278101582014988,37.7154990632806,1576.692584823895,1.4151860452996123,0.14955461644579554,0.0,audio_279.wav,5.0
49.6213125,16000,2160.7969587431157,28667.0,1038.1085307346516,0.3570564516129032,0.6429435483870968,31.903702734375003,1734.9715957436,1.9409844093930466,0.10227221200594504,0.0,audio_450.wav,3.0
43.14,16000,2106.880026908231,26979.0,1144.5619972763097,0.18552875695732837,0.8144712430426716,35.136289424860855,1501.7136851879964,1.2357632600435131,0.1083812998106453,0.0,audio_32.wav,2.5
60.08,16000,1558.632159561213,22516.0,672.3824848119175,0.5409590409590409,0.4590409590409591,27.57918081918082,1329.6186984851495,2.9703130093911825,0.11280699984083706,0.0,audio_254.wav,3.5
60.0746875,16000,2475.2221031230947,30909.0,1095.6905216943492,0.594338051623647,0.40566194837635305,24.370014779350544,2087.7204343429275,1.789847466288275,0.12832997292950227,0.0,audio_544.wav,2.0
60.02,16000,1700.8892694113792,21848.0,814.9543787487504,0.39216666666666666,0.6078333333333333,36.48215666666667,1353.404143646594,2.1666177513834426,0.3118265909557137,0.0,audio_176.wav,4.5
60.0746875,16000,447.5801613375351,7988.0,280.0922091771181,0.0,1.0,60.0746875,288.0143843374835,2.7409526803536726,0.06155781247073952,0.0,audio_301.wav,4.5
60.07475,16000,2943.880634258942,31021.0,1573.9096292535548,0.33255620316402995,0.6674437968359701,40.0965192339717,2192.674432869049,1.4254245720209895,0.11970307793943996,0.0,audio_213.wav,5.0
60.0746875,16000,1682.2105622068136,32077.0,627.2454569572251,0.43880099916736054,0.5611990008326395,33.71385460033306,1470.443294837044,3.0150474092796027,0.2160791682012164,0.0,audio_295.wav,5.0
45.06,16000,402.77075959430897,4080.0,202.08804649356415,0.35346358792184723,0.6465364120781527,29.13293072824156,308.96121751360715,1.3894359973296426,0.15017913640026687,0.0,audio_40.wav,3.0
60.0746875,16000,1440.0758252190285,21873.0,751.0960377446823,0.02514571190674438,0.9748542880932556,58.5640667152373,1103.4313975130128,2.084946361056033,0.12977921210494447,0.0,audio_496.wav,2.5
38.88,16000,371.2118851197957,6028.0,200.82114197530865,0.3067421513124035,0.6932578486875964,26.95386515697375,267.4472760294387,1.0320159393242236,0.14600717915248707,0.0,audio_45.wav,2.5
60.08,16000,1384.9433945311512,22853.0,675.3859073318908,0.3253413253413253,0.6746586746586747,40.53349317349318,1055.4446687777906,1.8203494605579258,0.24253416541919673,0.0,audio_146.wav,3.0
43.9893125,16000,1936.9664386375268,30924.0,859.1306851522173,0.5274050488969753,0.47259495110302474,20.789126989993175,1603.1568662817067,2.115250919608974,0.17756042669515848,0.0,audio_415.wav,2.5
60.0746875,16000,2119.7996905549894,29063.0,1048.504948527614,0.40149875104079935,0.5985012489592006,35.95477549958368,1674.1556640632773,2.000940133361948,0.1493829549497812,0.0,audio_595.wav,3.0
60.0106875,16000,2357.361917044719,30665.0,1272.1239216764513,0.33888981496916154,0.6611101850308385,39.67367671695283,1737.419580711476,1.3764227768800903,0.1246675067956716,0.0,audio_783.wav,4.0
60.0746875,16000,1441.2988021990218,19212.0,647.6664162838966,0.4626144879267277,0.5373855120732722,32.28326670482931,1161.9855665298562,1.6062377092270477,0.11370337309637804,0.0,audio_673.wav,5.0
45.06,16000,993.7647373372299,14937.0,513.2503786617843,0.3186056838365897,0.6813943161634103,30.703627886323268,742.6359379433856,1.6934545850279,0.16567655026152667,0.0,audio_48.wav,2.5
60.0746875,16000,2126.8032749827557,31162.0,912.0259510297078,0.4810990840965862,0.5189009159034138,31.172810366361364,1783.1961267467623,3.2178398977808307,0.1426496628152069,0.0,audio_777.wav,4.5
60.1813125,16000,1499.877627959897,19567.0,685.3639221477597,0.44680851063829785,0.5531914893617021,33.29178989361702,1206.0282628471257,1.8706703411018297,0.09698618755841729,0.0,audio_330.wav,3.0
60.07475,16000,1376.7339472074893,17987.0,634.6643286072767,0.4849292256452956,0.5150707743547044,30.94274800166528,1102.8423444818502,1.5035613239041825,0.1389270647475278,0.0,audio_200.wav,3.0
60.08,16000,1339.4497754309127,23419.0,561.6453114597203,0.5532800532800533,0.44671994671994675,26.8389343989344,1141.4658904209389,2.526112521666533,0.1494113571606162,0.0,audio_259.wav,4.0
60.0746875,16000,1668.18371421625,22678.0,837.0296599545358,0.38767693588676105,0.6123230641132389,36.785116725645295,1286.1707484347926,1.2828740588385046,0.1262533890140804,0.0,audio_721.wav,3.0
57.96275,16000,1489.1834141770419,31012.0,715.6465553307944,0.34725578184328615,0.6527442181567138,37.83484993096306,1150.5100950602027,2.032599876369004,0.143961147419191,0.0,audio_223.wav,5.0
60.08,16000,1546.9795170967823,20973.0,896.7958159953396,0.21162171162171162,0.7883782883782884,47.36576756576756,1045.2974743172933,1.0094949019617974,0.28956733685017566,0.0,audio_175.wav,4.0
34.3253125,16000,1966.8315266581953,30108.0,837.3158092151383,0.5150102011075488,0.4849897988924512,16.647426406295544,1650.2537408628614,3.212630135474647,0.21609092431956067,0.0,audio_400.wav,4.0
60.0746875,16000,2176.811001714784,17999.0,1242.6103371324236,0.2677768526228143,0.7322231473771856,43.988076758950875,1557.8967270986632,0.970015690807426,0.134490019704659,0.0,audio_506.wav,2.0
60.0746875,16000,2337.2018576335363,31739.0,1172.1732530860024,0.46228143213988343,0.5377185678601166,32.30327492714405,1848.8433038590686,1.551158838194095,0.11537525203028733,0.0,audio_153.wav,3.0
60.0746875,16000,4271.9559081372645,31130.0,3337.159299621825,0.0,1.0,60.0746875,900.6553795137299,3.2536546378840048,0.45437549547749984,0.0,audio_5050.wav,0.0
60.0746875,16000,1523.5757731989643,20942.0,716.5150900701731,0.5197335553705246,0.48026644462947543,28.85185657785179,1247.384316050303,1.9361137452593775,0.1545286383393987,0.0,audio_281.wav,4.5
60.0746875,16000,2626.623973663259,30216.0,1508.9018492605558,0.2844296419650291,0.7155703580349708,42.98766564321399,1881.06986016578,1.4430882292270057,0.1578734365799204,0.0,audio_543.wav,3.0
60.0746875,16000,2691.069486085753,21262.0,1648.988889871462,0.27094088259783516,0.7290591174021648,43.79799864696086,1837.3590741579014,0.8177922305077262,0.0818669280082897,0.0,audio_445.wav,3.0
45.0,16000,848.813930932124,8884.0,499.3729916666667,0.09115162294353046,0.9088483770564695,40.898176967541126,596.5838344197322,1.2373199292223167,0.11589043873672046,0.0,audio_124.wav,2.0
20.84,16000,416.2766048593639,5173.0,207.8716620681382,0.0,1.0,20.84,327.378709609888,2.322334920336022,0.06773652752077591,0.0,audio_249.wav,2.0
60.0746875,16000,3502.4586226003416,30893.0,1929.842887239322,0.3295587010824313,0.6704412989175688,40.276551519567036,2611.1519488137988,1.226162537001013,0.1313512152593545,0.0,audio_420.wav,2.0
60.07475,16000,1868.454704835798,31198.0,833.5364202514368,0.45445462114904245,0.5455453788509576,32.77350224812656,1514.4099065191706,1.6277222388528263,0.1293930992150396,0.0,audio_203.wav,5.0
40.8746875,16000,2464.4673070309473,31229.0,1063.261107500822,0.49938800489596086,0.5006119951040391,20.462358858629127,2107.4767267846814,3.7430759116348558,0.07799459933883185,0.0,audio_278.wav,5.0
60.0746875,16000,2112.644042370625,30693.0,1131.5854587258568,0.30824313072439635,0.6917568692756036,41.557077747710245,1578.5657307641413,2.594164836485793,0.16689658903405555,0.0,audio_516.wav,2.5
25.344,16000,2299.2461249478306,30645.0,1284.1778798729483,0.21721958925750395,0.782780410742496,19.83878672985782,1664.7611727821422,1.8949540737986388,0.16470408357028185,0.0,audio_326.wav,4.0
60.0746875,16000,2552.3403502021824,29772.0,1443.6094933910392,0.15553705245628643,0.8444629475437135,50.73084767901749,1789.8941784259907,0.8785164564856311,0.17453916691115426,0.0,audio_603.wav,4.5
60.07475,16000,1535.014180747142,27068.0,717.7602143579458,0.46061615320566196,0.539383846794338,32.40334975020816,1210.8247370470976,1.6322709000676796,0.1411368140699858,0.0,audio_199.wav,4.0
55.6373125,16000,1929.9616754390365,31047.0,812.6257109381406,0.5578928443006113,0.44210715569938874,24.597653980133046,1663.1561959928351,3.7937483320562935,0.1757860066771812,0.0,audio_406.wav,2.5
60.0746875,16000,1886.8358244230467,29429.0,1032.591293129906,0.2960865945045795,0.7039134054954205,42.28737786219817,1382.746794522514,1.4335739357414445,0.11304689792071111,0.0,audio_538.wav,4.0
54.3786875,16000,2306.6563265264435,31007.0,1219.6318433577494,0.40746872700515085,0.5925312729948491,32.221072928164084,1734.164567294665,1.735071042098274,0.09867158281401929,0.0,audio_631.wav,5.0
60.0746875,16000,4492.081014982554,31130.0,3539.81457144492,0.0,1.0,60.0746875,842.780462116409,2.909710320017683,0.44356290197400317,0.0,audio_5061.wav,0.0
26.47475,16000,1874.6032239478234,26300.0,977.4955004296547,0.4374291115311909,0.5625708884688091,14.893923629489604,1435.5460714340072,1.193678470195765,0.1735502071554197,0.0,audio_196.wav,4.0
60.0746875,16000,2026.0157044894504,30657.0,1025.7180988249002,0.3450457951706911,0.6549542048293089,39.34616918193172,1520.6674748006328,1.3512788884222866,0.19868205585969118,0.0,audio_756.wav,4.0
61.0346875,16000,2391.2392787564004,22917.0,1283.177875286082,0.34043599409932795,0.659564005900672,40.25628298639567,1766.4073527144988,0.939040315732455,0.1262930672548574,0.0,audio_649.wav,5.0
45.0,16000,318.2928562965943,3653.0,169.39705833333332,0.28657180969319695,0.713428190306803,32.10426856380614,235.54091540695626,1.389927160977592,0.22191558599386943,0.0,audio_27.wav,2.0
60.0746875,16000,1807.8565508431498,31194.0,708.6541118087381,0.5518734388009991,0.44812656119900085,26.921063124479602,1561.3920088694656,2.4297925161922445,0.19283099977736023,0.0,audio_681.wav,5.0
60.0746875,16000,2154.4654864296776,32768.0,881.8374783472657,0.5851790174854288,0.4148209825145712,24.920240893005833,1850.9615158932424,2.322763198202195,0.19425110851711516,0.0,audio_556.wav,2.5
60.07475,16000,1607.5230782367842,22545.0,717.3759129251474,0.5537052456286428,0.44629475437135724,26.811045795170696,1346.408478142924,1.8456271779322433,0.08751502036527448,0.0,audio_185.wav,3.0
60.0106875,16000,2065.8275600788634,30651.0,1185.7234909198467,0.2623770628438073,0.7376229371561926,44.26525957451242,1467.241452504866,1.7315663373845884,0.16391993084557943,0.0,audio_369.wav,5.0
60.08,16000,1659.6162422199184,21802.0,867.1853112516644,0.2629037629037629,0.7370962370962371,44.28474192474192,1253.2095841286384,1.9746015289144552,0.21193742919589423,0.0,audio_241.wav,4.0
45.06,16000,797.038314853173,11388.0,335.75049378606303,0.5628330373001776,0.43716696269982236,19.698743339253998,669.7225663428658,1.727240658878855,0.19066410156472144,0.0,audio_98.wav,2.5
60.0746875,16000,2194.225672231287,31395.0,1295.8499003844174,0.2686094920899251,0.7313905079100749,43.93805620316403,1452.9339702895875,0.6408055394597588,0.1721775208750783,0.0,audio_389.wav,5.0
60.0746875,16000,1444.4218931452983,20371.0,629.0183126212684,0.5508742714404663,0.4491257285595337,26.981087791423814,1209.8770924531527,1.7608377773300343,0.12861399467745324,0.0,audio_357.wav,5.0
45.06,16000,1359.3102400647936,16078.0,768.9209026853085,0.24866785079928952,0.7513321492007105,33.855026642984015,976.6523992775359,1.395414993080016,0.12974385505971908,0.0,audio_112.wav,3.0
60.0746875,16000,2951.710604050636,31915.0,1672.7744973704607,0.22364696086594504,0.776353039134055,46.639166215653624,2070.705627711542,1.6962697247082401,0.1596483124114383,0.0,audio_675.wav,4.0
45.06,16000,583.6219867197534,9950.0,321.1321598979139,0.3716696269982238,0.6283303730017762,28.312566607460038,426.64207798239624,1.6714598951741984,0.22997701672355847,0.0,audio_113.wav,4.0
60.0746875,16000,2697.725262915955,26384.0,1533.1347468515753,0.3263946711074105,0.6736053288925895,40.46662963155704,1975.3859075036278,0.9681601976018717,0.13220848236672306,0.0,audio_483.wav,2.0
60.0746875,16000,1265.2827192487139,23694.0,618.4821560661468,0.01582014987510408,0.984179850124896,59.124296940049966,995.9603660224201,2.0970656090553947,0.12173921185525503,0.0,audio_474.wav,2.0
58.9226875,16000,2259.837692244079,23513.0,1113.0597743017067,0.40509337860780986,0.5949066213921901,35.05349694397283,1784.392705141299,1.5926538851890313,0.09070794113466601,0.0,audio_725.wav,4.5
60.0746875,16000,2229.0885478990067,30819.0,995.3826913373457,0.549375520399667,0.450624479600333,27.071124791840134,1886.026537745064,2.0312789959968707,0.15262267554728806,0.0,audio_774.wav,3.0
60.0746875,16000,2377.115677947734,30774.0,1214.928721019148,0.4897585345545379,0.5102414654454621,30.652596586178188,1879.8749991052139,1.5582180966524473,0.09480916443506722,0.0,audio_588.wav,2.5
60.0746875,16000,2608.309418326607,30692.0,1371.8643729940334,0.28093255620316404,0.719067443796836,43.197751977518735,1963.049765068465,1.9602112284899853,0.09602119863419871,0.0,audio_395.wav,3.0
60.07475,16000,3414.2503519921793,32767.0,1896.7101808580144,0.20216486261448793,0.797835137385512,47.92974641965029,2448.5347401185036,1.6250127977303048,0.11073091308215295,0.0,audio_210.wav,5.0
61.0346875,16000,1819.2610655207977,20318.0,899.076487243422,0.36961153909195216,0.6303884609080479,38.47556271512867,1407.434327099795,1.4425059623209318,0.11606321821425133,0.0,audio_309.wav,3.0
60.0746875,16000,2571.85385278408,30631.0,1410.7064497838628,0.28759367194005,0.71240632805995,42.797587531223975,1931.1543469933772,1.8023144599986531,0.10380526719892134,0.0,audio_457.wav,3.0
60.0746875,16000,2547.7321250686564,29584.0,1569.2532493406645,0.15220649458784347,0.8477935054121566,50.93092990216487,1689.0341688129176,1.202674294542635,0.12307609077876058,0.0,audio_492.wav,2.5
61.0346875,16000,2483.157684608665,26440.0,1107.847084905612,0.5702343878052778,0.4297656121947222,26.230609838551057,2053.254453461869,1.5959156599868214,0.08877338068350547,0.0,audio_738.wav,5.0
60.0746875,16000,1988.4695250888026,28907.0,953.1991281685819,0.42181515403830144,0.5781848459616985,34.734273938384675,1575.1882054451844,1.5004696370068593,0.11070709971140061,0.0,audio_305.wav,5.0
45.06,16000,403.1194950301433,3201.0,297.82390285175325,0.0,1.0,45.06,173.80980523630052,0.9167234251051252,0.07505281160232413,0.0,audio_123.wav,3.5
60.08,16000,2972.048258836045,31129.0,2323.8333804926765,0.0,1.0,60.08,534.0700205732172,2.8374223168904122,0.4551644215675158,0.0,audio_5053.wav,0.0
42.54,16000,275.86135044409735,6432.0,131.22262429478138,0.3419567262464723,0.6580432737535278,27.993160865475073,213.84109376767015,1.9097153888286147,0.17920512929761592,0.0,audio_89.wav,2.5
60.0746875,16000,1866.4088940655145,28538.0,992.5036439016017,0.3189009159034138,0.6810990840965863,40.916814633638644,1400.4224870715086,1.2110555287692422,0.1804630490827034,0.0,audio_747.wav,3.0
45.06,16000,836.9674813962821,7608.0,553.8871407567688,0.0,1.0,45.06,479.8910309731817,1.0917680176766642,0.10801307702657155,0.0,audio_115.wav,2.0
60.04,16000,1382.1000772589855,21616.0,659.0028106262491,0.4725091636121293,0.5274908363878708,31.67054981672776,1124.6344188704904,1.9886886823127978,0.21013721075242625,0.0,audio_235.wav,3.0
60.0746875,16000,1834.5927358062117,17669.0,1011.6876627531354,0.22014987510407993,0.7798501248959201,46.84925254995837,1363.997575910534,1.3280458266303292,0.16795672881853196,0.0,audio_414.wav,3.5
45.06,16000,1866.1674894175137,19363.0,1180.0466946848646,0.0,1.0,45.06,1180.8637227629565,1.3009297802952935,0.0858023826597629,0.0,audio_56.wav,2.0
45.12,16000,369.29706131223105,2884.0,260.0919755651596,0.0,1.0,45.12,194.06710013398944,1.294638836273583,0.08801957006256934,0.0,audio_43.wav,3.5
60.0746875,16000,1916.377827267736,31226.0,867.5151035950041,0.36869275603663615,0.6313072439633638,37.925585397585344,1524.221995972263,2.2635946372981586,0.23590867192262957,0.0,audio_394.wav,5.0
60.0746875,16000,2524.548188531778,32388.0,1425.7242411789491,0.27760199833472105,0.7223980016652789,43.39783420066611,1843.6891506948082,1.8131929742023174,0.157408389981627,0.0,audio_423.wav,3.0
60.0106875,16000,1694.6139177582374,30446.0,822.528010114865,0.48424737456242706,0.5157526254375729,30.950669632438743,1371.1525669500215,2.541021890908042,0.10581771977878918,0.0,audio_579.wav,4.0
60.0746875,16000,2431.2578984078123,30676.0,1146.0732640099043,0.40432972522897587,0.5956702747710241,35.78470560990841,1947.6985181443258,1.7933970629737495,0.170390160571123,0.0,audio_172.wav,3.0
60.08,16000,1165.8955748639721,21513.0,606.9498970123169,0.2192807192807193,0.7807192807192807,46.90561438561438,886.0264059829199,2.721759689420218,0.12923511280283873,0.0,audio_144.wav,5.0
59.9466875,16000,2954.003686136972,32663.0,1423.1288321810941,0.4730518938761889,0.526948106123811,31.58879344652094,2372.349238078045,1.5781790263114568,0.06341683122277526,0.0,audio_151.wav,2.5
60.06,16000,882.4203753508249,19788.0,374.7769490925741,0.4323784143904064,0.5676215856095936,34.091352431712195,722.7100766677559,1.893122947083618,0.15577459600253496,0.0,audio_65.wav,1.5
60.6576875,16000,1923.5957460023849,20175.0,915.1737135544444,0.3919854881266491,0.6080145118733509,36.880754256678756,1524.405765782933,1.6385120496249417,0.12398276391467684,0.0,audio_481.wav,2.0
60.08,16000,1532.9432375702604,22470.0,826.1958357606525,0.28621378621378624,0.7137862137862138,42.884275724275724,1152.6535971001804,2.187713455650133,0.17517078808545697,0.0,audio_262.wav,4.0
46.57075,16000,1491.6877546675985,23556.0,728.6200364499176,0.3422126745435016,0.6577873254564983,30.633649087003217,1101.5481435939607,1.1602916710115525,0.15895728402119896,0.0,audio_229.wav,4.5
45.06,16000,650.9866391686619,7247.0,385.3186542942743,0.22713143872113678,0.7728685612788633,34.82545737122558,434.75708550456426,0.9615424225598909,0.13718117119003995,0.0,audio_22.wav,4.0
60.0746875,16000,4027.873750282328,30910.0,2536.6773609933466,0.22014987510407993,0.7798501248959201,46.84925254995837,2692.656706938095,1.4267422322799757,0.11868467759890303,0.0,audio_434.wav,3.5
60.0746875,16000,1853.7818548980174,31714.0,1063.8240856433918,0.21498751040799333,0.7850124895920066,47.1593799958368,1318.6102666762386,1.7360871746512572,0.10421413367124639,0.0,audio_488.wav,3.0
60.0746875,16000,1862.544258317141,32768.0,787.6204474638341,0.4857618651124063,0.5142381348875937,30.892695253955043,1581.6919538722411,2.519475503868946,0.15682786201328763,0.0,audio_439.wav,3.0
60.08,16000,1708.387736102014,22438.0,740.548208638482,0.36946386946386944,0.6305361305361306,37.88261072261072,1381.1055587965277,2.1574618077137075,0.2454417500018205,0.0,audio_160.wav,2.0
60.0746875,16000,1996.8227739644624,29054.0,1088.6683399310234,0.32939217318900915,0.6706078268109908,40.2865556307244,1462.676756426704,1.4293565498855543,0.1524135606339615,0.0,audio_594.wav,3.0
61.0346875,16000,1844.1315938337718,19222.0,980.0011366487295,0.411735781019505,0.588264218980495,35.90452277290608,1382.2309744692006,0.8829377473339352,0.11519690667387569,0.0,audio_651.wav,5.0
60.0746875,16000,1804.4659506437642,19367.0,919.5972586207794,0.4066611157368859,0.5933388842631141,35.64464805370525,1413.0477894850005,1.633598152882257,0.09909549997190993,0.0,audio_569.wav,3.0
60.0746875,16000,2163.6819953800027,22363.0,1093.8655839866,0.41199000832639465,0.5880099916736053,35.324516496669446,1712.8893786776177,1.7046418108356756,0.09333287556934396,0.0,audio_440.wav,2.0
60.0746875,16000,2241.8933089783995,28716.0,1148.762454028579,0.30407993338884265,0.6959200666111574,41.807180526644466,1699.1846050700303,1.7867797479679481,0.17238767616110795,0.0,audio_658.wav,5.0
39.0613125,16000,2328.5262229535824,24956.0,1051.7718058628982,0.5081967213114754,0.4918032786885246,19.210481557377047,1891.8326136987203,1.2712766141412877,0.15852347275112805,0.0,audio_274.wav,3.0
60.0746875,16000,3534.264721795066,31130.0,2745.598436321454,0.0,1.0,60.0746875,822.632063501808,5.072637076945038,0.4576849210461156,0.0,audio_5065.wav,0.0
60.08,16000,2342.5722733451216,22670.0,1356.8824223951399,0.22627372627372627,0.7737262737262738,46.48547452547453,1654.1872018220895,1.7202980113660937,0.2245497925160125,0.0,audio_158.wav,2.5
60.0746875,16000,2009.3058567225341,24345.0,1113.8379933312178,0.3343880099916736,0.6656119900083264,39.98643229600333,1470.1464408486313,1.2755825187685992,0.1155250656995362,0.0,audio_493.wav,4.0
60.0746875,16000,2284.348164559744,30408.0,1304.2810543126004,0.20949208992506244,0.7905079100749376,47.48951566402998,1560.7163731828496,1.3896446928790618,0.15659169740968004,0.0,audio_646.wav,4.5
60.06,16000,1732.882830402387,25395.0,899.5203515234765,0.1402398401065956,0.8597601598934044,51.63719520319787,1305.3640570336406,1.487441569400428,0.11876469235420034,0.0,audio_64.wav,2.5
59.584,16000,1203.2873424076035,32768.0,523.5827413819146,0.5414707857622566,0.4585292142377434,27.321004701141703,1009.6103869508087,2.5257629728098006,0.1109107634922583,0.0,audio_451.wav,2.5
60.0746875,16000,2389.0796192546813,31252.0,1267.5407674821447,0.2929225645295587,0.7070774354704412,42.477455974188175,1788.4514396933848,2.052739185453863,0.21245763082166555,0.0,audio_277.wav,3.5
60.0746875,16000,2076.8404486821814,23152.0,1229.8720062006148,0.26794338051623645,0.7320566194837635,43.97807264779351,1434.5223325140937,1.1405252734301778,0.13055012827795429,0.0,audio_491.wav,2.5
45.06,16000,1748.5564340002456,18538.0,1104.461305758988,0.08880994671403197,0.911190053285968,41.05822380106572,1060.3163827110309,1.0460715417751714,0.13006842275358238,0.0,audio_52.wav,2.0
24.128,16000,303.96381222113155,6446.0,107.7971081316313,0.5993363749481543,0.4006636250518457,9.667211945250934,267.59769032399987,3.184356241963093,0.21769111014980042,0.0,audio_743.wav,4.0
60.08,16000,1349.8307877979405,22874.0,604.2269775715712,0.5414585414585414,0.45854145854145856,27.54917082917083,1120.1056723769525,1.6036680984645064,0.10159381407478994,0.0,audio_243.wav,3.0
60.0746875,16000,2515.363001981952,30885.0,1256.128097836547,0.4038301415487094,0.5961698584512907,35.81471794338052,1950.1908512573189,1.505604853679204,0.09307278239356467,0.0,audio_661.wav,5.0
60.0746875,16000,2712.8017082549563,25260.0,1503.6753239457134,0.30757701915070773,0.6924229808492923,41.597094192339725,2020.1085726873762,1.4755741973547525,0.10905602823155368,0.0,audio_456.wav,3.0
39.3,16000,532.7604787200986,7831.0,317.42083174300257,0.0012729124236252546,0.9987270875763747,39.24997454175153,360.3693865446386,1.5308111064009127,0.10788344129046007,0.0,audio_90.wav,4.0
60.0746875,16000,742.5999946018638,29164.0,251.7195303762504,0.6594504579517069,0.34054954204829313,20.458407316819322,673.0399414058576,3.7404702812467345,0.2937991706148811,0.0,audio_735.wav,4.0
60.0746875,16000,2327.172600595966,30629.0,1163.6664381317007,0.3913405495420483,0.6086594504579517,36.56502628018318,1787.2675821530745,1.4781449881887552,0.14763824992665373,0.0,audio_775.wav,4.5
60.0746875,16000,3223.1600346210944,29193.0,1803.6761416778072,0.37701915070774356,0.6229808492922564,37.4253798397169,2381.655733108714,0.9364137979129581,0.12227604417006348,0.0,audio_587.wav,2.5
45.06,16000,498.7591856502221,11428.0,289.83672464491787,0.2848579040852576,0.7151420959147424,32.224302841918295,350.8198020077604,1.3667414440812717,0.15499355719257268,0.0,audio_103.wav,2.5
44.64,16000,976.3818449181925,14216.0,457.8210055443548,0.3821156432093232,0.6178843567906769,27.582357687135815,761.4117422212277,1.697298105392618,0.14666099162885252,0.0,audio_111.wav,3.5
60.0746875,16000,3082.8330251493044,30821.0,1555.4174366283637,0.41298917568692756,0.5870108243130725,35.26449182972524,2429.7990500924816,1.6640100281135353,0.13919146395004547,0.0,audio_421.wav,2.0
60.0746875,16000,1857.0438049604252,25241.0,1097.9485182507192,0.19084096586178184,0.8091590341382182,48.60997611365529,1262.5948540743798,1.1484210080741828,0.2630228653112691,0.0,audio_683.wav,4.0
60.0746875,16000,2411.452192234195,31324.0,1116.3712066750243,0.49192339716902583,0.5080766028309742,30.52254314113239,1978.0366225395962,1.9622311509516763,0.12997376180042738,0.0,audio_152.wav,3.0
45.0,16000,3096.0697116380024,22147.0,2014.8377527777777,0.0,1.0,45.0,1893.6719373667406,1.8812332456430916,0.0825820591417488,0.0,audio_134.wav,3.0
45.06,16000,978.7399453886335,8268.0,701.8663074234354,0.0,1.0,45.06,469.3413370773772,0.9837388106970468,0.059062998034562296,0.0,audio_12.wav,4.5
60.03,16000,2176.230109273813,20959.0,1147.0033504081293,0.3776037327112148,0.6223962672887853,37.36244792534578,1669.8548645491587,1.6575366362132673,0.19914126180791042,0.0,audio_232.wav,3.0
45.06,16000,549.5709220289168,6939.0,280.3174115068797,0.36678507992895204,0.633214920071048,28.53266429840142,424.9794956075234,1.845243020772441,0.14178892280975755,0.0,audio_36.wav,3.0
60.08,16000,1534.3095428028266,23462.0,698.1992052263648,0.49184149184149184,0.5081585081585082,30.53016317016317,1275.8830036136403,2.9806435490202516,0.10756710590785817,0.0,audio_268.wav,5.0
59.16,16000,1781.3396478944221,19456.0,976.0673755493576,0.005410889414947582,0.9945891105850524,58.839891782211694,1319.088828875428,1.4493888687458285,0.08698982313833581,0.0,audio_68.wav,2.0
60.0746875,16000,2552.6164647060777,21995.0,1127.1900519665624,0.5237302248126561,0.4762697751873439,28.611757910074942,2140.4046837822293,1.5961957763478802,0.1445264951716303,0.0,audio_729.wav,3.0
51.56,16000,1303.0066850661567,21768.0,677.9731526377036,0.29025999223903765,0.7097400077609624,36.59419480015522,980.6970061573983,1.568578108259928,0.20981891221260693,0.0,audio_247.wav,4.5
52.096,16000,1301.272245162208,30656.0,448.4905906883446,0.5737327188940092,0.42626728110599077,22.206820276497695,1161.395684605887,3.915091384115334,0.14772265111842933,0.0,audio_224.wav,5.0
60.0746875,16000,3836.3949899024037,31079.0,2305.99939658446,0.22264779350541217,0.7773522064945878,46.69919088259783,2614.995947917091,1.249220890103533,0.14665613809491113,0.0,audio_425.wav,3.0
60.1386875,16000,1962.578560637179,30371.0,1138.0139718712685,0.23203592814371257,0.7679640718562875,46.18435132859282,1350.8119678231596,1.5961179174724274,0.1849622434832855,0.0,audio_392.wav,5.0
60.0746875,16000,2582.253415515172,25755.0,1344.6114815412066,0.36086594504579517,0.6391340549542048,38.395778621981684,2020.7016387015794,1.8543721615461672,0.08757857414840292,0.0,audio_615.wav,4.0
60.08,16000,1550.4345328920415,22035.0,824.0629483605193,0.33533133533133536,0.6646686646686646,39.93329337329337,1130.465302186142,1.4468939140589316,0.176242277216084,0.0,audio_245.wav,3.5
60.08,16000,1305.0344596546522,21439.0,530.848376123502,0.5456210456210456,0.45437895437895437,27.299087579087576,1123.8788414462208,3.291177608031302,0.15951664397120918,0.0,audio_271.wav,3.5
60.0746875,16000,1668.2656096475873,29271.0,785.9843444878511,0.41665278934221484,0.5833472106577852,35.04440138426312,1327.7812580411326,1.9759810001375877,0.0722185115595811,0.0,audio_321.wav,2.0
60.0746875,16000,4078.436664430635,31130.0,3161.998025374664,0.0,1.0,60.0746875,956.2503545100997,3.460633360902311,0.4624789584620795,0.0,audio_5043.wav,0.0
60.07475,16000,3222.7443392825567,28991.0,1909.6005871851319,0.2571190674437968,0.7428809325562031,44.62838630308077,2169.9649374525607,0.7102435905285781,0.09028761073455438,0.0,audio_187.wav,5.0
60.07475,16000,2807.2522123455956,31877.0,1320.2060859595754,0.4071606994171524,0.5928393005828476,35.614672772689424,2268.2069790479095,2.344645606702697,0.13868361778827398,0.0,audio_221.wav,4.0
60.07475,16000,1931.8696545224145,31352.0,885.7062961144242,0.40782681099084095,0.592173189009159,35.57465628642798,1546.3133317594327,2.174624024751716,0.17122228059862982,0.0,audio_219.wav,5.0
60.0746875,16000,1597.192976965183,16355.0,901.9378211497146,0.0033305578684429643,0.9966694421315571,59.87460527685263,1157.1758170777994,1.4173475286882595,0.09520450606225174,0.0,audio_601.wav,2.0
45.06,16000,546.4246576226735,4838.0,289.1670300710164,0.34214031971580816,0.6578596802841918,29.643157193605685,406.47448225875513,1.0763453529725826,0.13293682442413507,0.0,audio_100.wav,2.5
55.27475,16000,1703.0118585079967,32767.0,905.8565325939963,0.2309502262443439,0.7690497737556561,42.50903398190045,1151.3536294166513,0.9611920639889404,0.155946155281294,0.0,audio_227.wav,4.5
60.0746875,16000,1955.4485554387259,29918.0,998.7921004582837,0.47110741049125726,0.5288925895087427,31.7730570358035,1539.430764145905,1.6656842339814228,0.17559306445941195,0.0,audio_411.wav,2.0
44.0946875,16000,1891.6776446257809,18907.0,1079.195929214829,0.22577717267982755,0.7742228273201724,34.139113626049465,1263.4122630891386,0.7550429799040933,0.13977894131087407,0.0,audio_28.wav,3.0
60.0746875,16000,1811.213404025872,29849.0,723.6444425948949,0.621315570358035,0.378684429641965,22.749348771856788,1577.1781957502708,2.770215853362385,0.1699230332274234,0.0,audio_653.wav,2.5
45.06,16000,2244.7511300425335,16900.0,1504.0305481580115,0.003552397868561279,0.9964476021314387,44.89992895204263,1351.5993094370122,1.7252420764977738,0.05006248621627582,0.0,audio_29.wav,3.0
60.0746875,16000,2161.7008135087667,26620.0,1117.8191792508285,0.40466278101582015,0.5953372189841799,35.76469738759368,1653.8407368621279,1.4298856470791876,0.10196172676899773,0.0,audio_470.wav,2.5
59.1146875,16000,2050.0292035503917,19206.0,1118.715123673791,0.33525131155863935,0.6647486884413607,39.2964109832459,1531.9251684690887,1.5158224274924812,0.15086156767466596,0.0,audio_356.wav,3.5
60.0746875,16000,2454.998036226586,32768.0,916.5379387117079,0.564029975020816,0.435970024979184,26.190763009991677,2154.7151320721646,3.25513110686433,0.09281060847237914,0.0,audio_365.wav,2.0
45.06,16000,985.307581965852,14879.0,482.72247142698626,0.3297069271758437,0.6702930728241563,30.203405861456485,753.0524412562035,1.2504700852184658,0.11584986108780111,0.0,audio_58.wav,2.5
60.0746875,16000,2505.164325299752,21234.0,1298.3384942701532,0.42464612822647796,0.575353871773522,34.564204048709406,1958.022153648147,1.360452868338718,0.12958466240946157,0.0,audio_708.wav,3.0
60.0746875,16000,2395.2894238232775,32767.0,1397.5416892514006,0.30624479600333054,0.6937552039966695,41.67712708159867,1643.8861496150423,0.6002339765127653,0.17924165152924385,0.0,audio_319.wav,4.5
44.9266875,16000,4455.906272367707,31130.0,3494.5840654288168,0.0,1.0,44.9266875,888.6957506905779,2.3881740278179793,0.45275212638385365,0.0,audio_5067.wav,0.0
45.06,16000,1243.9628003951411,13089.0,706.6826051375944,0.19160746003552398,0.808392539964476,36.42616785079929,881.5010700417573,1.0634947668356127,0.07263935951975077,0.0,audio_135.wav,4.0
52.7573125,16000,2382.1034837674324,30959.0,985.4646642586276,0.5051194539249146,0.49488054607508536,26.108567619453925,2024.0861685502346,2.0497017587406723,0.20745489956356708,0.0,audio_612.wav,4.0
60.0106875,16000,2258.2164367442783,31283.0,1071.0580667401953,0.3560593432238707,0.6439406567761293,38.643321522337054,1817.1972511129854,2.91579389135414,0.19362092129518732,0.0,audio_373.wav,5.0
60.0746875,16000,1885.8589274395817,27023.0,747.4091053324247,0.5155703580349709,0.48442964196502913,29.10195935678601,1627.4993241323366,3.4568937385139495,0.21684696325611688,0.0,audio_680.wav,5.0
45.012,16000,2117.437286010905,22548.0,1209.4180426886164,0.20337852856190264,0.7966214714380974,35.85752567237164,1452.9443655825853,0.9016705583249006,0.16941200320470542,0.0,audio_63.wav,4.0
60.0746875,16000,2615.3817763028164,31402.0,1213.4390170568927,0.3858451290591174,0.6141548709408826,36.895161948376355,2126.3842280594936,2.85083717272434,0.13040239535411166,0.0,audio_700.wav,2.5
60.0746875,16000,2433.7166910381075,32314.0,1268.2838300240846,0.37052456286427976,0.6294754371357203,37.81554017485429,1857.9581911624389,1.5161438424976297,0.1476611381261223,0.0,audio_429.wav,4.0
61.0346875,16000,3121.2801516214663,30973.0,1697.4971967784713,0.24586133420750697,0.754138665792493,46.02861779831175,2207.684237888951,1.198355592383293,0.18941092863272282,0.0,audio_745.wav,5.0
60.0106875,16000,2397.080344081348,25803.0,990.9100795587452,0.6282713785630939,0.3717286214369061,22.307690135855974,2067.819764499853,1.6507841690380118,0.11660851724173844,0.0,audio_731.wav,2.0
60.0746875,16000,2467.858001842319,23918.0,1369.4923236179964,0.28093255620316404,0.719067443796836,43.197751977518735,1803.9324181394002,1.5545882384166483,0.15867140244321126,0.0,audio_461.wav,5.0
45.06,16000,698.4081341522543,19697.0,304.2220664114514,0.38543516873889877,0.6145648312611012,27.69229129662522,573.7987669953667,4.656347132782059,0.3352354294765722,0.0,audio_79.wav,2.0
60.0746875,16000,4632.764177226731,31129.0,3648.9338583742115,0.0,1.0,60.0746875,846.6251918711438,3.21701531637107,0.44690353872371236,0.0,audio_5038.wav,0.0
60.0746875,16000,2028.286159310075,22534.0,1151.824027382581,0.2497918401332223,0.7502081598667777,45.068520763946715,1422.1343001497157,0.9178061481430927,0.14790146422054237,0.0,audio_760.wav,4.0
45.06,16000,887.1323827171652,27375.0,506.98558172436753,0.3119449378330373,0.6880550621669628,31.003761101243345,620.6094986124288,1.5240223772286714,0.1591116831886418,0.0,audio_72.wav,2.0
60.0746875,16000,2898.1351944520293,30631.0,1620.3179178002383,0.35437135720233137,0.6456286427976686,38.78593895711907,2105.7796199909076,1.5230662219589213,0.16022884037977767,0.0,audio_696.wav,5.0
44.6506875,16000,1064.1841648327165,23387.0,425.38934310921866,0.5653148106654716,0.4346851893345284,19.408992549854357,906.2070515207613,2.0898679783888032,0.22033006256911297,0.0,audio_744.wav,4.0
60.0746875,16000,2196.4165256436795,22647.0,1136.3120937999054,0.36536219816819315,0.6346378018318068,38.12566762073273,1651.56282263943,1.1800627942042554,0.10072472362499142,0.0,audio_662.wav,5.0
60.0746875,16000,2052.7299979125933,30289.0,1099.7551402160852,0.2909242298084929,0.7090757701915071,42.597505308076606,1537.1577782145366,1.4513830897681028,0.09598166447148027,0.0,audio_570.wav,3.0
36.12,16000,1211.566727887646,19583.0,665.7645850636766,0.31301939058171746,0.6869806094182825,24.813739612188364,896.7857596272776,1.164872518050019,0.09905713430428832,0.0,audio_10.wav,3.0
60.0746875,16000,2008.9571590693524,20112.0,1107.5274039086762,0.3237302248126561,0.6762697751873439,40.62669541007494,1490.757222170386,1.7187944761016984,0.17184044011926833,0.0,audio_628.wav,2.5
60.0746875,16000,2331.590867331278,32119.0,1078.8453071437118,0.4076602830974188,0.5923397169025812,35.58462338676104,1929.485316165447,2.9271290119763105,0.1843790119372364,0.0,audio_606.wav,3.5
45.06,16000,4724.313275737776,32768.0,2589.4019654349754,0.1936056838365897,0.8063943161634103,36.33612788632327,3480.509861096531,1.6529350549566937,0.1167597602637598,0.0,audio_73.wav,4.0
60.0746875,16000,2230.4815573692013,30854.0,1200.573865864887,0.37751873438801,0.62248126561199,37.395367506244796,1705.249482657847,1.4361371003642787,0.18108415158646435,0.0,audio_605.wav,4.0
45.06,16000,949.4264988068885,21431.0,437.3020195295162,0.45959147424511543,0.5404085257548845,24.350808170515098,754.4223534729907,1.6618402839541957,0.20885237579390784,0.0,audio_106.wav,3.5
60.0106875,16000,1479.6597516924032,30590.0,677.6321790597716,0.38339723287214533,0.6166027671278547,37.00275596974496,1154.5318080604063,1.7489006961556575,0.17589593509482696,0.0,audio_306.wav,5.0
45.06,16000,725.04201396833,5751.0,425.9836537394585,0.2455595026642984,0.7544404973357016,33.995088809946715,503.7451474390941,0.9908484865114312,0.1981305455650044,0.0,audio_75.wav,2.0
60.0746875,16000,1823.2944798271978,22526.0,1029.486813809893,0.1965029142381349,0.8034970857618651,48.26983633430475,1310.7789573428427,1.6427614311424956,0.13789515956196147,0.0,audio_550.wav,3.5
60.0746875,16000,1411.687180519255,31551.0,563.1677547219867,0.4386344712739384,0.5613655287260616,33.72385871149043,1156.0055231260667,2.407811542397357,0.23934398258832243,0.0,audio_340.wav,5.0
46.336,16000,2566.962198846716,24175.0,1252.252133869993,0.41925734024179623,0.5807426597582037,26.909291882556126,1980.5837990628916,1.068592184793731,0.17025661777103354,0.0,audio_272.wav,3.0
60.0746875,16000,2491.2626591148814,30982.0,1315.2468500148252,0.2746044962531224,0.7253955037468776,43.57790820149875,1879.1756820841374,3.324478614798697,0.16442258274604293,0.0,audio_518.wav,3.5
43.74,16000,2865.2019622214843,32768.0,1597.0415337791496,0.27721866422689845,0.7227813357731016,31.614455626715465,2114.5803316993824,1.7655415428447467,0.10061456992251075,0.0,audio_34.wav,2.0
45.0,16000,1962.2466067930486,32768.0,924.4841125,0.3190306803023566,0.6809693196976434,30.643619386393954,1545.1058828941602,1.7983628703403445,0.10230014208353067,0.0,audio_87.wav,2.0
61.03475,16000,2663.2248267969835,30383.0,1483.1868628117588,0.2347156203901,0.7652843796099,46.708940788395346,1897.104136764973,1.503276366089395,0.11537291806401073,0.0,audio_211.wav,5.0
60.0746875,16000,2731.1515460172773,30950.0,1616.0060747298935,0.27676935886761034,0.7232306411323897,43.447854756452955,1917.490487413828,1.034547750173854,0.14740936793196796,0.0,audio_431.wav,3.0
60.0746875,16000,2279.8633967416267,31038.0,1174.606559543069,0.3613655287260616,0.6386344712739385,38.36576628850958,1710.551648515783,1.352027709498916,0.09192108981121397,0.0,audio_555.wav,5.0
60.0746875,16000,1943.5244125640215,26255.0,1036.6415930170256,0.30724396336386345,0.6927560366361365,41.617102414654454,1400.782294954802,1.483571257971285,0.15442252032368076,0.0,audio_648.wav,5.0
60.0746875,16000,2704.8261660415174,31129.0,2089.543193628764,0.0,1.0,60.0746875,686.4800273845656,3.980654863349615,0.4711816761236545,0.0,audio_5051.wav,0.0
60.0746875,16000,2365.1771994893566,29807.0,1329.8186413787005,0.3122398001665279,0.6877601998334721,41.31697907993339,1718.9397513517479,1.1489476993574477,0.14023391739856886,0.0,audio_422.wav,2.0
60.0746875,16000,2637.2851758458864,26213.0,1437.8696580818669,0.3014154870940883,0.6985845129059117,41.96724630516237,1962.392811801669,1.4450245406345132,0.17136915128475624,0.0,audio_627.wav,2.5
45.0,16000,359.1254402112783,3723.0,201.74421527777778,0.016229435304579813,0.9837705646954202,44.26967541129391,247.45259666320945,1.3226128745502301,0.06669037040329223,0.0,audio_122.wav,5.0
45.06,16000,3368.9222000559703,32768.0,1244.0214464047936,0.42451154529307283,0.5754884547069272,25.93150976909414,3018.8282388210996,4.638636631015552,0.0597995170321752,0.0,audio_88.wav,3.5
60.0746875,16000,2585.501820972661,29554.0,1423.0474003714128,0.3878434637801832,0.6121565362198168,36.77511261448793,1907.110507609732,1.2959653433219291,0.09270969232017678,0.0,audio_165.wav,2.5
60.0746875,16000,2273.780142436341,29948.0,1234.9799125047466,0.2867610324729392,0.7132389675270607,42.847608087010826,1674.3103424449193,1.4281088219548637,0.18466719517599986,0.0,audio_276.wav,3.5
61.0346875,16000,3245.4493328940616,30881.0,1806.0954221728423,0.22602851991476808,0.773971480085232,47.23910742091461,2231.299601239048,0.9344562871947885,0.1928413584911843,0.0,audio_746.wav,5.0
60.08,16000,1315.8707242578062,16797.0,586.8994829810252,0.5442890442890443,0.45571095571095566,27.379114219114214,1106.9640335952322,1.9780764050586543,0.09541870778410846,0.0,audio_252.wav,3.5
60.08,16000,918.6840754403603,11660.0,389.97874292609856,0.5238095238095238,0.47619047619047616,28.609523809523807,775.2248518777053,1.6289224777592142,0.11731453615443592,0.0,audio_266.wav,4.0
60.0106875,16000,1480.5158467734786,19934.0,665.296185783574,0.520086681113519,0.47991331888648103,28.79992820678446,1210.105769777759,1.4609099462827189,0.18105335513502818,0.0,audio_611.wav,4.5
60.0746875,16000,2953.1520120971254,31130.0,2304.4428456244573,0.0,1.0,60.0746875,640.0040221014059,4.914995631417568,0.4544264737399526,0.0,audio_5058.wav,0.0
45.0,16000,1905.2434815146767,20190.0,1037.6912291666667,0.28345931525122275,0.7165406847487772,32.24433081369497,1363.995503922091,1.1289161488210693,0.20250861459529804,0.0,audio_81.wav,3.0
44.88,16000,532.4165138151702,8649.0,257.655162377451,0.3999108337048596,0.6000891662951404,26.932001783325905,409.87556731325236,1.816805141787201,0.11115490078389703,0.0,audio_3.wav,3.0
45.06,16000,1067.4218821686989,14872.0,519.1318256213937,0.3132770870337478,0.6867229129662522,30.943734458259325,815.0928454783473,1.8471685726340554,0.16886119737738206,0.0,audio_21.wav,2.0
60.551,16000,1610.5362826968742,16889.0,781.2242685917656,0.3907153477614406,0.6092846522385593,36.89279497769701,1292.246487365132,1.5642508751407338,0.07952292233295315,0.0,audio_190.wav,3.0
60.02,16000,2187.5462430279035,20313.0,1198.2484536404531,0.36333333333333334,0.6366666666666667,38.21273333333334,1614.149278470164,1.0630647450902884,0.12611538457533383,0.0,audio_189.wav,5.0
60.0746875,16000,2064.8639848784337,24135.0,1145.1567090964893,0.29725228975853457,0.7027477102414654,42.21734908409659,1508.27165323137,1.1821859509875656,0.11250382336968395,0.0,audio_519.wav,3.0
60.0746875,16000,2048.1793169799225,26978.0,1096.9197436524325,0.36353039134054954,0.6364696086594505,38.23571284346378,1517.5047006938507,0.860553594458318,0.15239899541611787,0.0,audio_748.wav,2.5
60.0746875,16000,1989.2131265577495,30363.0,1068.5751507238385,0.3518734388009992,0.6481265611990008,38.936000624479604,1511.1401694242907,1.5163256913566112,0.11392081099132953,0.0,audio_505.wav,3.0
60.0746875,16000,1164.0241653268743,28037.0,420.6235071967707,0.6792672772689425,0.32073272273105746,19.267918089092426,1033.1205619962363,2.0790728493521518,0.23840556641011076,0.0,audio_361.wav,4.0
60.0746875,16000,4379.524639246014,31129.0,3441.5826726106566,0.0,1.0,60.0746875,777.2340135767296,2.084309304013507,0.4487148275998394,0.0,audio_5052.wav,0.0
44.28,16000,500.246428521798,6350.0,316.07507480803974,0.01174875734297334,0.9882512426570267,43.759765024853145,307.0299160366523,1.1829109629360908,0.11313814523789696,0.0,audio_16.wav,4.0
60.0746875,16000,1856.3215631050848,21977.0,918.7405458829894,0.3527060782681099,0.64729392173189,38.88598006869275,1442.7348689656128,1.3391943357513933,0.17369854576703558,0.0,audio_327.wav,5.0
60.0746875,16000,1718.0307495340257,19291.0,911.6511509111054,0.3643630308076603,0.6356369691923397,38.185692287676936,1300.6915603061827,1.4829290145870968,0.09961776706887475,0.0,audio_313.wav,3.0
60.0746875,16000,1548.0914224865626,30477.0,821.4632462715682,0.3014154870940883,0.6985845129059117,41.96724630516237,1174.6206435871695,2.4519630294888253,0.12686200704540396,0.0,audio_589.wav,2.5
60.0746875,16000,2777.6042527962504,19559.0,1616.9103095625758,0.2950874271440466,0.7049125728559533,42.34740252914238,1918.7221102828362,0.5538330699348843,0.13560425886969749,0.0,audio_416.wav,3.5
60.167,16000,2087.3008907040917,31010.0,1023.9977240430801,0.30324189526184536,0.6967581047381546,41.92184488778055,1573.9582519750163,2.0904172617864267,0.20730239095184128,0.0,audio_762.wav,5.0
60.0746875,16000,942.3391982258427,12303.0,403.91973949094614,0.5846794338051624,0.4153205661948376,24.950253226477933,789.3079700393603,2.003137516875541,0.18528725730705767,0.0,audio_714.wav,3.0
60.0746875,16000,2255.4184685543914,30957.0,1064.929815490093,0.4686094920899251,0.5313905079100749,31.92311870316403,1854.4184956617864,2.564029118036084,0.10417668025393417,0.0,audio_455.wav,3.0
38.46,16000,327.4371727441904,3706.0,190.93388098023922,0.053069719042663895,0.9469302809573361,36.41893860561915,225.4523191798536,1.5400980575978307,0.09835234391631552,0.0,audio_42.wav,3.0
60.0746875,16000,2023.7552760699657,30589.0,1089.5880669375101,0.3935054121565362,0.6064945878434638,36.43497283513739,1535.1357002262585,1.7430862894662373,0.14223039261585071,0.0,audio_561.wav,4.0
60.188375,16000,1295.6918798224908,19048.0,654.8115427190052,0.46551437593485123,0.5344856240651488,32.1698211733422,1026.8252173911071,1.3504501341154385,0.09761965830160133,0.0,audio_226.wav,3.0
45.06,16000,1414.6564221785352,28665.0,665.4669621060808,0.41185612788632325,0.5881438721136767,26.501762877442275,1138.6175479349067,2.02015461078985,0.1944562728255005,0.0,audio_110.wav,3.5
61.0346875,16000,1905.3485330104263,15702.0,1061.3107095862497,0.31748893623996066,0.6825110637600393,41.656849491886575,1339.7340406499993,0.7047126561354172,0.0908418786877121,0.0,audio_739.wav,5.0
60.0746875,16000,2572.13007517385,29364.0,1499.9694422047555,0.31423813488759367,0.6857618651124063,41.196929746044965,1828.7680797565554,0.7679874026618262,0.11933907202916373,0.0,audio_504.wav,3.5
60.0746875,16000,1336.2130361946543,24204.0,653.3105270002445,0.3328892589508743,0.6671107410491257,40.07646929641965,1027.756905872329,2.1435294222259698,0.1802144000066584,0.0,audio_379.wav,4.0
60.0746875,16000,1276.7370969089382,14953.0,675.431549269399,0.0,1.0,60.0746875,974.9157427668707,1.8181544621594528,0.12491234859976239,0.0,audio_520.wav,2.5
60.0746875,16000,4102.154138525551,31130.0,3215.364865609996,0.0,1.0,60.0746875,797.3024776634552,4.371723380965477,0.46057403604267194,0.0,audio_5068.wav,0.0
44.64,16000,2380.756445296057,15093.0,1383.6840851814516,0.11362617660242044,0.8863738233975795,39.56772747646795,1705.8051966913504,0.8653664112478371,0.08706329393942364,0.0,audio_30.wav,2.0
60.08,16000,4581.196582754041,31129.0,3594.9047811251667,0.0,1.0,60.08,918.0491275536938,2.9733366141850754,0.45361336302988,0.0,audio_5041.wav,0.0
60.0746875,16000,1774.3887090337378,24830.0,976.123347499727,0.23996669442131557,0.7600333055786844,45.65876332223148,1340.939817051622,1.8625587609733254,0.14112239568703092,0.0,audio_485.wav,3.0
61.0346875,16000,1154.3337456260401,22633.0,575.5713318758288,0.005245041796426815,0.9947549582035732,60.71455801303065,902.7435204350822,2.0520354620299424,0.11302498376945873,0.0,audio_475.wav,2.0
60.08,16000,1214.2184634666628,21381.0,650.723024508988,0.18464868464868464,0.8153513153513153,48.986307026307024,904.6250157426504,1.9532943934057168,0.13046992600483315,0.0,audio_145.wav,4.0
60.0746875,16000,1629.5985085017878,26762.0,907.5226618948288,0.3268942547876769,0.673105745212323,40.436617298084926,1156.107482119595,0.7788853982416076,0.18653466417809517,0.0,audio_308.wav,5.0
60.07475,16000,2255.5528526591597,30740.0,1222.7625874431437,0.3547044129891757,0.6452955870108243,38.76597106577852,1688.8906613144336,0.992707746859866,0.0920063046520217,0.0,audio_184.wav,3.0
60.0746875,16000,2784.9379498982603,27427.0,1606.2002913040537,0.3385512073272273,0.6614487926727727,39.73632951706911,2012.7216327641445,0.8451985773369524,0.0946323010755373,0.0,audio_586.wav,2.5
60.0746875,16000,2031.405503732752,18670.0,1061.8965506478914,0.35570358034970856,0.6442964196502914,38.70590606786011,1571.7771843577962,1.48533135243371,0.15593314148860687,0.0,audio_398.wav,3.5
58.3893125,16000,2325.519933169987,30407.0,1228.925071904212,0.3361315744389241,0.6638684255610758,38.762820958968646,1759.0065430575912,1.5108624012996064,0.1063444897819376,0.0,audio_726.wav,5.0
60.0746875,16000,3319.6622719635266,32183.0,1833.2963259276214,0.3693588676103247,0.6306411323896752,37.88556895295587,2463.939012715965,1.3073494795941751,0.0779155924818507,0.0,audio_466.wav,3.0
60.07475,16000,2016.9011846926364,30591.0,874.7508822342165,0.47027477102414655,0.5297252289758534,31.82311069941715,1663.2057707900137,1.9592204058193956,0.17899177586233803,0.0,audio_218.wav,5.0
58.2613125,16000,1398.7974853537075,30876.0,551.9706720046858,0.4637706043956044,0.5362293956043955,31.241428388993814,1174.8715145306962,2.506201775227482,0.158042438155721,0.0,audio_644.wav,3.0
60.224,16000,1409.2107701715352,32768.0,555.8432518597238,0.6104651162790697,0.38953488372093026,23.4593488372093,1237.1174638732398,2.803616235202316,0.07689633378754088,0.0,audio_351.wav,3.0
36.32,16000,1063.7073823605854,16885.0,541.4634739812775,0.3137741046831956,0.6862258953168043,24.923724517906333,808.0401727579246,1.4783941613680842,0.22701546499081943,0.0,audio_248.wav,5.0
45.06,16000,493.4677713026036,8961.0,253.65805869951177,0.291740674955595,0.7082593250444049,31.914165186500888,379.33732490979787,2.95758920702458,0.10681051210956517,0.0,audio_83.wav,3.0
45.06,16000,432.84889669639074,5635.0,238.15092099422992,0.1700710479573712,0.8299289520426287,37.396598579040855,296.58214678431466,0.8788753195886002,0.17244947354842646,0.0,audio_71.wav,2.0
60.0746875,16000,1981.5046714571395,31078.0,1008.6127455927257,0.3670274771024147,0.6329725228975853,38.02562650915903,1532.5925635602925,1.3814951938696962,0.12504863742387073,0.0,audio_287.wav,5.0
60.224,16000,1163.8222014351716,15100.0,378.0448357382439,0.7215946843853821,0.2784053156146179,16.76668172757475,1069.1641111657084,3.2814658263865737,0.0834136758328032,0.0,audio_367.wav,2.0
60.0746875,16000,2495.4544552672655,32392.0,1030.1707374674234,0.5019150707743547,0.4980849292256453,29.92229647169026,2106.836856609236,2.4639462344251872,0.12253717771854589,0.0,audio_166.wav,3.0
45.06,16000,584.2852085873162,27014.0,79.73528073679539,0.9691385435168739,0.030861456483126104,1.3906172291296623,583.0497245954986,21.398884195560925,0.06618545576100722,1.0,audio_94.wav,2.0
45.06,16000,1017.0503818940922,9724.0,716.9333749445184,0.0,1.0,45.06,488.55266233303206,0.690167629471063,0.13559162171496575,0.0,audio_108.wav,1.0
60.0746875,16000,2408.468201103251,26647.0,1261.0018071255051,0.34004995836802665,0.6599500416319733,39.64629251665279,1845.0966272123185,1.4429601397871772,0.15616098311058954,0.0,audio_511.wav,4.0
60.0106875,16000,3746.9028081759548,31130.0,2947.883318700523,0.0,1.0,60.0106875,623.6213557326555,2.0222642941626408,0.4469489777851839,0.0,audio_5059.wav,0.0
44.224,16000,2059.7593670709643,24818.0,1108.8818274579414,0.29796380090497737,0.7020361990950226,31.046848868778277,1462.9887271790408,1.0597054739772573,0.1457313134996177,0.0,audio_310.wav,5.0
45.12,16000,266.024514703031,2079.0,193.55386192375886,0.0,1.0,45.12,132.821293640724,1.292715503874394,0.04658555876767338,0.0,audio_50.wav,3.0
45.06,16000,529.687043674445,7925.0,262.5680287394585,0.4216252220248668,0.5783747779751331,26.0615674955595,417.7831660932611,1.6195525113526688,0.12383921970597496,0.0,audio_6.wav,3.0
60.0746875,16000,2385.0951872633436,31069.0,1303.6511779607677,0.2739383846794338,0.7260616153205661,43.61792464612822,1765.0623230029323,1.8313685435572682,0.11653630796696608,0.0,audio_515.wav,2.5
50.048,16000,1279.069696559433,30794.0,513.625330932305,0.5668598840695582,0.43314011593044177,21.67779652208675,1085.7658695853138,2.3841894286136864,0.23176404622068592,0.0,audio_742.wav,4.5
60.0746875,16000,2555.534729864957,31030.0,1372.5549467069636,0.3781848459616986,0.6218151540383015,37.35535106161532,1932.6860447560332,1.4687754408283633,0.07958539067035375,0.0,audio_545.wav,2.5
60.0746875,16000,2316.3991929285207,32767.0,1112.076982298077,0.3623646960865945,0.6376353039134055,38.30574162156537,1833.8412605866868,2.4035832489762563,0.10760470831070523,0.0,audio_489.wav,3.0
60.0746875,16000,2898.227948061806,29225.0,1702.1367027502224,0.30907577019150706,0.690924229808493,41.5070571919234,2013.6876334878857,0.8154170023386698,0.17364964824998907,0.0,audio_697.wav,5.0
60.167,16000,1599.5811696465573,22643.0,857.9470390745757,0.33798836242726515,0.6620116375727348,39.83125419783874,1194.879970562125,1.4283228526862666,0.1009275235256905,0.0,audio_225.wav,3.0
60.0746875,16000,2052.648492734322,31271.0,1011.9602744500336,0.4504579517069109,0.5495420482930891,33.013566819317234,1620.7957559276483,1.6145446838202435,0.13456180542117407,0.0,audio_553.wav,2.0
53.2,16000,1468.9922190113798,21016.0,755.3881038533834,0.43493794659646484,0.5650620534035351,30.06130124106807,1145.2535282474248,1.4352489464549258,0.1986351017799598,0.0,audio_237.wav,3.0
60.07475,16000,1977.8522401154353,29603.0,1019.2542530347608,0.48093255620316405,0.5190674437968359,31.182846919233967,1577.6840182429396,2.140990259301815,0.09353877204937604,0.0,audio_197.wav,4.5
60.0746875,16000,2232.126191452425,30374.0,1180.2056440160425,0.3122398001665279,0.6877601998334721,41.31697907993339,1710.0346220605732,2.016630596431762,0.11344015880248941,0.0,audio_449.wav,4.0
60.0746875,16000,2257.3370171623096,26919.0,1194.1533070812895,0.29758534554537885,0.7024146544546211,42.19734086178185,1739.2220703065254,1.874467409104723,0.1624323497649798,0.0,audio_567.wav,3.0
60.0746875,16000,2480.939756030947,30990.0,1199.3089227472053,0.4293089092422981,0.5706910907577019,34.28408893630308,1971.7249310939076,1.8875396635642634,0.14830200771124247,0.0,audio_477.wav,2.0
45.4826875,16000,1799.7400026562802,25670.0,903.9041256082328,0.41069071711394634,0.5893092828860537,26.803369954355475,1415.8649580188212,1.566468465176223,0.12332868870255399,0.0,audio_728.wav,3.0
59.2213125,16000,1378.7189950784837,17395.0,628.3673434711533,0.5219594594594594,0.47804054054054057,28.310188239020274,1125.5729264245692,1.295279344218471,0.17758933659792728,0.0,audio_377.wav,4.0
60.0746875,16000,2198.7513024854566,29717.0,1263.2554913415072,0.2829308909242298,0.7170691090757702,43.07770264363031,1505.2778681450816,0.7724089827313668,0.12190255036964442,0.0,audio_633.wav,5.0
45.8453125,16000,2628.7861837688697,32070.0,1172.6890685389046,0.48156229543966833,0.5184377045603317,23.767938577351078,2186.130623454303,2.278383530521606,0.12642258467343945,0.0,audio_690.wav,4.0
60.0746875,16000,3074.0006030068116,30390.0,1733.5251754326646,0.30491257285595336,0.6950874271440466,41.75715997085762,2189.4568709145797,1.174963748380446,0.20259177647800547,0.0,audio_525.wav,4.5
43.62,16000,450.10396232418486,4781.0,243.77025733608437,0.31055045871559633,0.6894495412844037,30.07378899082569,328.2010106253833,1.1073595646678902,0.12565928137792495,0.0,audio_31.wav,3.0
60.0746875,16000,2502.861259601749,32088.0,1394.0136205452588,0.28509575353871774,0.7149042464612823,42.947649198584514,1793.5983301334059,1.9151043995217703,0.15113910407264297,0.0,audio_676.wav,4.0
60.02,16000,1513.5668498351645,23607.0,710.392710763079,0.3903333333333333,0.6096666666666667,36.592193333333334,1227.987472493167,2.588681171724436,0.17186060048796287,0.0,audio_263.wav,4.0
60.0746875,16000,3538.7173904467886,31129.0,2747.8970052902896,0.0,1.0,60.0746875,832.8021375516637,5.295632966662985,0.4584932906364376,0.0,audio_5070.wav,0.0
60.0746875,16000,3026.7658395245876,29115.0,1638.1819714001842,0.3706910907577019,0.6293089092422981,37.80553606369692,2278.120973343081,1.3294477936745275,0.11861809374590353,0.0,audio_510.wav,3.0
60.0746875,16000,2691.9730724729375,32768.0,1095.185529471127,0.585345545378851,0.414654454621149,24.91023678184846,2329.249606692869,2.3736767754189145,0.09325900910742264,0.0,audio_577.wav,4.0
55.573375,16000,1729.7179638306477,32767.0,899.4615958181413,0.28496849684968495,0.715031503150315,39.736713861386136,1214.8641696155637,1.0984990592783705,0.15918836941742495,0.0,audio_230.wav,4.5
60.0746875,16000,1484.3884757586122,24402.0,602.5953432966255,0.48859283930058284,0.5114071606994172,30.722625364279768,1254.8420804984585,2.2612384376348675,0.1322709047289101,0.0,audio_314.wav,3.5
60.0106875,16000,1613.5104765667659,29792.0,610.5766358284097,0.6292715452575429,0.3707284547424571,22.247669444907487,1417.518354700645,2.546477898166363,0.14327775289792433,0.0,audio_641.wav,4.0
51.4986875,16000,2010.569852583452,28685.0,1007.4369625924933,0.31196581196581197,0.688034188034188,35.43285763888889,1562.658245840715,2.0261732582898393,0.11393993528953443,0.0,audio_689.wav,4.0
60.0746875,16000,1716.742598494846,21637.0,926.3210097846951,0.2964196502914238,0.7035803497085762,42.267369639883434,1267.2639728340775,1.2890963450865822,0.1548740420768336,0.0,audio_352.wav,4.5
23.65875,16000,2147.0953561281763,31321.0,1250.0340545252814,0.3079526226734349,0.6920473773265652,16.372975888324873,1488.6579073987984,1.076542661150087,0.16265431038809738,0.0,audio_193.wav,4.0
60.0746875,16000,4527.9188420092405,31130.0,3552.36889288854,0.0,1.0,60.0746875,876.0321184915815,2.660243382921899,0.44940355432930296,0.0,audio_5049.wav,0.0
60.0746875,16000,1989.9352173552143,22028.0,1224.473377410411,0.17768526228143214,0.8223147377185679,49.40030089508743,1263.4369322347757,0.5432010821818295,0.21134131091122083,0.0,audio_300.wav,5.0
60.0746875,16000,1506.9523914687904,20015.0,486.8801086147972,0.7228975853455454,0.2771024146544546,16.646840965861784,1374.180780141856,2.7661472731236794,0.13283894822481207,0.0,audio_581.wav,1.5
60.0746875,16000,2612.7408921448564,30159.0,1295.9486046015636,0.5252289758534554,0.4747710241465446,28.521720909658622,2094.014634192545,1.3784270357588049,0.104681261014946,0.0,audio_164.wav,2.5
60.0746875,16000,2697.354951610139,30165.0,1691.7167421803067,0.14521232306411325,0.8547876769358868,51.35110257077436,1766.259090501749,1.1525667798781754,0.1274955940216023,0.0,audio_502.wav,3.0
58.6666875,16000,2440.2247616489635,30452.0,1300.0720596335016,0.2908780903665814,0.7091219096334186,41.60183347186701,1842.3728681232344,2.053456145234765,0.1591300846094351,0.0,audio_380.wav,4.0
43.32,16000,559.9143091789372,6865.0,335.3645530355494,0.014087759815242495,0.9859122401847575,42.709718244803696,387.25269583154346,2.3399993072052316,0.055696063735087335,0.0,audio_15.wav,2.0
27.62,16000,2511.333499638507,23069.0,1140.6921162201304,0.3090579710144927,0.6909420289855073,19.08381884057971,2030.6344765798367,2.1970889714222093,0.16087110986402486,0.0,audio_238.wav,4.0
39.42,16000,865.9068195218786,9180.0,547.25375761035,0.18934010152284264,0.8106598984771574,31.956213197969543,554.8349987798279,0.7745535247455366,0.1283471720369927,0.0,audio_53.wav,3.0
27.7973125,16000,1835.507829371234,16847.0,1085.1323666631442,0.27213822894168466,0.7278617710583153,20.232601106911446,1240.8097637237945,0.6721343139279385,0.16298149996852207,0.0,audio_283.wav,4.0
60.0746875,16000,2389.9833600361735,26186.0,1337.603305260639,0.21731890091590342,0.7826810990840966,47.01932243963364,1665.658450317233,1.1527143078281685,0.20161382613707535,0.0,audio_614.wav,4.5
45.06,16000,2199.350709953786,23235.0,1155.6057603750555,0.3272646536412078,0.6727353463587922,30.31345470692718,1693.2214109444674,1.5142224618627202,0.13009755062354447,0.0,audio_121.wav,2.5
60.07475,16000,2466.0439820856864,32767.0,1400.0863465932027,0.32173189009159037,0.6782681099084096,40.74678713572023,1781.9231673911904,2.0725071136643414,0.13479887015641986,0.0,audio_216.wav,4.0
60.0746875,16000,2643.2404357246305,29972.0,1475.3143191548022,0.3333888426311407,0.6666111573688593,40.04645696294755,1926.2919773854749,1.1657526219266183,0.13908222481621815,0.0,audio_552.wav,2.0
60.0746875,16000,2310.6575953003326,32592.0,1162.8758607774698,0.47660283097418815,0.5233971690258119,31.44292136761033,1831.3192696097674,2.1910573916086746,0.11800843534187687,0.0,audio_514.wav,2.5
60.0746875,16000,2504.5338405489433,31015.0,1281.0455193795224,0.36119900083263945,0.6388009991673606,38.37577039966695,1979.2431778360713,1.695893105891134,0.09134472333368707,0.0,audio_593.wav,5.0
60.0746875,16000,2278.0335703254896,22002.0,1105.7981751881773,0.3623646960865945,0.6376353039134055,38.30574162156537,1855.3385065619082,2.195386388818345,0.12942548538588464,0.0,audio_565.wav,3.0
60.08,16000,1358.323576974842,21984.0,560.7074629660452,0.5181485181485181,0.48185148185148186,28.949637029637028,1152.6665304008225,2.3996417567510364,0.28052833776666297,0.0,audio_140.wav,3.0
45.06,16000,1026.9030086816122,9046.0,589.574059587217,0.336145648312611,0.6638543516873889,29.913277087033748,729.0229813729179,0.6566579528910838,0.1220430010583126,0.0,audio_117.wav,2.5
60.0746875,16000,2887.743684530847,30734.0,1543.540593740084,0.2621149042464613,0.7378850957535388,44.32821653830142,2195.5174071331335,1.8984143219045995,0.10809160273576406,0.0,audio_495.wav,4.0
60.0746875,16000,1558.2116091961318,20894.0,668.9022331576839,0.538218151540383,0.461781848459617,27.74140023938385,1326.8299250633677,2.6728652088916145,0.1462483119952892,0.0,audio_652.wav,3.0
48.96,16000,1193.285772860078,22687.0,506.6152037377451,0.37678790355537395,0.623212096444626,30.512464241928893,962.5588053412205,2.093955254758215,0.15921052799546567,0.0,audio_645.wav,3.0
60.08,16000,1433.267624124364,22419.0,616.4488494507324,0.5819180819180819,0.4180819180819181,25.118361638361637,1214.5672816865306,1.974657272461989,0.08784754478148384,0.0,audio_242.wav,2.0
45.06,16000,371.29088945116376,4019.0,175.92982412339103,0.3228241563055062,0.6771758436944938,30.51354351687389,282.7344897463192,1.504180653203452,0.26317724031463646,0.0,audio_4.wav,2.5
45.06,16000,405.2292700694465,9732.0,176.67821515756768,0.4602575488454707,0.5397424511545292,24.320794849023088,324.06186027122124,2.8666679130904833,0.15922958170991694,0.0,audio_93.wav,2.0
60.0746875,16000,1619.2323308114671,30443.0,469.8603675632936,0.7816819317235637,0.2183180682764363,13.115389727310575,1506.72560402156,3.471458948450097,0.09279292213642615,0.0,audio_582.wav,2.0
58.92275,16000,1661.3334487826103,31351.0,737.225137998481,0.399490662139219,0.600509337860781,35.383661587436336,1350.3986035239197,2.5864231751054736,0.14794598430358424,0.0,audio_222.wav,5.0
60.0746875,16000,3960.912371379012,31129.0,3108.28325573895,0.0,1.0,60.0746875,730.7433611551181,3.1768947591724657,0.45082990530527656,0.0,audio_5042.wav,0.0
60.08,16000,1536.4657658034891,20343.0,765.7180592543276,0.477022977022977,0.522977022977023,31.42045954045954,1219.5882256662496,1.5221197287457056,0.08796093537880262,0.0,audio_253.wav,3.5
60.0746875,16000,2360.023753542149,31449.0,1027.5725445929286,0.44762697751873437,0.5523730224812656,33.18363670899251,1930.1462229904487,1.9460856459953364,0.1528307500879115,0.0,audio_167.wav,3.0
60.0746875,16000,2323.332392774855,29844.0,1265.683639636078,0.38068276436303083,0.6193172356369692,37.20528939425479,1723.8695628233593,1.1231397826105214,0.14044095156648917,0.0,audio_583.wav,3.0
60.0746875,16000,2273.9427667043233,30955.0,1008.8965881012698,0.42364696086594505,0.576353039134055,34.62422871565363,1869.3229655557134,2.3871957316136743,0.18934575122191774,0.0,audio_682.wav,5.0
60.0746875,16000,4068.516185127848,31130.0,3167.095665291642,0.0,1.0,60.0746875,887.232812710306,2.6387934938278077,0.4599029956491614,0.0,audio_5045.wav,0.0
60.0746875,16000,2738.8437428069406,32288.0,1186.7274632098586,0.4446294754371357,0.5553705245628643,33.36371070982515,2283.2412281866477,2.244369393915873,0.14057099815437882,0.0,audio_173.wav,3.0
60.0106875,16000,2497.9120545461074,31530.0,1461.9022017953052,0.1983663943990665,0.8016336056009334,48.10658379521587,1731.4160319582122,1.4836878565296514,0.16086734640740702,0.0,audio_338.wav,5.0
60.07475,16000,2447.2535976416675,30815.0,1397.0909512732055,0.2761032472939217,0.7238967527060782,43.48791644462948,1718.1795767651618,1.4566917327959172,0.1080155431520139,0.0,audio_188.wav,5.0
45.06,16000,581.6412641685973,5831.0,351.1668913670661,0.02864120781527531,0.9713587921847247,43.769427175843695,379.38018730870675,0.9296324952465487,0.1014024375866034,0.0,audio_59.wav,3.0
60.0746875,16000,1423.8652645796606,31309.0,691.7842560562633,0.48825978351373855,0.5117402164862614,30.742633586594508,1122.6761555568685,2.3267596381753988,0.1391623335143582,0.0,audio_318.wav,5.0
44.1,16000,6081.702065677977,32768.0,3368.405736961451,0.23343920145190564,0.7665607985480943,33.80533121597096,4446.04367379816,1.3354495006161322,0.08728328696610965,0.0,audio_17.wav,2.0
60.0746875,16000,2551.104603688604,31101.0,1336.5524622995333,0.40499583680266443,0.5950041631973355,35.744689165278935,1955.0818482973484,1.343901444045494,0.12576441384361534,0.0,audio_551.wav,2.0
39.0186875,16000,2567.2375264482434,28427.0,1204.3975434847725,0.48435897435897435,0.5156410256410257,20.119636041666666,2071.9822909278096,1.257259650408349,0.14851561273622532,0.0,audio_275.wav,4.0
60.0746875,16000,1572.1722273377538,15219.0,928.474639381187,0.32805995004163196,0.6719400499583681,40.36658851998335,1102.6583168686393,0.6905956819259836,0.19868205585969118,0.0,audio_368.wav,5.0
60.0746875,16000,1975.7155870872493,21202.0,829.59448603041,0.6109908409658618,0.38900915903413824,23.369603663613656,1688.9179981122586,1.600211155988063,0.1289625195329975,0.0,audio_730.wav,3.0
60.0746875,16000,4453.4435612405805,31129.0,3523.3687285098235,0.0,1.0,60.0746875,727.7058987948419,2.3787760400620233,0.43993200124012427,0.0,audio_5060.wav,0.0
60.0746875,16000,2978.239653400468,32116.0,1459.4775128876036,0.351706910907577,0.648293089092423,38.946004735636976,2301.3250165869754,1.9344987817620056,0.15048158852427293,0.0,audio_685.wav,3.0
45.06,16000,3669.304736367641,29287.0,1942.9277602086108,0.31705150976909413,0.6829484902309059,30.77365896980462,2697.499030947211,0.6451974150768167,0.07336200810309601,0.0,audio_7.wav,3.0
61.03475,16000,2451.9741264676563,24377.0,1316.729859833947,0.3448614981150631,0.6551385018849369,39.98621467792166,1794.9165529923164,1.015866206510033,0.1355704491810497,0.0,audio_204.wav,5.0
60.0746875,16000,3483.3073113948863,31129.0,2690.7698833223226,0.0,1.0,60.0746875,881.3045088652501,5.769247868888145,0.46394380322806844,0.0,audio_5064.wav,0.0
45.06,16000,966.7409325470269,15530.0,474.7935031069685,0.3747779751332149,0.625222024866785,28.172504440497335,749.0357143383931,1.3498162151433724,0.17179478999499279,0.0,audio_127.wav,3.5
33.728,16000,1608.7022607111064,19652.0,771.4682348493833,0.5090477603085138,0.49095223969148616,16.558837140314445,1302.1387623145156,1.5869371954269982,0.19469393881555905,0.0,audio_412.wav,2.0
45.06,16000,424.44685079690396,3944.0,253.38491594540614,0.0,1.0,45.06,276.8935364210985,1.315903733523796,0.08650145153885311,0.0,audio_132.wav,2.0
60.08,16000,1111.8330560928264,21026.0,482.6580236767643,0.46503496503496505,0.534965034965035,32.1406993006993,922.4220354815953,2.6569776514705303,0.32567652055230584,0.0,audio_156.wav,3.5
60.0746875,16000,1986.9963215090509,17624.0,1103.3997378263516,0.39017485428809323,0.6098251457119068,36.63505505828477,1488.5467494226414,1.1049025537345878,0.12688281449946628,0.0,audio_426.wav,2.0
60.0106875,16000,3110.825641985832,30518.0,1583.9507264851782,0.4187364560760127,0.5812635439239873,34.882024889564924,2455.819096878476,1.6431308427230082,0.1321068144182801,0.0,audio_709.wav,4.0
56.4693125,16000,1709.2509263298093,25362.0,883.3775667978957,0.4200177147918512,0.5799822852081489,32.75120090788309,1286.923162039388,1.04851925163797,0.18087609628249002,0.0,audio_291.wav,5.0
60.0746875,16000,2214.3652642920742,30444.0,1158.3137552733835,0.3956702747710241,0.6043297252289759,36.30491939009159,1713.0676415409505,1.747668397907204,0.17012590590453125,0.0,audio_523.wav,3.5
60.0746875,16000,2518.681821962561,30383.0,1467.376156763196,0.21598667776852623,0.7840133222314738,47.09935532889259,1695.526285202788,0.9800503299728307,0.12200242614914367,0.0,audio_632.wav,4.5
57.792,16000,2835.516975568938,32505.0,1455.442204370847,0.34879695343603945,0.6512030465639606,37.63432646702441,2154.656387327243,1.7260073860712144,0.14143084405155995,0.0,audio_684.wav,3.0
60.0746875,16000,2560.1562175450936,31308.0,1183.5758009561016,0.5308909242298085,0.46910907577019145,28.181581130308075,2134.4427180276143,2.0492371936960767,0.1285390878428288,0.0,audio_512.wav,2.5
60.0106875,16000,1619.8639733352384,31174.0,798.157759399107,0.2052008668111352,0.7947991331888649,47.69644240706785,1192.7048906179527,2.0809819197810153,0.18220731745420082,0.0,audio_764.wav,5.0
60.0746875,16000,2182.7241976036335,26198.0,1253.1856876076135,0.29308909242298087,0.7069109075770191,42.46745186303081,1541.8259279602069,1.3126780489059533,0.15617450795573007,0.0,audio_585.wav,3.0
61.0346875,16000,2475.6496574062385,30537.0,1246.2539140140595,0.38042943779708244,0.6195705622029175,37.81529564825438,1938.7658576321357,2.0644203046708216,0.1368034947376182,0.0,audio_562.wav,2.0
60.0746875,16000,3474.7684545542543,30965.0,1983.4803749499322,0.34004995836802665,0.6599500416319733,39.64629251665279,2517.0761988051463,1.3287709073583442,0.07531153960594844,0.0,audio_465.wav,3.5
45.06,16000,756.5119280340681,6676.0,468.6401977918331,0.08259325044404973,0.9174067495559503,41.33834813499112,480.84702024703887,0.7275951349471197,0.09785438561693523,0.0,audio_37.wav,3.0
45.12,16000,1414.2092796705456,15329.0,795.0076005651596,0.19889135254988913,0.8011086474501109,36.146022172949,969.3519976349795,0.6235337466683041,0.1239294159040003,0.0,audio_47.wav,3.0
60.08,16000,1604.5338394761814,16838.0,821.9202074317576,0.41708291708291706,0.5829170829170829,35.02165834165834,1249.2986707291743,1.5879639787536304,0.21205394063534105,0.0,audio_233.wav,3.0
60.0746875,16000,2702.3263800710924,32768.0,1214.0571590572151,0.31790174854288095,0.682098251457119,40.976839300582846,2229.4450615035116,3.23071057684183,0.1693487474953027,0.0,audio_621.wav,5.0
60.0746875,16000,3624.6971194688826,32151.0,1743.4099948501605,0.21465445462114904,0.7853455453788509,47.179388218151544,2852.7878357008485,1.973489282007504,0.08797287540288433,0.0,audio_590.wav,3.0
60.0746875,16000,2015.2778006968554,31330.0,916.276811677131,0.46994171523730227,0.5300582847626978,31.843085813905084,1674.0634905479874,2.5904540998308376,0.0699817102478792,0.0,audio_349.wav,3.5
60.0106875,16000,2157.74382026054,30556.0,1105.5832794366836,0.3345557592932155,0.6654442407067844,39.93376637772962,1589.3448681484533,1.0140123345860572,0.14282679108907798,0.0,audio_387.wav,5.0
60.0746875,16000,2314.8106107035487,30973.0,1049.418486363329,0.42947543713572023,0.5705245628642798,34.274084825145714,1892.4740958153159,3.0157499901319786,0.23169932396581752,0.0,audio_630.wav,3.5
60.0746875,16000,4694.9150911628685,31130.0,3700.049986735262,0.0,1.0,60.0746875,842.9880175123574,3.074476329820008,0.4473644238311933,0.0,audio_5046.wav,0.0
60.07475,16000,2100.345963897228,29965.0,928.9209027087087,0.5710241465445463,0.42897585345545375,25.77061715237302,1767.979413194447,1.6311751660050289,0.0922872049896223,0.0,audio_183.wav,3.0
60.0746875,16000,2141.8921932640246,28404.0,1254.7423810985283,0.3154038301415487,0.6845961698584513,41.126900967943385,1527.9033934192041,1.3258553326820972,0.18147845284094574,0.0,audio_607.wav,4.0
45.0,16000,1697.6148455336943,19238.0,1094.257298611111,0.0,1.0,45.0,1003.7691030159812,0.8271025344632421,0.058126469620096696,0.0,audio_133.wav,3.0
60.0746875,16000,2625.317019172769,30994.0,1331.4648120308575,0.3660283097418818,0.6339716902581183,38.085651176103255,2060.4793805298605,2.1225689059900503,0.1216226901125059,0.0,audio_443.wav,3.0
45.06,16000,420.0051873933295,6405.0,216.87564636040835,0.38410301953818826,0.6158969804618117,27.752317939609238,317.98700737082623,1.4614412566200785,0.12456464237217373,0.0,audio_55.wav,2.0
53.888,16000,2400.2504143512024,32499.0,1032.648859671912,0.528123259699276,0.471876740300724,25.428493781325415,1996.2433226236042,2.0869144367038177,0.1551970698451764,0.0,audio_686.wav,3.0
60.0746875,16000,1515.7440148273067,15964.0,740.4845738897934,0.4079933388842631,0.5920066611157369,35.564615164446295,1198.863188832991,1.6438641419557376,0.12576649458902156,0.0,audio_740.wav,4.0
60.0746875,16000,1900.6687944189969,30800.0,977.6463163041839,0.31923397169025813,0.6807660283097419,40.8968064113239,1456.2747474532641,2.2398966765648067,0.12180891682636388,0.0,audio_699.wav,2.5
45.06,16000,2162.3788859454303,23327.0,1056.9560780071017,0.3623445825932504,0.6376554174067496,28.73275310834814,1688.0592821483856,1.4856720219319284,0.15346781162312975,0.0,audio_44.wav,4.0
60.0746875,16000,2338.5917887279597,31625.0,1033.3192754852032,0.4464612822647793,0.5535387177352207,33.25366548709409,1949.6715918370817,2.4287910653313345,0.11300840413069578,0.0,audio_500.wav,3.5
60.08,16000,1382.0993372964072,22952.0,631.2248013065912,0.44405594405594406,0.5559440559440559,33.40111888111888,1119.379404126138,1.472680650759406,0.12326286125047983,0.0,audio_265.wav,2.5
45.06,16000,154.96881008405586,1255.0,98.90627774079006,0.0,1.0,45.06,97.20588049491103,0.8782748418933977,0.09126732588122209,0.0,audio_125.wav,2.0
45.9093125,16000,3162.9952452990915,30824.0,1695.2171686300028,0.31553715406406624,0.6844628459359338,31.423218688712137,2389.079908656066,1.997770126850962,0.178733043994402,0.0,audio_413.wav,4.0
60.08,16000,1104.1215976912817,10789.0,582.9067847037284,0.36813186813186816,0.6318681318681318,37.96263736263736,821.7231323860738,1.2248391903830507,0.25932533634876037,0.0,audio_256.wav,4.5
60.0746875,16000,1748.6366298206603,27544.0,872.1962744292262,0.3440466278101582,0.6559533721898418,39.406193848875944,1347.8774067312158,1.6922304478519286,0.1869549747501545,0.0,audio_350.wav,4.5
60.0746875,16000,1365.2200946799571,24496.0,639.9897086439277,0.40499583680266443,0.5950041631973355,35.744689165278935,1046.2409094693662,1.1817398599765319,0.22991196366186223,0.0,audio_364.wav,5.0
44.88,16000,3260.5068620252387,16442.0,2113.618637199198,0.006241640659830584,0.9937583593401694,44.59987516718681,2067.5720065024548,1.0030203207018413,0.09731380530554437,0.0,audio_131.wav,2.5
60.0746875,16000,2011.0851619832288,32436.0,855.2758597370981,0.5575353871773522,0.4424646128226478,26.58092334512906,1699.18728820289,2.4728066166754554,0.12806779900831675,0.0,audio_168.wav,3.5
44.0533125,16000,2355.608867892271,20842.0,1380.045827995341,0.31115148762207584,0.6888485123779242,30.346058780944812,1687.2122778235662,0.8227081338070541,0.08801564016275758,0.0,audio_557.wav,3.5
60.0746875,16000,2752.834778770019,30344.0,1457.1915001638586,0.37701915070774356,0.6229808492922564,37.4253798397169,2092.679280700812,1.2866869139493537,0.12277958455837219,0.0,audio_670.wav,3.0
60.0746875,16000,1608.150294474701,31212.0,758.750976648859,0.3938384679433805,0.6061615320566195,36.41496461282265,1243.2034011032024,1.9526324025858544,0.20514693183686122,0.0,audio_342.wav,4.5
45.0,16000,3858.7056270621156,22829.0,2628.6062819444446,0.0017785682525566918,0.9982214317474433,44.91996442863495,2125.1069591259807,0.565763646749341,0.08152511322932393,0.0,audio_2.wav,2.5
60.0746875,16000,4429.080031752319,31129.0,3477.643479210774,0.0,1.0,60.0746875,823.6093673057643,3.4616980863118854,0.4517756040924101,0.0,audio_5048.wav,0.0
60.0746875,16000,1619.4675199199187,19083.0,658.4699930815287,0.5846794338051624,0.4153205661948376,24.950253226477933,1403.5028639765756,2.3710893167313563,0.09900602791944187,0.0,audio_741.wav,4.0
60.0746875,16000,2340.038722848185,27708.0,1206.7966031866583,0.4196502914238135,0.5803497085761865,34.86432738343048,1816.9620410890643,1.433914520403254,0.15490733400333334,0.0,audio_294.wav,4.0
60.0746875,16000,1748.4233457826508,32358.0,978.4721112781485,0.28226477935054123,0.7177352206494587,43.11771908825978,1259.404906172834,1.3616454465751255,0.1364896160400502,0.0,audio_370.wav,5.0
60.0746875,16000,2644.9861274592354,27318.0,1564.9746024479944,0.26661115736885926,0.7333888426311408,44.05810553705246,1804.919533694055,0.9548932484863752,0.13277860660803126,0.0,audio_417.wav,3.5
60.0746875,16000,1911.6603009078071,15296.0,1085.4752677656459,0.2697751873438801,0.7302248126561199,43.86802742506245,1391.6897369570172,0.8859623739812771,0.1284423331814389,0.0,audio_753.wav,4.0
60.0746875,16000,3296.6733280947647,29353.0,2128.860984503665,0.14671107410491258,0.8532889258950874,51.261065570358035,2073.069047255743,0.7927599724726451,0.11990087328884699,0.0,audio_533.wav,3.0
60.08,16000,2097.832714075808,22501.0,1018.4413157456725,0.27256077256077255,0.7274392274392274,43.704548784548784,1662.2231063420857,2.2042494420134275,0.21118634652374596,0.0,audio_239.wav,4.5
60.0746875,16000,2594.234677700454,28933.0,1338.254830705528,0.33255620316402995,0.6674437968359701,40.096477518734396,2042.1975979077117,2.2030466935074156,0.13794301670630488,0.0,audio_566.wav,3.0
60.0106875,16000,2262.3887046911786,31044.0,1034.6238190905578,0.42673778963160525,0.5732622103683948,34.401859361976996,1842.3394756413356,1.703024906595524,0.12697959736296696,0.0,audio_736.wav,4.0
60.0746875,16000,1914.1735105854082,25509.0,1135.3724509594826,0.33072439633638634,0.6692756036636136,40.20652274146544,1337.7428165237295,0.9699657659029378,0.1582438092622301,0.0,audio_541.wav,2.0
60.0746875,16000,1790.8607168400404,23129.0,911.5858010081201,0.21981681931723562,0.7801831806827644,46.86926077227311,1379.6463991428516,1.6314134025988847,0.12726255053610405,0.0,audio_531.wav,3.5
60.0746875,16000,2233.1475710664017,27534.0,1148.356366814226,0.4736053288925895,0.5263946711074106,31.62299536844297,1735.6266996293411,1.2436465789657565,0.11998826459590883,0.0,audio_280.wav,5.0
39.36,16000,978.2389119532945,13747.0,489.481461191565,0.28698525673614644,0.7130147432638536,28.064260294865278,728.4120648270555,1.365587210588706,0.16805158798842096,0.0,audio_33.wav,4.0
60.1386875,16000,1688.5179783367394,19911.0,904.4810432967963,0.32984031936127745,0.6701596806387226,40.30252360903194,1231.2993021139994,1.2941760997870417,0.1771906158479679,0.0,audio_307.wav,5.0
60.0746875,16000,2195.994908889618,30787.0,1139.3594785657438,0.4681099084096586,0.5318900915903414,31.95313103663614,1726.7894083460135,2.5619658015113203,0.09239966125464787,0.0,audio_617.wav,4.5
60.0746875,16000,2858.9233941378266,31751.0,1623.0680871207196,0.1961698584512906,0.8038301415487095,48.28984455661949,1933.451688643023,0.8262040496658801,0.18546099954847825,0.0,audio_613.wav,5.0
23.8933125,16000,2030.7596701846094,18370.0,1093.3777338324269,0.41600335148722245,0.5839966485127775,13.953614421868455,1530.9491608661938,1.1693943555435131,0.12881253073566803,0.0,audio_472.wav,2.5
60.0746875,16000,2062.7438270143607,25790.0,1057.4544946654946,0.2581182348043297,0.7418817651956703,44.56831520607827,1601.1320294385885,1.265427148212886,0.08739234743454495,0.0,audio_568.wav,3.0
60.0746875,16000,2214.828918841,27568.0,1208.881324809222,0.3878434637801832,0.6121565362198168,36.77511261448793,1657.5814846147148,1.3184047342434269,0.14660932132327084,0.0,audio_521.wav,4.0
60.0746875,16000,2317.7559852268228,27641.0,1191.4930591607322,0.31790174854288095,0.682098251457119,40.976839300582846,1719.0144144082851,1.1049456338895187,0.14700258220504914,0.0,audio_401.wav,5.0
60.0746875,16000,1846.0141519969222,25366.0,888.8864590431702,0.41482098251457117,0.5851790174854288,35.15444660699417,1462.4428346437114,1.6119031446128875,0.13138658793126048,0.0,audio_573.wav,2.5
60.07475,16000,3837.826688727201,32768.0,2073.716329447896,0.22381348875936719,0.7761865112406328,46.6292106161532,2914.2229406464676,2.2358289142883008,0.11106799348727366,0.0,audio_180.wav,3.0
38.8906875,16000,1405.9161108735484,29784.0,592.4745609087008,0.5544121430409056,0.4455878569590944,17.32921809879084,1180.784494328586,1.9692266047363276,0.21702209722780233,0.0,audio_320.wav,3.5
45.06,16000,2450.856774089133,32768.0,872.9693394917887,0.4571492007104796,0.5428507992895204,24.46085701598579,2189.2202894303323,6.026225177016817,0.15319040333777648,0.0,audio_85.wav,3.0
60.0746875,16000,2737.0560259507183,30907.0,1454.4067998689131,0.3693588676103247,0.6306411323896752,37.88556895295587,2021.996431443613,1.1624498811926205,0.13329879295958985,0.0,audio_296.wav,2.0
20.12,16000,304.4536265560997,4753.0,159.74467569582504,0.0,1.0,20.12,225.7317905333173,3.246454425476386,0.0642863577483777,0.0,audio_250.wav,3.0
60.0746875,16000,1839.9978089927422,27860.0,790.5452015459922,0.4835970024979184,0.5164029975020816,31.022748699000836,1539.7637659280952,2.2012445658381896,0.12749143253078982,0.0,audio_346.wav,5.0
60.0746875,16000,2495.4901276055125,32768.0,1158.758989591082,0.4339716902581182,0.5660283097418818,34.00397382389676,2050.251415264158,2.1697024102544167,0.139684600611323,0.0,audio_335.wav,4.0
43.02,16000,1202.8592452100088,11178.0,779.9295560204556,0.0,1.0,43.02,718.3392338094887,1.1814269011084628,0.07611151224940761,0.0,audio_20.wav,2.0
60.0746875,16000,4071.2932754716685,31130.0,3170.2079349143514,0.0,1.0,60.0746875,958.115458594683,4.1616342801469495,0.4618901075121151,0.0,audio_5071.wav,0.0
60.0746875,16000,1663.1494364550947,24145.0,789.1083443005841,0.5090757701915071,0.49092422980849293,29.4921196919234,1364.9446761332274,1.7530765954913425,0.11361286067120685,0.0,audio_558.wav,4.0
60.0746875,16000,1636.655587773616,32550.0,597.1363823157632,0.7085761865112407,0.29142381348875934,17.5071945253955,1458.7074777192302,2.6033351318164466,0.21616864025368449,0.0,audio_289.wav,2.5
61.0346875,16000,2230.9117571969605,31093.0,1110.0996113890155,0.376331748893624,0.623668251106376,38.065396809949185,1750.4734768183266,1.829580065593754,0.16104792976118065,0.0,audio_620.wav,5.0
60.0746875,16000,1888.0762091078695,21297.0,975.6128673162053,0.35570358034970856,0.6442964196502914,38.70590606786011,1456.5670009594323,1.6229256661565086,0.1243807181484695,0.0,audio_665.wav,3.0
60.0746875,16000,3348.653219723468,25499.0,2002.6401125682094,0.23763530391340548,0.7623646960865945,45.79882087843464,2325.812801832854,0.9414089459443629,0.13918938320463922,0.0,audio_751.wav,4.0
60.0746875,16000,1663.3449305816728,19749.0,782.5082839590301,0.44429641965029143,0.5557035803497086,33.383718932139885,1372.210712204661,2.232544636676518,0.10738935116115997,0.0,audio_442.wav,2.0
60.0746875,16000,2308.6536102430987,32768.0,906.5512596299399,0.3720233139050791,0.627976686094921,37.725503174437975,1985.6351324637963,2.4758424912404826,0.21938963414253523,0.0,audio_362.wav,5.0
60.0746875,16000,1644.7833415774094,31124.0,597.7321386399221,0.5047460449625312,0.49525395503746883,29.75222658201499,1418.1772635389925,3.0645949683994425,0.15447766007694597,0.0,audio_311.wav,3.5
60.0106875,16000,1958.3468428057076,30909.0,960.6344901064498,0.34855809301550256,0.6514419069844974,39.093476704450744,1522.420010097761,2.0500910904305663,0.23456575398106586,0.0,audio_724.wav,5.0
45.06,16000,765.102563484733,7845.0,477.25344818020415,0.0,1.0,45.06,490.9209499202848,1.3296032749773015,0.10477433529507225,0.0,audio_39.wav,3.0
60.07475,16000,1488.4896079463454,30947.0,408.0391366589124,0.7963363863447127,0.2036636136552873,12.23504067443797,1399.3550619542837,5.773339868844139,0.15515061980139305,0.0,audio_290.wav,2.0
45.06,16000,290.7904124551049,5770.0,169.60841932978252,0.0763765541740675,0.9236234458259325,41.61847246891652,199.1019067659281,1.6774187802857998,0.09505811010057437,0.0,audio_23.wav,2.5
60.0746875,16000,2124.0982661145217,31983.0,1075.6836750087132,0.3665278934221482,0.6334721065778518,38.05563884263114,1588.2645428878952,1.4876386186386357,0.18266239697709308,0.0,audio_624.wav,3.0
60.07475,16000,2733.4915316930687,31122.0,1437.945431524892,0.35420482930890923,0.6457951706910907,38.7959834304746,2028.3203313588328,1.3730670710183344,0.15006320257596012,0.0,audio_206.wav,5.0
60.0746875,16000,1627.0894380578616,25440.0,737.3362023314728,0.5295587010824313,0.4704412989175687,28.26161401956703,1350.113821407662,1.8741134475332804,0.12269947586023217,0.0,audio_288.wav,4.5
45.0,16000,2696.4672423600537,32768.0,1527.4681069444443,0.14273010226767452,0.8572698977323254,38.577145397954645,1907.8024498424234,1.6294510081843998,0.15482382614420298,0.0,audio_60.wav,3.0
45.06,16000,263.46022927065434,2480.0,184.63011262760764,0.0,1.0,45.06,131.8571544505861,1.0662790028229712,0.18989845469714645,0.0,audio_80.wav,2.0
60.07475,16000,3035.8385007371285,30551.0,1807.2942427975147,0.2517901748542881,0.7482098251457119,44.948518193172355,2100.4053161737565,1.3136828158502911,0.1274756943180104,0.0,audio_214.wav,4.0
60.0746875,16000,2029.3143668110188,22274.0,1108.5473613574768,0.16119900083263947,0.8388009991673605,50.39070789966694,1496.301652175266,1.49601158911891,0.14939856054032796,0.0,audio_599.wav,2.0
46.336,16000,4931.662445197475,31129.0,3866.7328049464777,0.0,1.0,46.336,884.915626795744,1.886314156931191,0.4557329286798179,0.0,audio_5063.wav,0.0
60.07475,16000,1745.7247501350537,32768.0,854.9752922400842,0.4970857618651124,0.5029142381348877,30.212447127393844,1377.579630834417,1.9200101421397229,0.1544827012208761,0.0,audio_207.wav,4.0
60.0746875,16000,1546.7039650358206,31631.0,581.4217156768398,0.6444629475437136,0.3555370524562864,21.358777320982515,1361.2300732684396,2.500837556207533,0.10916838848349032,0.0,audio_438.wav,3.0
60.0746875,16000,1905.4319544523034,20271.0,1190.8724379548376,0.2611157368859284,0.7388842631140716,44.388241205245635,1246.2268722100232,0.5225100713555825,0.18547972625713435,0.0,audio_332.wav,5.0
60.08,16000,2282.123607604582,22168.0,1238.528778295606,0.25674325674325676,0.7432567432567432,44.654865134865126,1714.61012509908,2.62254362893461,0.2301714694693216,0.0,audio_159.wav,5.0
60.0746875,16000,1840.1784051661964,30878.0,799.2770925774687,0.5305578684429642,0.46944213155703585,28.20158935262282,1541.2428180877462,1.9173754367913176,0.1428244454293306,0.0,audio_478.wav,2.0
45.06,16000,3864.8276722341952,31920.0,1806.6717806813137,0.33348134991119005,0.66651865008881,30.033330373001778,2870.1908151214307,0.8548092687543596,0.16284282462664312,0.0,audio_46.wav,3.0
45.06,16000,981.0862097031401,14116.0,546.2303082001775,0.20537300177619894,0.794626998223801,35.805892539964475,695.5192195503087,1.458761987940345,0.23929238694572091,0.0,audio_130.wav,3.0
60.0746875,16000,1051.9573257320544,16284.0,401.15894901658874,0.5948376353039134,0.4051623646960866,24.340002445878433,920.2993330864871,2.302217169638372,0.11977810930987917,0.0,audio_437.wav,2.5
60.0746875,16000,2585.896187990933,32767.0,1278.6146036964403,0.26761032472939217,0.7323896752706078,43.99808087010825,1941.1276826756045,1.9981763417365428,0.15541503588245453,0.0,audio_771.wav,5.0
60.0746875,16000,2314.971288609715,30796.0,1172.6495872325595,0.3587010824313072,0.6412989175686927,38.52583206702748,1796.2989963979303,2.7560483161711975,0.1457874268878083,0.0,audio_759.wav,4.0
45.06,16000,207.9780055053131,1937.0,145.472597647581,0.0,1.0,45.06,107.49759413820313,0.9305480594491544,0.1090561321794998,0.0,audio_25.wav,3.0
60.423,16000,1579.9618637956185,20240.0,640.508198450921,0.4864238410596026,0.5135761589403973,31.031812251655627,1374.2636024687101,2.748741402050237,0.08389818849836621,0.0,audio_191.wav,3.0
40.448,16000,2417.709322372897,27304.0,1208.0620348966575,0.40910215186742516,0.5908978481325748,23.900636161266387,1923.9708899287946,1.493780883358576,0.14244082284788934,0.0,audio_182.wav,3.0
48.7,16000,1090.1255301011608,16844.0,522.3479722792608,0.4907559572719803,0.5092440427280197,24.800184880854562,885.9106342151124,1.870755659101768,0.21989376269733404,0.0,audio_236.wav,3.0
45.06,16000,2451.464818971532,32768.0,1206.9728362183755,0.30239786856127887,0.6976021314387211,31.433952042628775,1873.844166244433,2.169291584624901,0.090876180198874,0.0,audio_24.wav,3.0
60.0746875,16000,3589.9320418030443,30814.0,1983.1401671877195,0.3332223147377186,0.6667776852622814,40.05646107410492,2652.385809827544,1.2607959113929053,0.13227402584701944,0.0,audio_428.wav,3.0
55.2746875,16000,1501.656257536636,32141.0,626.4508494507545,0.34805429864253395,0.6519457013574661,36.03609490950226,1244.224864367107,3.144506904736486,0.23746203615130812,0.0,audio_678.wav,5.0
60.0746875,16000,1406.1888761960956,30701.0,642.2624659928526,0.40882597835137385,0.5911740216486261,35.51459460865945,1160.04011897848,4.061002739944748,0.14128053233790472,0.0,audio_591.wav,2.0
60.0746875,16000,2033.5429922791593,30644.0,1101.4078932994867,0.22081598667776853,0.7791840133222314,46.80923610532889,1511.7442849061802,1.7019532124605785,0.15079890219872366,0.0,audio_597.wav,2.0
60.0746875,16000,2227.1057751815315,26517.0,963.9964221619963,0.5367194004995837,0.46328059950041633,27.83143723980017,1868.80180490326,1.721344082919463,0.09480916443506722,0.0,audio_580.wav,1.5
45.06,16000,935.0668354452594,7826.0,574.1366969041278,0.15674955595026643,0.8432504440497336,37.996865008880995,611.2702597199894,0.6714111476313318,0.16306059013064544,0.0,audio_19.wav,3.0
60.0746875,16000,2444.4675936309704,32305.0,1102.5678077809393,0.4925895087427144,0.5074104912572857,30.48252669650292,2012.694852594358,1.8506378400484673,0.16068764474185232,0.0,audio_476.wav,2.0
60.0746875,16000,1807.0977232223474,30849.0,603.2306462268323,0.6366361365528727,0.36336386344712734,21.828970545378848,1627.7683057632328,3.300936334640115,0.19958301862059064,0.0,audio_375.wav,3.5
60.0746875,16000,730.888230607016,17814.0,234.49828078589672,0.7134054954204829,0.2865945045795171,17.21707530183181,666.573641049755,4.076074544929454,0.0726492258586716,0.0,audio_642.wav,3.0
59.96,16000,2162.1214296724906,20112.0,986.8884589726484,0.5468802135468802,0.4531197864531198,27.169062395729064,1784.4823787764235,1.5090394238512046,0.12287162574177132,0.0,audio_66.wav,2.0
60.07475,16000,2789.532884934081,22914.0,1715.2860373950787,0.21398834304746045,0.7860116569525395,47.219453788509576,1788.5493937450428,0.7634205042596109,0.09658602052653208,0.0,audio_186.wav,5.0
60.0746875,16000,2071.5642921313615,30733.0,971.1013259536306,0.43930058284762696,0.560699417152373,33.68384226686095,1678.7173271397976,2.6101310269027964,0.20478696288158268,0.0,audio_713.wav,4.0
60.0746875,16000,2012.7429559132158,25523.0,1067.9535370034175,0.359533721898418,0.640466278101582,38.47581151124063,1520.1281388289428,1.5626778162904333,0.10196484788710708,0.0,audio_354.wav,3.5
60.0746875,16000,2348.8997248961336,30997.0,1095.109543849063,0.323563696919234,0.6764363030807661,40.63669952123231,1841.5078087129066,2.244410265996098,0.14037748883159903,0.0,audio_768.wav,5.0
45.06,16000,141.38365616146294,2144.0,82.12820683533067,0.08747779751332149,0.9125222024866785,41.118250444049735,98.40743534498003,1.3254024349443372,0.10871630702994206,0.0,audio_14.wav,3.5
60.07475,16000,2808.8332561453653,30197.0,1607.0370070204203,0.33805162364696084,0.6619483763530392,39.766383222314744,2018.866341306791,0.7111437528146238,0.13606396204724328,0.0,audio_208.wav,4.0
60.615,16000,719.3777772970903,8569.0,379.7395292006929,0.4153465346534653,0.5846534653465347,35.4387698019802,551.6148679853416,1.366095029715659,0.0821043492785916,0.0,audio_418.wav,2.5
60.07475,16000,2853.185092813868,31081.0,1522.0653155027694,0.30957535387177354,0.6904246461282264,41.47708800999167,2141.259955658729,1.6841205980352634,0.11869391746731933,0.0,audio_212.wav,5.0
60.08,16000,1457.949854701837,18465.0,760.0787273219041,0.3543123543123543,0.6456876456876457,38.792913752913755,1129.0680889604191,1.6561065755170552,0.11650311720114556,0.0,audio_177.wav,2.0
60.0746875,16000,3057.410889046613,28823.0,1820.5044668355536,0.21981681931723562,0.7801831806827644,46.86926077227311,2090.4695049296806,0.7879438412560306,0.12259647896262357,0.0,audio_503.wav,2.5
60.0746875,16000,1611.8440263224127,28659.0,565.3917113592976,0.71007493755204,0.28992506244796,17.417157524979185,1457.1171778662253,3.017256071093619,0.1349155321402339,0.0,audio_564.wav,2.0
60.08,16000,1442.7311384865732,21465.0,771.7679978778295,0.3241758241758242,0.6758241758241759,40.603516483516486,1042.7328742761856,1.2086093197836696,0.2680855402021681,0.0,audio_257.wav,4.5
34.0906875,16000,1869.0075091836268,18531.0,1159.246823271018,0.13120046962136778,0.8687995303786322,29.61797329028471,1210.7278580161608,0.7369310243582001,0.1504152534604455,0.0,audio_408.wav,4.0
60.0746875,16000,2564.418899154276,26769.0,1417.677912390306,0.24895920066611157,0.7510407993338885,45.11854131973356,1867.0932867088986,1.130452141152449,0.11375435135883079,0.0,audio_468.wav,2.5
60.0746875,16000,2263.5985229263943,30160.0,1062.6380817628058,0.3620316402997502,0.6379683597002498,38.325749843880104,1857.520645803759,2.521894369172405,0.17353208613453683,0.0,audio_574.wav,2.5
45.06,16000,1759.054724707147,15181.0,1132.806244451842,0.0,1.0,45.06,1076.9442899159628,1.0303847081128275,0.11118662781101284,0.0,audio_26.wav,4.0
60.7003125,16000,1918.1879777102065,32304.0,904.8940172260234,0.3981542518127884,0.6018457481872116,36.53222499176005,1525.9558662073932,2.1547269889242373,0.14088595187004996,0.0,audio_480.wav,3.0
60.0746875,16000,2384.468986132084,29931.0,1244.49650487154,0.3129059117402165,0.6870940882597836,41.27696263530392,1782.4644254067246,1.4197807841342087,0.1427152062955033,0.0,audio_706.wav,3.0
45.06,16000,1738.566954673427,25749.0,984.2397539391922,0.10390763765541741,0.8960923623445826,40.377921847246895,1234.8739155653432,1.668269188253547,0.11844501559728085,0.0,audio_57.wav,2.5
60.01075,16000,2853.7442954460703,30839.0,1504.0701374337098,0.3035505917652942,0.6964494082347058,41.79445132522087,2134.60787052218,1.8432419157866073,0.11404218623557678,0.0,audio_209.wav,5.0
60.0746875,16000,2323.917955096452,29184.0,1090.0732525658166,0.4316402997502082,0.5683597002497918,34.14403138009991,1877.4478087981333,1.8171464824267656,0.2119520096879506,0.0,audio_712.wav,4.0
56.0,16000,1546.0430052550978,15368.0,797.1754754464285,0.38102893890675243,0.6189710610932475,34.66237942122186,1201.947895082328,1.5345919438236824,0.1392021642881298,0.0,audio_353.wav,3.0
60.0746875,16000,2171.7773983428674,30724.0,1038.6914923610714,0.38701082431307243,0.6129891756869276,36.825133170274775,1759.6687045559602,2.468744363998493,0.16173946154470378,0.0,audio_575.wav,2.0
60.0746875,16000,2580.6988990271025,29894.0,1298.8220257075827,0.3913405495420483,0.6086594504579517,36.56502628018318,2038.115728295288,1.8532032033346981,0.1487025512019426,0.0,audio_383.wav,3.5
60.615,16000,1508.2152591305005,18265.0,786.6940062278314,0.4198019801980198,0.5801980198019803,35.16870297029703,1142.5756383305213,0.9852339363138418,0.21099687680120102,0.0,audio_781.wav,5.0
45.06,16000,762.1780603894438,11625.0,384.56607578783843,0.42451154529307283,0.5754884547069272,25.93150976909414,603.3189047973561,1.7269947660428224,0.12981459417248414,0.0,audio_118.wav,4.5
60.0746875,16000,1681.5224728489168,31384.0,868.6407700830737,0.20849292256452956,0.7915070774354704,47.54954033097419,1178.121964284099,1.9539113471913518,0.18971716427693056,0.0,audio_337.wav,5.0
60.0746875,16000,1913.0285130202974,21070.0,1048.585869672647,0.25029142381348873,0.7497085761865112,45.03850843047461,1343.753726876851,1.0184881967107413,0.137313591220919,0.0,audio_715.wav,3.0
60.0746875,16000,1551.1223046304895,28352.0,763.6196401354564,0.4241465445462115,0.5758534554537885,34.59421638218152,1201.619142089997,1.799835403941258,0.19031745932662916,0.0,audio_323.wav,3.5
60.0746875,16000,1676.8203024370991,16327.0,839.9973834653738,0.4592839300582848,0.5407160699417153,32.48334892797669,1287.7423527487988,1.0309069963506685,0.1515094767549527,0.0,audio_374.wav,4.0
57.6,16000,1989.9053676689152,22458.0,949.0671538628472,0.3334491142757902,0.6665508857242097,38.39333101771448,1615.308548232015,1.7920889150677566,0.0715886193452901,0.0,audio_348.wav,3.5
60.0746875,16000,2566.7381793474005,32441.0,1171.8939944548192,0.49192339716902583,0.5080766028309742,30.52254314113239,2124.5091128861195,2.594857969936202,0.08059559256508052,0.0,audio_547.wav,3.0
43.8,16000,364.02459837297397,3925.0,307.58790097031965,0.0,1.0,43.8,60.99662542268669,2.662412922398076,0.04531399160101541,0.0,audio_41.wav,4.0
60.0746875,16000,2459.2194816230863,30957.0,1136.437581344056,0.4358034970857619,0.5641965029142382,33.8939286011657,2022.7137168150418,2.4424968947594463,0.15253112274941374,0.0,audio_284.wav,4.5
45.0220625,16000,2254.7994997622427,24958.0,1305.8512215538772,0.27,0.73,32.866105624999996,1535.6578480159878,0.5275758626566224,0.14958242636933056,0.0,audio_13.wav,3.0
60.0746875,16000,1892.9544680528354,24513.0,1042.6474804800275,0.2373022481265612,0.7626977518734388,45.818829100749376,1387.2966331089203,1.420605968342577,0.13132416556907348,0.0,audio_548.wav,3.5
61.0346875,16000,2799.2025137539504,26047.0,1599.2452283793539,0.32601212915915423,0.6739878708408458,41.13663907556138,2036.3386140871564,1.0816712628134055,0.15273912144131302,0.0,audio_687.wav,4.5
45.06,16000,356.4092928321929,3836.0,198.10550515978696,0.2910746003552398,0.7089253996447602,31.944178507992895,251.18800234696775,0.9154238739035795,0.16640890813485926,0.0,audio_104.wav,2.5
60.07475,16000,2276.026782466417,32767.0,1325.883844710132,0.2820982514571191,0.7179017485428809,43.12776806827644,1625.6002029599144,0.9980464278668858,0.11644463402327311,0.0,audio_181.wav,3.0
50.24,16000,2102.3765603094453,25411.0,1066.037455214968,0.33154121863799285,0.6684587813620071,33.58336917562724,1567.685826315934,1.2171667976609584,0.15463046704626174,0.0,audio_755.wav,4.0
60.0106875,16000,974.1432011976542,24291.0,459.6314271103793,0.37906317719619936,0.6209368228038006,37.26284563052175,777.091262779146,2.524800401304079,0.2761823427101451,0.0,audio_733.wav,5.0
60.0746875,16000,5545.828606906489,31129.0,4389.622932911636,0.0,1.0,60.0746875,839.6743962781379,1.3636595595509142,0.4397530571351881,0.0,audio_5072.wav,0.0
60.0746875,16000,2055.7300140391903,31473.0,977.0511561129636,0.43230641132389674,0.5676935886761032,34.10401493547044,1626.840606544716,1.7230610466638738,0.13885230244882926,0.0,audio_776.wav,4.5
60.8,16000,1179.5218593771633,18619.0,559.8652230674342,0.4899638038828562,0.5100361961171438,31.010200723922342,959.4922758039313,1.2503763880383758,0.1034355504066102,0.0,audio_70.wav,2.0
45.66,16000,1772.6809224550764,18553.0,912.985323587385,0.2464943032427695,0.7535056967572304,34.40507011393514,1310.9594368310084,0.954701885109887,0.10390810324696569,0.0,audio_49.wav,3.0
60.0746875,16000,2192.3936481568517,29039.0,1134.1711099204636,0.3990008326394671,0.6009991673605328,36.104837166944215,1666.7666322012135,1.8064685610666946,0.23448336131935904,0.0,audio_527.wav,5.0
60.0746875,16000,1894.3332068257205,27588.0,1073.7410556650836,0.2621149042464613,0.7378850957535388,44.32821653830142,1339.0796801266333,1.237191256941812,0.18697578220421684,0.0,audio_273.wav,3.5
60.08,16000,1498.9784508200946,22383.0,658.7978601448069,0.4858474858474858,0.5141525141525142,30.89028305028305,1255.5403473507022,2.018875195419331,0.2699923747424005,0.0,audio_139.wav,4.0
60.0746875,16000,2367.8616777991906,30864.0,1324.5345866343457,0.3600333055786844,0.6399666944213156,38.44579917776853,1738.3270266382199,1.3684367024288457,0.07816528193059882,0.0,audio_467.wav,3.0
60.0746875,16000,1489.4073510046476,17778.0,801.5319544941453,0.3357202331390508,0.6642797668609493,39.906399406744384,1116.6870360376363,1.4290974905125828,0.1732022879876487,0.0,audio_407.wav,4.5
60.0746875,16000,1620.4454100410965,22257.0,919.2551001617778,0.2529558701082431,0.747044129891757,44.87844265195671,1151.500539374818,1.4392732516093096,0.199799416142839,0.0,audio_404.wav,4.5
60.0746875,16000,2804.2960144698372,30566.0,1699.1344940412716,0.235970024979184,0.7640299750208159,45.89886199000833,1928.6627016971981,1.285426194563285,0.11972921179283266,0.0,audio_534.wav,3.0
45.06,16000,514.3268473563891,7465.0,239.66103806036395,0.42984014209591476,0.5701598579040852,25.69140319715808,414.02417526280846,1.7835066226926726,0.1064803962499948,0.0,audio_96.wav,3.0
45.06,16000,1844.9799000608818,22935.0,1195.4846163448735,0.006438721136767318,0.9935612788632326,44.76987122557726,1099.146969459945,0.7574713774696396,0.09403031240334055,0.0,audio_137.wav,2.5
58.624,16000,2992.243972390254,32037.0,1483.9480023113401,0.4295221843003413,0.5704778156996587,33.44369146757679,2354.6797685997185,1.3681057170055075,0.05875053172605474,0.0,audio_150.wav,2.5
60.0746875,16000,1898.169606008766,31146.0,889.1859893153835,0.3149042464612823,0.6850957535387177,41.156913301415486,1469.487165850314,2.1913733703828253,0.19093544071228077,0.0,audio_339.wav,5.0
59.712,16000,1945.9719145535073,27212.0,1053.6659988779475,0.3007203886748199,0.69927961132518,41.75538415144915,1387.1657945520374,0.969661736866768,0.20514218785816488,0.0,audio_409.wav,5.0
45.06,16000,2035.0097329102773,23069.0,984.5307298601864,0.2644316163410302,0.7355683836589698,33.14471136767318,1576.6582470021754,1.7689427245770208,0.20701315886201574,0.0,audio_78.wav,2.0
60.08,16000,1571.817699341159,21979.0,895.3786513814913,0.23626373626373626,0.7637362637362637,45.88527472527472,1068.0893583480172,1.4163183684996872,0.16723344627314235,0.0,audio_244.wav,3.5
42.9653125,16000,2470.1234873205963,30966.0,1389.397528529555,0.31152502910360885,0.6884749708963911,29.58054227299185,1779.4709074425518,1.4691849748315156,0.18894339029797336,0.0,audio_752.wav,4.0
60.0746875,16000,2980.777190767379,30337.0,1745.5722460062734,0.2514571190674438,0.7485428809325563,44.96847965237303,2114.0391162353853,1.112074945268241,0.12288154108327767,0.0,audio_508.wav,3.0
60.0746875,16000,1925.5628930410105,29769.0,903.1232247358756,0.44945878434637804,0.550541215653622,33.07359148626145,1575.6321535136833,2.174285514725552,0.12226460007032919,0.0,audio_664.wav,2.5
60.0746875,16000,2130.78959116422,30854.0,1035.5104885064945,0.36402997502081597,0.635970024979184,38.20570050999167,1697.5733443386473,2.877037372747156,0.12921533009985497,0.0,audio_701.wav,2.5
24.128,16000,2976.4805120137803,31129.0,2279.3519536430704,0.0,1.0,24.128,796.3222850818775,5.011701647473988,0.4817081857908493,0.0,audio_5044.wav,0.0
60.0746875,16000,869.7793142334746,20140.0,406.28203850415366,0.3558701082431307,0.6441298917568693,38.69590195670275,701.3269889065035,2.32749618461673,0.258626250267896,0.0,audio_734.wav,4.5
44.9266875,16000,1887.5189882938419,20645.0,927.0535177448816,0.43865508795368513,0.5613449120463149,25.219367443219774,1498.9797828453452,1.4713581879885762,0.13293342199642194,0.0,audio_51.wav,3.0
60.0746875,16000,1427.4300753073355,28194.0,562.1794568219768,0.5976686094920899,0.4023313905079101,24.169932556203168,1230.2526461742705,2.473650067376088,0.2668410331317091,0.0,audio_704.wav,2.0
45.06,16000,1108.4086050259,10187.0,650.7165210275189,0.00022202486678507994,0.9997779751332149,45.04999555950266,781.1618942433223,1.4078025300934076,0.07242575514002876,0.0,audio_129.wav,3.5
45.06,16000,205.4803445651375,10207.0,101.03400882157123,0.3536856127886323,0.6463143872113677,29.122926287744228,154.40641656045898,5.347054563523591,0.11085235082716216,0.0,audio_107.wav,4.0
54.44,16000,1218.3493076540317,20847.0,647.5430473916238,0.2107680999632488,0.7892319000367511,42.96578463800073,905.4403571415671,1.7692793574177623,0.1323913165770993,0.0,audio_143.wav,5.0
57.4293125,16000,2527.9134954535307,29094.0,1314.071629361748,0.39156941299425185,0.6084305870057481,34.94175031571155,1910.4298908889136,1.2007779995790744,0.09558935559841021,0.0,audio_458.wav,3.0
60.0746875,16000,3526.5717020779325,30148.0,1926.9485036855165,0.37285595337218985,0.6271440466278102,37.67548261865113,2653.5506394551467,1.2236998710514007,0.1366602371633614,0.0,audio_424.wav,3.0
60.0106875,16000,2244.9907228902734,31984.0,1155.8289815043363,0.39006501083513917,0.6099349891648609,36.60261803008835,1727.0832492367947,1.7174223197940879,0.14858931230927858,0.0,audio_563.wav,2.0
60.0746875,16000,1852.4839282490575,30990.0,846.6391502244602,0.396669442131557,0.6033305578684429,36.244894723147375,1458.0428399208072,1.8204510496812674,0.23170244508392687,0.0,audio_625.wav,2.5
60.0746875,16000,1822.873898363357,22665.0,845.8423649727682,0.4379683597002498,0.5620316402997503,33.76387515611991,1447.8846196208624,1.5670688503270886,0.1237315255817244,0.0,audio_302.wav,5.0
60.0746875,16000,2176.0714848040384,30970.0,1067.1347218826565,0.47293921731890093,0.5270607826810991,31.663011813072444,1740.3800445815234,1.6575059723496657,0.12401866844778474,0.0,audio_154.wav,3.0
46.208,16000,2164.450383844089,26793.0,1179.432737567088,0.25546655120155876,0.7445334487984412,34.40340160207837,1537.1603618983188,0.9943557128358242,0.13573966593942868,0.0,audio_754.wav,4.0
60.0746875,16000,1836.790688870499,29709.0,913.4380515920287,0.412323064113239,0.5876769358867611,35.30450827435471,1433.4125850951698,1.587434572207374,0.16975761396762776,0.0,audio_749.wav,3.0
60.0746875,16000,1763.2242783379043,32768.0,633.7596502270611,0.45162364696086593,0.5483763530391341,32.94353804121566,1557.4239736168588,3.1316446975987957,0.20169393483521536,0.0,audio_366.wav,5.0
24.9173125,16000,1255.8903572653862,14289.0,684.6320479987559,0.00040160642570281126,0.9995983935742971,24.907305547188756,937.7051756701148,2.146385651079489,0.11213617072510008,0.0,audio_693.wav,3.0
45.7813125,16000,1889.121005568906,23432.0,1016.6352455491528,0.2701048951048951,0.7298951048951049,33.415555889423075,1312.0287180386847,0.7432129443450682,0.19379931740614334,0.0,audio_608.wav,5.0
60.07475,16000,2722.9071925607604,31654.0,1282.5792200550147,0.4071606994171524,0.5928393005828476,35.614672772689424,2190.628618860251,2.584607575742592,0.13837982927501705,0.0,audio_220.wav,4.0
60.0746875,16000,1918.3934766857953,30860.0,922.8232575075817,0.3668609492089925,0.6331390507910075,38.035630620316404,1518.6613612342142,2.4105925754892725,0.1618445391877186,0.0,audio_761.wav,4.0
60.0746875,16000,1149.8530000895908,25330.0,480.02394623359464,0.6284762697751873,0.37152373022481266,22.319171992089927,982.5974319225255,2.7306973380417765,0.1491519922096892,0.0,audio_640.wav,3.0
60.06,16000,1428.886499125103,32768.0,721.7777274808525,0.2733177881412392,0.7266822118587608,43.64453364423718,1087.2662761583986,4.241983340363987,0.08156851645075389,0.0,audio_67.wav,4.0
60.0746875,16000,1792.824303516423,19155.0,969.9709684299231,0.3490424646128226,0.6509575353871774,39.10607051415487,1276.4902477407027,0.6296065341545791,0.16905016052950808,0.0,audio_299.wav,4.0
45.06,16000,390.447538153605,5727.0,214.4448610186418,0.18938721136767317,0.8106127886323269,36.52621225577265,272.4929388213179,1.1868378274204026,0.24068081541391398,0.0,audio_102.wav,2.0
60.08,16000,1626.2687596008627,22323.0,666.0583014314248,0.5572760572760572,0.4427239427239428,26.59885447885448,1402.9446653240348,2.4561482305290574,0.18669397750288938,0.0,audio_258.wav,3.5
60.0746875,16000,1962.0065000267039,31692.0,892.767408278237,0.29242298084929225,0.7075770191507078,42.50746830766029,1527.3786029284706,2.009169135030221,0.23101683947257265,0.0,audio_679.wav,4.5
45.06,16000,1318.6453765549697,24581.0,712.3118550266312,0.3752220248667851,0.624777975133215,28.15249555950267,982.2924511545319,2.040878586966424,0.1193854296846284,0.0,audio_82.wav,4.0
57.9626875,16000,1728.9573051978507,22368.0,895.3691577447992,0.3444943044528823,0.6555056955471177,37.99487178546772,1259.6083254436855,1.002077961132588,0.13838119822903122,0.0,audio_325.wav,5.0
60.0746875,16000,1330.1091911274755,19198.0,693.6526271984353,0.3253955037468776,0.6746044962531224,40.52665429850125,982.2976325422095,1.344196599376945,0.11612848186734416,0.0,audio_399.wav,3.0
22.144,16000,1603.753671353212,27516.0,910.6972910269147,0.3309222423146474,0.6690777576853526,14.816057866184448,1123.9055344810802,0.7101446704477381,0.16400086931242466,0.0,audio_285.wav,4.0
60.615,16000,1515.3173853799035,18893.0,820.0498731749567,0.37491749174917494,0.6250825082508251,37.889376237623765,1108.4689850691498,0.7363387567243693,0.2157481808836312,0.0,audio_784.wav,4.5
45.06,16000,414.0741051380577,5671.0,226.6746740457168,0.23379218472468916,0.7662078152753109,34.52532415630551,302.0714545230592,1.2330060538599743,0.11909137690215393,0.0,audio_0.wav,3.0
61.0346875,16000,4484.466127621914,31195.0,2733.3965552375444,0.1945582691362072,0.8054417308637928,49.15988434273069,3083.932930060683,1.6437624588112356,0.13573238141464783,0.0,audio_435.wav,3.5
45.06,16000,921.7713156870802,27536.0,402.4734756435863,0.422291296625222,0.577708703374778,26.031554174067498,770.6109926853222,3.1523696751681793,0.2025330150535606,0.0,audio_91.wav,5.0
45.06,16000,724.9359012014855,5748.0,411.7630867177097,0.3661190053285968,0.6338809946714032,28.56267761989343,539.1222948619926,0.7570424277164194,0.1628358894195093,0.0,audio_109.wav,2.0
60.0746875,16000,2021.711942377144,30298.0,688.1953214488216,0.7548709408825979,0.24512905911740213,14.72605162364696,1847.0902129405451,3.036442186058905,0.15804717882134095,0.0,audio_772.wav,3.0
60.08,16000,782.4363180593043,14999.0,387.22094186917445,0.4020979020979021,0.5979020979020979,35.92195804195804,615.0077824769824,1.9145644308585064,0.15888415329992644,0.0,audio_270.wav,3.5
60.0746875,16000,2468.5932030697163,31687.0,1174.4862416055014,0.4039966694421316,0.5960033305578685,35.80471383222315,1951.7293547848274,2.2352897343335765,0.12068115281618487,0.0,audio_528.wav,2.5
60.0746875,16000,2382.2037988511865,21449.0,1271.0815859424986,0.3530391340549542,0.6469608659450459,38.865971846378024,1824.1529914142575,1.5774415186428186,0.09281685070859785,0.0,audio_441.wav,2.0
60.1386875,16000,1813.880866660988,30972.0,952.4682177342164,0.35129740518962077,0.6487025948103793,39.012122629740524,1360.7188879174257,2.5982642941306953,0.17831198335512327,0.0,audio_381.wav,5.0
45.06,16000,800.7064801909805,10458.0,466.14719124500664,0.004884547069271759,0.9951154529307282,44.839902309058616,548.7023354378407,1.6565240297024149,0.09905972461679513,0.0,audio_86.wav,2.0
45.06,16000,724.268532521957,12722.0,353.5390839991123,0.4345026642984014,0.5654973357015987,25.48130994671404,571.8693041505609,1.437946965498254,0.20750001040281071,0.0,audio_101.wav,4.0
60.0746875,16000,1826.1809484719427,28952.0,914.8940235852247,0.3826810990840966,0.6173189009159035,37.08524006036637,1413.5634990224346,1.8942769659089025,0.18894728847662387,0.0,audio_333.wav,4.5
59.52,16000,3212.910085060931,31018.0,1677.0779422883065,0.39966386554621847,0.6003361344537815,35.73200672268908,2456.442064970153,1.3434782644770793,0.07017711502133214,0.0,audio_149.wav,2.5
60.0106875,16000,2292.8578734840785,30486.0,1300.8012052019901,0.22287047841306884,0.7771295215869312,46.63607686697783,1586.9501947298902,0.9778779536763385,0.1257891831654811,0.0,audio_719.wav,3.0
60.0746875,16000,985.9041733455529,27728.0,444.89112510988923,0.19866777685262282,0.8013322231473772,48.13978288925895,814.8327774820846,2.499549480474235,0.10528363681005083,0.0,audio_638.wav,3.0
60.08,16000,1257.752139040546,21916.0,444.8938373834887,0.499000999000999,0.5009990009990011,30.100019980019983,1103.222752266384,3.4863909308909555,0.2376125973832779,0.0,audio_147.wav,3.0
43.98,16000,719.3253570770826,8042.0,399.30801927012277,0.0015923566878980893,0.9984076433121019,43.909968152866234,518.9640085615629,1.6530070058662305,0.09772495697612121,0.0,audio_62.wav,4.0
60.167,16000,1923.2736288805502,32768.0,993.1035181245534,0.2651704073150457,0.7348295926849543,44.21249210307565,1384.9876461976116,1.7535160396650762,0.23092728460709838,0.0,audio_763.wav,5.0
60.0746875,16000,1635.1176765748341,27995.0,830.0468999526631,0.046960865945045796,0.9530391340549542,57.253528153621986,1269.7409187871365,1.9245955490815265,0.1372418055044039,0.0,audio_498.wav,2.0
45.06,16000,570.3973643251062,5660.0,347.4060585885486,0.10857015985790408,0.8914298401420959,40.16782859680284,390.5411182190426,1.250586602276817,0.07223711750598855,0.0,audio_1.wav,3.5
60.0746875,16000,2037.9253746209888,32311.0,982.6885356249252,0.27027477102414654,0.7297252289758535,43.83801509159034,1509.081849125107,2.118521618067646,0.18163450874641332,0.0,audio_304.wav,5.0
60.0746875,16000,1186.746111911117,31408.0,466.8674618573755,0.44163197335553706,0.558368026644463,33.54378471065779,970.8728916163127,2.2365241188323295,0.26770350210259325,0.0,audio_347.wav,5.0
60.0746875,16000,2345.224489919799,27662.0,1280.7904878822715,0.337052456286428,0.662947543713572,39.82636651748543,1741.9073273736358,1.5035817699926557,0.16751665116511338,0.0,audio_560.wav,4.0
61.0346875,16000,2407.1029854455055,32767.0,1290.1100583172479,0.42747090640878543,0.5725290935912146,34.944134311998035,1832.2950321856415,1.2326484706927328,0.1291224038814034,0.0,audio_452.wav,3.5
60.0746875,16000,2207.6190057912922,29960.0,1309.00860803479,0.2557868442964196,0.7442131557035804,44.708372762281435,1557.4471391064926,1.5746556762932054,0.09745171110098481,0.0,audio_716.wav,4.5
61.0346875,16000,1360.3208776295173,25492.0,725.4801460235215,0.00016390755613833797,0.9998360924438616,61.024683453532205,1006.9734985145378,1.6391870740466477,0.12421637717934697,0.0,audio_473.wav,2.0
45.06,16000,117.20135275572488,1383.0,65.44977529960053,0.2932948490230906,0.7067051509769093,31.844134103019535,84.97136284954256,2.0156967611174346,0.22764540008516435,0.0,audio_95.wav,4.0
60.0746875,16000,2456.3651089744203,30452.0,1323.0382471818934,0.38251457119067445,0.6174854288093256,37.09524417152373,1862.475275619171,1.8471434879426412,0.16699438406814857,0.0,audio_732.wav,4.0
60.0106875,16000,1887.4035453355943,30743.0,891.6862079775374,0.3595599266544424,0.6404400733455575,38.433249104017335,1520.7257816069048,3.127216292758511,0.17730818500890466,0.0,audio_292.wav,5.0
60.0746875,16000,2876.3405032515707,29700.0,1630.8214389379887,0.28226477935054123,0.7177352206494587,43.11771908825978,2044.3945255032118,1.0869410439240335,0.10103787580862969,0.0,audio_469.wav,2.5
60.0746875,16000,2767.371575932518,32692.0,1572.9156248211862,0.2427976686094921,0.7572023313905079,45.488693432556204,1921.5896784432668,1.244305136777287,0.13264543890203226,0.0,audio_329.wav,2.0
60.08,16000,1540.5493355882397,23238.0,654.0217199983356,0.4267399267399267,0.5732600732600732,34.4414652014652,1288.513369944805,2.890241470576642,0.20829852727459977,0.0,audio_169.wav,2.0
60.0746875,16000,2242.426419380594,30487.0,1075.1679908863446,0.4151540383014155,0.5848459616985845,35.134438384679434,1781.5520684592113,1.875934692897519,0.15499784642850456,0.0,audio_174.wav,2.5
60.0746875,16000,1835.6393284416306,31514.0,896.7779763731605,0.48226477935054124,0.5177352206494588,31.102781588259784,1486.8344279682135,1.7294830798555183,0.14261637088870718,0.0,audio_513.wav,2.5
60.0746875,16000,2304.0586300819323,24532.0,1253.0060508013462,0.3613655287260616,0.6386344712739385,38.36576628850958,1705.933822072947,0.9936141998569175,0.14377326533457346,0.0,audio_584.wav,3.0
60.0746875,16000,1662.5470529026818,32767.0,701.5284338765807,0.4158201498751041,0.5841798501248959,35.09442194004996,1358.1533417209573,2.615953289713925,0.23143610967192887,0.0,audio_345.wav,5.0
60.0746875,16000,2773.7970246288114,20038.0,1639.5671877194534,0.22447960033305578,0.7755203996669442,46.58914565986678,1949.8730693209493,0.8361039880250375,0.16003637142970098,0.0,audio_750.wav,4.0
45.06,16000,1098.855067556988,8337.0,514.3487572126054,0.3949822380106572,0.6050177619893429,27.26210035523979,859.84391047941,1.1882354367016403,0.1408734754680918,0.0,audio_116.wav,3.0
45.0,16000,718.9103711878059,5693.0,439.49167083333333,0.16985326811916407,0.830146731880836,37.35660293463762,484.16426473503674,0.7982794663281972,0.13551824377533858,0.0,audio_114.wav,2.5
61.04,16000,2301.657398499698,25124.0,1188.5582425458715,0.27941658472631925,0.7205834152736807,43.98441166830547,1771.090279976975,2.1313000688224744,0.2277300005426775,0.0,audio_157.wav,3.0
60.0746875,16000,2074.2671333991334,27886.0,1063.493112219685,0.37968359700249793,0.6203164029975021,37.26531406119901,1580.7520284182908,1.2019882660023342,0.127732798997913,0.0,audio_385.wav,4.5
60.08,16000,1034.1731662206973,20868.0,392.38880034953394,0.6396936396936397,0.3603063603063603,21.64720612720613,905.8305326648536,1.9805644691678357,0.12056437309043472,0.0,audio_264.wav,2.5
60.0746875,16000,1400.4878187142103,26863.0,718.1323748042801,0.21548709408825978,0.7845129059117402,47.12936766236469,984.9495301659846,1.662604090284872,0.18040166709321948,0.0,audio_390.wav,5.0
60.0746875,16000,2101.5644634434843,27004.0,1066.3952361383485,0.4076602830974188,0.5923397169025812,35.58462338676104,1595.1510122451039,1.1997505858280113,0.13386683645549183,0.0,audio_766.wav,4.5
49.4506875,16000,2215.1577985632634,25488.0,1167.802524231842,0.2820149706655877,0.7179850293344123,35.504853315294355,1632.6336283012397,1.215468847975813,0.13790776152980877,0.0,audio_571.wav,2.0
60.0106875,16000,2163.163625317348,25045.0,1099.3880412968106,0.3972328721453576,0.6027671278546425,36.172469744957496,1665.7630006688375,1.3111427882952498,0.1127029588510368,0.0,audio_393.wav,4.5
39.2533125,16000,1354.7561517361116,18973.0,728.9360754585998,0.0002549069589599796,0.99974509304104,39.24330655748152,1019.681394896679,2.303986240050278,0.11767974626304828,0.0,audio_691.wav,4.0
